listing_id,name,host_id,host_since,host_location,host_response_time,host_response_rate,host_acceptance_rate,host_is_superhost,host_total_listings_count,host_has_profile_pic,host_identity_verified,neighbourhood,district,city,latitude,longitude,property_type,room_type,accommodates,bedrooms,amenities,price,minimum_nights,maximum_nights,review_scores_rating,review_scores_accuracy,review_scores_cleanliness,review_scores_checkin,review_scores_communication,review_scores_location,review_scores_value,instant_bookable
1,"Entire home/apt in Bugis, Singapore",1001,2022-08-03,Singapore,a few days or more,64,78,False,10,True,True,Bugis,West,Singapore,1.392815,103.835694,House,Entire home/apt,3,2,Wifi|Air conditioning|Washer,207.51,1,60,3.62,3.67,3.42,3.5,3.9,3.52,3.27,True
2,"Private room in Bangsar, Kuala Lumpur",1002,2025-05-05,Kuala Lumpur,within a day,72,63,False,11,True,True,Bangsar,West,Kuala Lumpur,3.150287,101.67246,House,Private room,8,4,Pool|Heating|Washer|Air conditioning|Wifi|Workspace|TV|Kitchen|Elevator|Iron|Free parking|Gym,205.49,7,30,3.7,3.7,3.4,3.86,3.58,3.63,3.79,False
3,"Private room in Makati, Manila",1003,2015-05-12,Manila,within a day,64,58,False,9,True,True,Makati,North,Manila,14.566887,120.980173,House,Private room,1,1,Workspace|Pool|Washer|Elevator|Gym|Iron|Heating|Air conditioning|Kitchen|Wifi|TV|Free parking,80.6,1,30,4.54,4.67,4.23,4.42,4.68,4.6,4.33,False
4,"Shared room in Senayan, Jakarta",1004,2016-04-14,Jakarta,within an hour,90,69,False,14,True,True,Senayan,South,Jakarta,-6.20161,106.81274,House,Shared room,1,1,Air conditioning|Free parking|Gym|Kitchen|Elevator|Wifi|Pool|TV,75.42,3,60,4.95,4.73,5.0,5.0,5.0,4.97,4.55,True
5,"Private room in Bugis, Singapore",1005,2017-09-13,Singapore,within a day,75,92,False,11,True,False,Bugis,West,Singapore,1.394654,103.837237,House,Private room,5,2,Air conditioning|TV|Kitchen|Heating|Elevator|Free parking|Workspace|Iron|Washer|Wifi,127.17,2,1125,4.87,4.8,4.62,4.7,4.68,4.9,4.76,True
6,"Private room in Tiong Bahru, Singapore",1006,2017-09-01,Singapore,within an hour,53,75,False,12,True,True,Tiong Bahru,West,Singapore,1.393907,103.79933,Apartment,Private room,6,3,Heating|Elevator|Washer|Iron|Gym|Air conditioning|Wifi|Pool|Workspace|TV|Kitchen|Free parking,145.9,1,60,4.04,3.84,3.96,3.91,3.93,4.02,4.08,True
7,"Private room in Makati, Manila",1007,2025-05-22,Manila,a few days or more,59,62,False,5,True,True,Makati,East,Manila,14.573234,120.985116,Apartment,Private room,1,1,Washer|Gym|Wifi|Kitchen|Iron|Heating|Workspace|TV|Pool|Air conditioning,121.29,1,1125,3.96,4.03,3.6,3.92,3.79,3.95,4.02,False
8,"Private room in Orchard, Singapore",1008,2022-07-28,Singapore,within a day,79,70,False,15,True,True,Orchard,Central,Singapore,1.365338,103.817978,Apartment,Private room,2,1,Washer|Heating|Iron|Wifi|Air conditioning|Workspace|Pool|Free parking|Kitchen|Elevator|TV|Gym,106.73,1,365,3.63,3.64,3.57,3.48,3.7,3.63,3.3,True
9,"Entire home/apt in Tiong Bahru, Singapore",1009,2022-11-21,Singapore,within a few hours,93,90,False,14,True,False,Tiong Bahru,West,Singapore,1.392416,103.799861,House,Entire home/apt,8,4,Wifi|Iron|TV|Free parking|Air conditioning|Elevator|Kitchen|Workspace|Heating|Pool|Washer,286.86,3,365,3.69,3.52,3.83,3.52,3.81,3.89,3.31,True
10,"Private room in Thonglor, Bangkok",1010,2016-04-03,Bangkok,within an hour,72,99,True,9,True,False,Thonglor,North,Bangkok,13.748616,100.546861,Condominium,Private room,7,4,Wifi|Pool|Heating|TV|Kitchen|Washer|Air conditioning|Workspace|Elevator|Iron|Free parking,225.85,3,60,4.82,4.98,4.56,4.7,5.0,4.63,4.63,True
11,"Entire home/apt in KLCC, Kuala Lumpur",1011,2015-06-08,Kuala Lumpur,a few days or more,93,84,False,6,True,True,KLCC,Central,Kuala Lumpur,3.125237,101.69017,Condominium,Entire home/apt,2,1,Pool|Free parking|Washer|Heating|Wifi|Workspace|Air conditioning|TV|Kitchen|Gym,185.04,1,90,4.76,4.55,4.94,4.69,4.61,4.72,4.72,True
12,"Entire home/apt in Malate, Manila",1012,2022-12-13,Manila,within a day,92,76,False,6,True,True,Malate,North,Manila,14.586828,120.995588,Apartment,Entire home/apt,4,2,Pool|Gym|Air conditioning|Workspace|TV|Elevator,187.01,7,90,4.73,4.71,4.45,4.86,4.72,4.88,4.42,False
13,"Entire home/apt in Senayan, Jakarta",1013,2021-07-03,Jakarta,within a few hours,93,69,False,4,True,True,Senayan,East,Jakarta,-6.203323,106.807768,Apartment,Entire home/apt,4,2,TV|Elevator|Kitchen|Air conditioning|Free parking|Iron,196.64,1,30,4.39,4.11,4.58,4.5,4.57,4.36,4.43,False
14,"Entire home/apt in Kemang, Jakarta",1014,2024-08-25,Jakarta,a few days or more,92,83,False,9,True,True,Kemang,South,Jakarta,-6.230762,106.821163,Loft,Entire home/apt,1,1,Workspace|TV|Elevator|Wifi|Washer,182.1,2,365,4.85,4.86,4.88,4.9,5.0,4.88,4.9,False
15,"Private room in Kemang, Jakarta",1015,2020-11-05,Jakarta,within an hour,76,76,False,6,True,True,Kemang,South,Jakarta,-6.223891,106.828039,House,Private room,5,2,Washer|Free parking|Pool|Heating|Air conditioning|Elevator|Gym,156.12,2,365,3.62,3.35,3.72,3.61,3.8,3.89,3.23,False
16,"Entire home/apt in BGC, Manila",1016,2019-05-17,Manila,within an hour,75,87,False,10,True,False,BGC,Central,Manila,14.584812,120.970461,Loft,Entire home/apt,6,3,Heating|Washer|Elevator|Iron|Free parking|TV|Gym|Wifi|Pool|Air conditioning|Kitchen,223.42,1,365,4.5,4.27,4.38,4.33,4.49,4.33,4.26,False
17,"Entire home/apt in Kemang, Jakarta",1017,2023-05-27,Jakarta,within a few hours,80,92,False,2,True,False,Kemang,South,Jakarta,-6.231974,106.821391,Loft,Entire home/apt,2,1,Iron|Wifi|Workspace|Washer,164.87,1,365,3.56,3.61,3.62,3.44,3.66,3.71,3.22,False
18,"Entire home/apt in Bukit Bintang, Kuala Lumpur",1018,2025-03-08,Kuala Lumpur,within an hour,100,86,False,13,True,True,Bukit Bintang,Central,Kuala Lumpur,3.145304,101.672777,Serviced apartment,Entire home/apt,5,2,Heating|Iron|Washer|Air conditioning,235.67,2,1125,4.45,4.36,4.27,4.5,4.42,4.66,4.46,True
19,"Private room in Bangsar, Kuala Lumpur",1019,2020-11-07,Kuala Lumpur,within a day,51,81,False,14,True,True,Bangsar,West,Kuala Lumpur,3.149497,101.6761,Loft,Private room,7,4,Elevator|Workspace|Gym|Free parking|Pool|Heating|Air conditioning|Wifi|Kitchen|Iron|TV,179.69,1,365,4.55,4.36,4.63,4.52,4.79,4.67,4.29,True
20,"Private room in Sukhumvit, Bangkok",1020,2017-09-11,Bangkok,within a day,80,85,False,9,True,True,Sukhumvit,West,Bangkok,13.748321,100.463867,Condominium,Private room,8,4,Air conditioning|Free parking|Washer,231.53,2,1125,3.93,3.8,3.95,3.87,3.86,3.7,3.63,True
21,"Entire home/apt in Malate, Manila",1021,2021-08-11,Manila,within a day,52,53,False,9,True,True,Malate,West,Manila,14.578361,120.998394,Condominium,Entire home/apt,8,4,Washer|Free parking|Workspace|Pool,281.21,7,60,3.52,3.54,3.57,3.37,3.33,3.39,3.36,True
22,"Entire home/apt in Katong, Singapore",1022,2015-10-31,Singapore,a few days or more,69,86,False,10,True,True,Katong,Central,Singapore,1.367593,103.827743,Loft,Entire home/apt,2,1,Free parking|Air conditioning|Washer|Iron|Gym|Workspace|Elevator|Pool|TV|Kitchen|Heating|Wifi,161.04,3,30,4.84,5.0,4.56,4.75,4.97,4.63,4.53,True
23,"Private room in Jurong East, Singapore",1023,2017-08-06,Singapore,within a day,59,54,False,1,True,True,Jurong East,East,Singapore,1.36627,103.81013,Loft,Private room,8,4,Iron|Washer|Free parking|Workspace,192.02,2,1125,3.97,4.04,3.91,3.91,3.83,4.08,3.92,False
24,"Entire home/apt in Malate, Manila",1024,2023-03-28,Manila,within a day,92,56,False,14,True,True,Malate,East,Manila,14.583831,120.996884,Loft,Entire home/apt,1,1,Heating|Wifi|Free parking|Iron|Kitchen|Washer|Workspace|Gym|Elevator|TV|Air conditioning|Pool,181.92,2,365,4.94,4.99,4.71,5.0,5.0,4.97,4.77,True
25,"Private room in Bukit Bintang, Kuala Lumpur",1025,2021-01-31,Kuala Lumpur,within a few hours,69,85,False,1,True,True,Bukit Bintang,South,Kuala Lumpur,3.149245,101.674157,Loft,Private room,1,1,Elevator|Iron|Workspace|Wifi|Washer|Kitchen|Free parking|Air conditioning|Gym|Pool|Heating|TV,104.17,2,30,3.25,3.06,3.35,3.11,3.52,3.34,2.93,False
26,"Entire home/apt in Bangsar, Kuala Lumpur",1026,2017-09-25,Kuala Lumpur,within a day,85,98,False,9,True,True,Bangsar,North,Kuala Lumpur,3.148018,101.673894,House,Entire home/apt,8,4,TV|Kitchen|Air conditioning|Free parking|Gym|Iron|Workspace|Elevator|Wifi|Heating|Pool|Washer,294.91,2,90,4.76,4.89,4.95,4.68,4.75,4.97,4.57,True
27,"Entire home/apt in Senayan, Jakarta",1027,2015-06-01,Jakarta,within a few hours,54,80,True,13,True,False,Senayan,West,Jakarta,-6.209024,106.817099,Loft,Entire home/apt,3,2,Elevator|Air conditioning|TV|Workspace,194.24,2,1125,3.23,3.28,3.22,3.46,3.46,3.45,3.02,True
28,"Private room in Senayan, Jakarta",1028,2025-04-30,Jakarta,within an hour,68,72,False,6,True,True,Senayan,North,Jakarta,-6.199913,106.807199,Apartment,Private room,4,2,Iron|Air conditioning|Elevator|Kitchen,142.71,1,60,4.45,4.42,4.39,4.65,4.33,4.2,4.49,False
29,"Entire home/apt in Chinatown, Bangkok",1029,2020-02-26,Bangkok,a few days or more,69,62,False,7,True,True,Chinatown,North,Bangkok,13.793712,100.530824,Serviced apartment,Entire home/apt,8,4,Iron|TV|Kitchen|Air conditioning|Elevator|Heating|Free parking,301.08,1,60,3.74,3.63,3.56,3.69,3.89,3.45,3.76,True
30,"Private room in Orchard, Singapore",1030,2025-02-15,Singapore,within a few hours,55,68,False,6,True,True,Orchard,North,Singapore,1.365879,103.816873,Apartment,Private room,8,4,Washer|Iron|Workspace|Free parking|Kitchen|Pool|Wifi|Gym,221.81,1,60,3.76,3.53,3.68,4.05,3.83,4.01,3.78,True
31,"Private room in Kemang, Jakarta",1031,2016-07-30,Jakarta,a few days or more,90,73,False,2,True,True,Kemang,East,Jakarta,-6.22323,106.822708,House,Private room,8,4,TV|Pool|Air conditioning|Gym|Wifi|Kitchen|Free parking|Elevator|Washer,228.96,2,30,3.86,3.87,4.03,3.82,3.97,3.95,3.78,True
32,"Entire home/apt in Bangsar, Kuala Lumpur",1032,2018-05-31,Kuala Lumpur,within a day,52,94,False,6,True,True,Bangsar,East,Kuala Lumpur,3.150047,101.679351,Loft,Entire home/apt,1,1,Kitchen|Gym|Elevator|Pool|Iron|Free parking|TV|Air conditioning|Washer|Workspace|Wifi,185.04,2,365,4.7,4.88,4.81,4.55,4.84,4.73,4.79,True
33,"Shared room in Kemang, Jakarta",1033,2017-05-18,Jakarta,within a few hours,100,88,False,1,True,True,Kemang,West,Jakarta,-6.222462,106.822358,Condominium,Shared room,8,4,Washer|Kitchen|Heating|Workspace|Air conditioning|Gym|Free parking|Elevator,176.04,1,60,4.26,4.23,4.34,4.11,4.49,4.04,4.04,False
34,"Entire home/apt in BGC, Manila",1034,2019-09-21,Manila,a few days or more,75,77,False,11,True,True,BGC,Central,Manila,14.582446,120.9598,Apartment,Entire home/apt,1,1,TV|Heating|Air conditioning|Elevator|Washer|Free parking|Wifi|Gym,139.97,2,365,3.74,3.48,3.39,3.84,3.57,3.61,3.66,False
35,"Entire home/apt in KLCC, Kuala Lumpur",1035,2019-10-29,Kuala Lumpur,within a few hours,93,80,True,2,True,True,KLCC,Central,Kuala Lumpur,3.117385,101.689879,Serviced apartment,Entire home/apt,8,4,Workspace|Washer|Gym|Elevator|Iron|TV|Kitchen|Heating|Free parking|Air conditioning|Wifi,293.81,1,30,3.76,3.68,3.81,3.75,3.63,3.5,3.84,False
36,"Private room in Jurong East, Singapore",1036,2023-02-01,Singapore,within a day,57,98,True,5,True,True,Jurong East,South,Singapore,1.362427,103.803657,House,Private room,7,4,Heating|TV|Washer|Kitchen,217.75,1,365,4.38,4.5,4.56,4.59,4.49,4.47,3.99,False
37,"Entire home/apt in Bukit Bintang, Kuala Lumpur",1037,2018-12-08,Kuala Lumpur,within an hour,53,59,True,3,True,False,Bukit Bintang,South,Kuala Lumpur,3.145425,101.668458,Condominium,Entire home/apt,5,2,Air conditioning|Kitchen|Wifi|Workspace|Washer|Elevator|Gym|Pool|Iron,254.68,1,30,3.48,3.32,3.48,3.52,3.5,3.34,3.46,True
38,"Private room in Menteng, Jakarta",1038,2018-06-17,Jakarta,within an hour,50,81,True,12,True,True,Menteng,North,Jakarta,-6.219918,106.827752,House,Private room,8,4,Washer|Free parking|Workspace,204.98,1,60,4.58,4.47,4.6,4.63,4.8,4.76,4.22,False
39,"Entire home/apt in Jurong East, Singapore",1039,2021-06-16,Singapore,a few days or more,56,65,False,7,True,True,Jurong East,South,Singapore,1.368011,103.806701,Apartment,Entire home/apt,2,1,Air conditioning|Gym|Wifi|Pool|Kitchen|Iron|Free parking,186.42,2,1125,4.03,3.77,4.15,4.2,3.94,4.2,3.67,False
40,"Private room in Malate, Manila",1040,2024-03-08,Manila,a few days or more,93,86,False,11,True,True,Malate,South,Manila,14.587245,121.001103,Condominium,Private room,6,3,Washer|Kitchen|Heating|Iron|Air conditioning|Elevator|Pool,186.31,2,90,4.09,3.87,3.73,4.11,4.04,3.95,3.72,False
41,"Entire home/apt in KLCC, Kuala Lumpur",1041,2015-11-11,Kuala Lumpur,within a day,95,55,False,9,True,False,KLCC,East,Kuala Lumpur,3.119041,101.696552,Loft,Entire home/apt,6,3,TV|Gym|Elevator|Workspace|Wifi|Washer|Free parking|Air conditioning|Kitchen|Iron|Pool|Heating,252.74,1,60,4.92,4.97,5.0,4.98,5.0,4.84,4.98,True
42,"Entire home/apt in Bangsar, Kuala Lumpur",1042,2016-01-23,Kuala Lumpur,within a few hours,92,94,False,14,True,True,Bangsar,South,Kuala Lumpur,3.150381,101.672024,Serviced apartment,Entire home/apt,6,3,Kitchen|Pool|Air conditioning|Workspace|Iron|TV|Elevator|Washer|Heating|Gym|Wifi|Free parking,235.63,1,365,4.21,4.16,3.82,4.16,4.49,4.12,4.19,True
43,"Entire home/apt in Silom, Bangkok",1043,2021-01-19,Bangkok,a few days or more,73,93,False,12,True,False,Silom,East,Bangkok,13.769491,100.462409,Apartment,Entire home/apt,2,1,Heating|Kitchen|Workspace|Gym|Iron|Air conditioning|TV|Free parking,166.92,2,1125,4.66,4.5,4.71,4.68,4.73,4.55,4.66,True
44,"Shared room in Thonglor, Bangkok",1044,2023-09-23,Bangkok,within an hour,68,55,False,13,True,True,Thonglor,East,Bangkok,13.757306,100.552403,Serviced apartment,Shared room,8,4,Heating|Kitchen|Free parking|Wifi|Elevator|Gym,213.32,2,365,3.87,4.02,3.56,3.89,4.14,3.7,3.7,True
45,"Entire home/apt in Jurong East, Singapore",1045,2015-12-01,Singapore,within a day,63,59,False,9,True,True,Jurong East,South,Singapore,1.359799,103.803309,Apartment,Entire home/apt,6,3,Kitchen|Workspace|Wifi|Free parking|Elevator|Pool|Air conditioning|Washer,219.97,3,365,4.01,3.77,3.78,3.96,3.83,3.96,4.01,True
46,"Entire home/apt in Jurong East, Singapore",1046,2018-04-08,Singapore,within a day,66,97,False,1,True,True,Jurong East,West,Singapore,1.365377,103.809986,Serviced apartment,Entire home/apt,4,2,Kitchen|Iron|Air conditioning|TV|Pool|Wifi|Free parking|Elevator|Gym,237.52,1,90,3.9,3.72,3.89,3.75,3.99,4.05,3.57,True
47,"Private room in Bangsar, Kuala Lumpur",1047,2020-05-14,Kuala Lumpur,within a day,72,99,False,1,True,False,Bangsar,West,Kuala Lumpur,3.143099,101.675845,Condominium,Private room,8,4,Wifi|Free parking|Washer|Workspace|Heating|TV|Kitchen|Pool|Elevator|Iron,254.95,2,30,4.05,4.15,3.91,4.05,4.07,4.32,3.82,True
48,"Entire home/apt in Kemang, Jakarta",1048,2015-11-20,Jakarta,within a day,78,52,False,12,True,False,Kemang,West,Jakarta,-6.227105,106.82784,Serviced apartment,Entire home/apt,2,1,Pool|Air conditioning|Iron|Workspace|Free parking|Kitchen|Washer,203.99,3,365,4.28,4.12,4.47,4.55,4.12,4.36,4.06,False
49,"Private room in Sukhumvit, Bangkok",1049,2015-10-03,Bangkok,within an hour,97,61,False,8,True,True,Sukhumvit,South,Bangkok,13.748745,100.467426,Condominium,Private room,8,4,Wifi|Heating|Kitchen|Elevator|Pool|Iron|Washer|Workspace|Air conditioning|Gym|TV|Free parking,202.91,2,1125,3.77,3.53,3.83,3.92,3.68,3.84,3.72,False
50,"Private room in Sukhumvit, Bangkok",1050,2022-12-31,Bangkok,within a few hours,100,58,False,4,True,True,Sukhumvit,North,Bangkok,13.751506,100.457356,Condominium,Private room,8,4,Iron|Pool|Air conditioning|TV|Free parking|Kitchen|Heating|Workspace,210.5,1,90,4.63,4.61,4.45,4.83,4.71,4.7,4.27,True
51,"Private room in Senayan, Jakarta",1051,2018-07-22,Jakarta,within a few hours,70,95,False,4,True,True,Senayan,West,Jakarta,-6.204537,106.810297,Loft,Private room,2,1,Kitchen|TV|Heating|Workspace|Iron|Washer|Free parking|Wifi,80.89,3,90,4.7,4.82,4.45,4.82,4.78,4.48,4.45,False
52,"Private room in Malate, Manila",1052,2022-01-01,Manila,within a day,80,65,False,13,True,True,Malate,North,Manila,14.584738,120.999687,Condominium,Private room,3,2,Wifi|Workspace|Air conditioning|Iron|Free parking|Pool|Heating|Elevator|Washer|Kitchen|TV|Gym,136.42,2,365,4.8,4.54,4.44,4.82,4.84,4.62,4.7,True
53,"Shared room in Bangsar, Kuala Lumpur",1053,2020-10-10,Kuala Lumpur,within a few hours,70,86,False,12,True,True,Bangsar,West,Kuala Lumpur,3.147677,101.679634,House,Shared room,3,2,Elevator|Washer|Kitchen|Air conditioning|Wifi|Heating|Iron,113.84,1,60,4.76,4.71,4.67,4.81,4.71,4.47,4.83,False
54,"Entire home/apt in Silom, Bangkok",1054,2021-09-13,Bangkok,within a day,54,74,False,9,True,True,Silom,North,Bangkok,13.774247,100.461507,Serviced apartment,Entire home/apt,1,1,Wifi|Air conditioning|Gym|Kitchen|Free parking|Pool|TV|Washer|Heating|Workspace|Iron,173.47,3,90,3.29,3.4,3.26,3.4,3.15,3.05,3.08,False
55,"Entire home/apt in BGC, Manila",1055,2015-07-05,Manila,a few days or more,95,86,True,5,True,True,BGC,North,Manila,14.580814,120.965543,Condominium,Entire home/apt,7,4,Elevator|Kitchen|Heating|TV|Iron|Workspace|Free parking|Gym|Air conditioning|Washer|Pool,287.5,1,90,4.27,4.14,3.94,4.28,4.22,4.51,4.31,False
56,"Shared room in BGC, Manila",1056,2021-07-18,Manila,a few days or more,97,96,False,1,True,True,BGC,East,Manila,14.579682,120.961873,House,Shared room,4,2,Kitchen|Iron|Washer|Wifi|Air conditioning|Elevator|TV|Heating|Workspace,117.68,3,60,3.95,3.93,4.15,3.99,3.94,4.22,3.78,False
57,"Private room in BGC, Manila",1057,2018-02-16,Manila,within an hour,86,93,False,9,False,True,BGC,North,Manila,14.584271,120.962708,House,Private room,4,2,Free parking|Washer|Elevator|Pool|Heating|Kitchen|Workspace,160.65,2,90,4.88,5.0,4.96,4.83,4.82,5.0,4.65,True
58,"Entire home/apt in Bangsar, Kuala Lumpur",1058,2022-10-22,Kuala Lumpur,within a few hours,50,85,False,15,True,True,Bangsar,East,Kuala Lumpur,3.146623,101.673751,Loft,Entire home/apt,5,2,Washer|Wifi|TV|Workspace|Heating|Iron,230.32,2,365,3.38,3.32,3.1,3.66,3.34,3.47,3.43,True
59,"Private room in Makati, Manila",1059,2016-12-18,Manila,within an hour,50,69,False,10,True,False,Makati,South,Manila,14.573291,120.984283,Serviced apartment,Private room,1,1,Gym|Elevator|Kitchen,143.23,1,90,4.89,4.73,5.0,4.96,4.94,5.0,4.92,True
60,"Entire home/apt in Sukhumvit, Bangkok",1060,2023-01-22,Bangkok,within an hour,66,74,True,4,True,True,Sukhumvit,North,Bangkok,13.75113,100.46713,House,Entire home/apt,8,4,Iron|Washer|Kitchen|Gym|TV|Free parking|Heating|Wifi|Workspace|Pool|Elevator|Air conditioning,276.66,2,90,4.97,4.82,5.0,4.78,5.0,5.0,4.6,True
61,"Private room in Bukit Bintang, Kuala Lumpur",1061,2022-03-01,Kuala Lumpur,within a few hours,98,65,False,11,True,True,Bukit Bintang,South,Kuala Lumpur,3.152639,101.673654,Loft,Private room,5,2,Kitchen|Elevator|Workspace|Iron|Pool|Washer,151.97,1,1125,4.46,4.38,4.48,4.3,4.54,4.2,4.33,False
62,"Entire home/apt in Malate, Manila",1062,2017-04-21,Manila,within an hour,97,63,False,10,True,True,Malate,Central,Manila,14.586871,120.996735,Condominium,Entire home/apt,8,4,Wifi|Elevator|Kitchen|TV|Gym|Washer|Free parking|Workspace|Iron|Heating,272.39,1,365,4.65,4.52,4.29,4.95,4.92,4.39,4.72,True
63,"Private room in Menteng, Jakarta",1063,2024-12-29,Jakarta,within an hour,98,51,False,5,True,False,Menteng,North,Jakarta,-6.220354,106.82695,Condominium,Private room,7,4,Air conditioning|Iron|TV|Kitchen|Pool|Wifi|Workspace|Free parking|Washer,215.6,7,1125,4.15,4.06,3.98,4.06,4.18,3.94,3.84,False
64,"Private room in Bugis, Singapore",1064,2015-10-03,Singapore,within an hour,58,82,True,5,True,True,Bugis,East,Singapore,1.392068,103.838012,Loft,Private room,1,1,Washer|Wifi|Gym,81.24,7,1125,3.99,3.85,3.95,4.13,3.95,3.87,3.66,False
65,"Entire home/apt in Chinatown, Bangkok",1065,2019-10-16,Bangkok,within a few hours,79,53,False,9,True,True,Chinatown,North,Bangkok,13.784872,100.53283,House,Entire home/apt,3,2,TV|Pool|Gym|Heating|Kitchen|Elevator|Washer|Air conditioning|Iron,201.43,2,1125,3.63,3.59,3.46,3.56,3.6,3.38,3.45,True
66,"Entire home/apt in Malate, Manila",1066,2021-10-05,Manila,within a few hours,75,65,True,9,True,True,Malate,West,Manila,14.587243,121.002957,Condominium,Entire home/apt,7,4,Workspace|Iron|TV|Washer|Elevator|Air conditioning|Kitchen|Pool|Wifi|Heating|Free parking|Gym,297.05,2,365,4.54,4.47,4.53,4.49,4.52,4.77,4.37,False
67,"Entire home/apt in Kemang, Jakarta",1067,2024-09-09,Jakarta,a few days or more,79,60,False,12,True,True,Kemang,West,Jakarta,-6.226355,106.828245,Condominium,Entire home/apt,7,4,Heating|Gym|Free parking|Kitchen|Washer|TV|Air conditioning|Elevator|Pool|Workspace|Iron|Wifi,262.51,1,60,4.57,4.63,4.46,4.83,4.64,4.66,4.2,True
68,"Entire home/apt in Bugis, Singapore",1068,2016-09-10,Singapore,a few days or more,61,56,True,15,True,True,Bugis,Central,Singapore,1.389031,103.834986,Apartment,Entire home/apt,4,2,Iron|Workspace|Heating|Elevator|TV|Wifi|Gym|Free parking|Washer|Pool|Kitchen|Air conditioning,176.74,3,60,4.16,3.98,4.13,4.09,4.14,4.34,3.8,False
69,"Shared room in Senayan, Jakarta",1069,2024-04-14,Jakarta,within a few hours,55,81,False,14,True,True,Senayan,North,Jakarta,-6.205042,106.814288,Condominium,Shared room,4,2,Air conditioning|Gym|Iron,119.5,7,90,3.88,3.86,3.99,3.73,3.94,3.61,3.59,False
70,"Entire home/apt in BGC, Manila",1070,2018-02-22,Manila,within a day,74,98,False,12,True,True,BGC,East,Manila,14.581527,120.96962,House,Entire home/apt,2,1,Wifi|Washer|Heating|Kitchen|Gym|Workspace|TV|Air conditioning,176.64,7,30,4.22,4.17,4.4,4.05,4.24,4.42,3.99,False
71,"Entire home/apt in BGC, Manila",1071,2020-01-20,Manila,within a few hours,97,74,False,6,True,True,BGC,West,Manila,14.575711,120.961277,House,Entire home/apt,5,2,Kitchen|Iron|Heating|Gym|Air conditioning|TV|Free parking|Workspace|Elevator,222.1,1,30,4.48,4.18,4.26,4.46,4.41,4.26,4.17,True
72,"Entire home/apt in Malate, Manila",1072,2016-01-17,Manila,within a few hours,86,83,False,3,True,True,Malate,North,Manila,14.586889,120.998699,Loft,Entire home/apt,2,1,Free parking|Gym|Iron,158.47,1,60,4.6,4.43,4.36,4.47,4.48,4.47,4.35,False
73,"Private room in KLCC, Kuala Lumpur",1073,2017-03-11,Kuala Lumpur,a few days or more,70,61,False,7,True,True,KLCC,West,Kuala Lumpur,3.120873,101.695164,Condominium,Private room,8,4,Pool|Heating|Gym|Workspace|Elevator|Kitchen|Washer|Free parking|Air conditioning,233.66,2,365,3.74,3.92,3.81,3.7,3.68,3.91,3.52,False
74,"Entire home/apt in Silom, Bangkok",1074,2017-05-08,Bangkok,a few days or more,87,75,False,9,True,True,Silom,South,Bangkok,13.768393,100.469045,Serviced apartment,Entire home/apt,8,4,Iron|Elevator|Kitchen|Free parking|Washer|Heating|Pool|Air conditioning|Workspace,317.86,7,365,4.62,4.59,4.69,4.6,4.87,4.64,4.54,True
75,"Private room in Thonglor, Bangkok",1075,2022-03-27,Bangkok,within a few hours,72,51,False,8,True,True,Thonglor,Central,Bangkok,13.750788,100.553135,Condominium,Private room,1,1,Air conditioning|Wifi|Workspace|Free parking|Washer|TV|Pool|Gym|Heating,123.98,2,365,4.0,4.16,3.65,4.22,4.17,3.91,3.77,False
76,"Entire home/apt in BGC, Manila",1076,2020-01-28,Manila,within a few hours,71,85,False,7,True,True,BGC,North,Manila,14.583612,120.965618,House,Entire home/apt,8,4,Wifi|Pool|Air conditioning|Kitchen,280.71,1,365,4.87,4.88,4.58,5.0,4.87,5.0,4.91,True
77,"Private room in Kemang, Jakarta",1077,2022-11-22,Jakarta,a few days or more,89,61,False,14,True,True,Kemang,West,Jakarta,-6.225174,106.823738,Apartment,Private room,4,2,Kitchen|Pool|Iron|Washer|Elevator|Wifi|Workspace|TV|Heating|Free parking|Air conditioning,123.31,3,1125,4.3,4.04,3.98,4.16,4.25,4.11,4.25,False
78,"Private room in Senayan, Jakarta",1078,2022-02-16,Jakarta,within a day,50,81,False,3,True,False,Senayan,East,Jakarta,-6.20065,106.81408,Condominium,Private room,7,4,TV|Kitchen|Elevator|Free parking|Iron,205.22,2,1125,3.54,3.49,3.44,3.68,3.55,3.74,3.38,True
79,"Entire home/apt in Tiong Bahru, Singapore",1079,2016-11-19,Singapore,within a few hours,69,52,False,8,True,True,Tiong Bahru,West,Singapore,1.38778,103.796352,House,Entire home/apt,4,2,TV|Workspace|Air conditioning|Heating|Free parking|Gym|Elevator|Kitchen|Wifi|Pool,202.57,2,30,3.99,3.91,4.19,4.18,3.91,4.18,3.88,True
80,"Entire home/apt in Malate, Manila",1080,2024-02-15,Manila,within an hour,58,98,True,13,True,True,Malate,North,Manila,14.588487,121.00381,Loft,Entire home/apt,3,2,Heating|TV|Kitchen|Pool|Free parking|Workspace|Elevator,210.17,1,90,3.68,3.81,3.36,3.91,3.6,3.81,3.69,False
81,"Private room in Kemang, Jakarta",1081,2019-03-17,Jakarta,within an hour,96,79,False,11,True,True,Kemang,West,Jakarta,-6.226362,106.826546,Condominium,Private room,5,2,Gym|TV|Free parking|Pool,173.53,1,1125,4.02,3.92,4.2,4.23,4.07,3.91,3.76,False
82,"Private room in Chinatown, Bangkok",1082,2022-01-08,Bangkok,within a day,60,67,False,2,True,True,Chinatown,West,Bangkok,13.79308,100.533126,House,Private room,1,1,Elevator|Workspace|Wifi|Gym|Washer,70.53,2,30,4.99,4.88,5.0,4.87,4.99,4.87,4.94,True
83,"Entire home/apt in Bugis, Singapore",1083,2017-07-15,Singapore,within a day,58,74,False,13,True,True,Bugis,East,Singapore,1.38682,103.832719,Apartment,Entire home/apt,2,1,Air conditioning|Gym|Kitchen|Elevator|Workspace|TV|Washer|Wifi,146.3,7,60,4.52,4.25,4.46,4.63,4.4,4.43,4.23,False
84,"Private room in Senayan, Jakarta",1084,2016-07-27,Jakarta,within a day,63,83,False,10,True,True,Senayan,South,Jakarta,-6.202468,106.816822,Loft,Private room,2,1,Pool|Kitchen|Washer|Free parking|Air conditioning|Elevator|TV|Workspace|Iron,123.31,1,365,4.6,4.45,4.23,4.85,4.88,4.6,4.26,True
85,"Private room in Makati, Manila",1085,2018-07-20,Manila,a few days or more,82,68,True,11,True,False,Makati,South,Manila,14.564335,120.984242,Serviced apartment,Private room,1,1,TV|Iron|Kitchen|Elevator|Air conditioning|Wifi|Free parking|Gym,147.28,2,365,3.22,3.27,2.87,3.29,3.33,3.09,2.97,False
86,"Entire home/apt in Silom, Bangkok",1086,2019-11-27,Bangkok,within an hour,50,95,False,3,True,False,Silom,Central,Bangkok,13.776405,100.466045,Serviced apartment,Entire home/apt,2,1,Gym|Air conditioning|Elevator|Wifi,181.06,1,365,3.76,3.94,3.67,3.95,3.92,3.56,3.42,False
87,"Private room in Bangsar, Kuala Lumpur",1087,2019-10-25,Kuala Lumpur,within an hour,64,97,False,9,True,True,Bangsar,Central,Kuala Lumpur,3.15339,101.676171,Apartment,Private room,1,1,Iron|Air conditioning|Elevator|Heating|Pool|Wifi|Washer|Free parking|Workspace|TV|Gym|Kitchen,86.43,1,30,4.59,4.41,4.47,4.58,4.47,4.85,4.62,False
88,"Entire home/apt in Menteng, Jakarta",1088,2015-11-16,Jakarta,a few days or more,68,99,False,14,True,True,Menteng,West,Jakarta,-6.217639,106.825105,House,Entire home/apt,6,3,Kitchen|Washer|TV,221.92,2,30,4.97,4.95,4.57,4.87,5.0,4.85,4.88,True
89,"Private room in BGC, Manila",1089,2019-08-07,Manila,within a few hours,76,81,True,1,True,True,BGC,East,Manila,14.583453,120.960674,Condominium,Private room,4,2,Pool|Wifi|Gym,141.28,7,90,4.73,4.48,4.88,4.98,4.79,4.85,4.52,False
90,"Entire home/apt in Orchard, Singapore",1090,2021-05-14,Singapore,within an hour,59,56,True,3,True,True,Orchard,North,Singapore,1.371912,103.811551,Apartment,Entire home/apt,7,4,Free parking|Pool|Gym|Iron|TV|Washer|Kitchen,239.12,2,90,3.62,3.52,3.54,3.9,3.52,3.5,3.35,True
91,"Entire home/apt in Thonglor, Bangkok",1091,2022-12-22,Bangkok,within a few hours,57,50,False,1,True,True,Thonglor,East,Bangkok,13.747231,100.545089,Serviced apartment,Entire home/apt,6,3,Free parking|Kitchen|Wifi|Gym|Elevator|Workspace|Pool,240.16,1,60,4.19,4.3,4.01,4.31,4.31,4.24,3.92,False
92,"Private room in Bugis, Singapore",1092,2016-01-12,Singapore,a few days or more,51,74,False,11,True,False,Bugis,North,Singapore,1.390788,103.837652,Condominium,Private room,8,4,Elevator|Wifi|Kitchen,245.51,1,90,4.86,4.67,4.57,4.8,5.0,4.58,4.77,True
93,"Private room in KLCC, Kuala Lumpur",1093,2018-02-19,Kuala Lumpur,within a day,61,51,False,6,True,True,KLCC,South,Kuala Lumpur,3.120423,101.69068,Loft,Private room,8,4,Washer|Iron|TV|Wifi|Gym|Elevator|Pool|Kitchen|Workspace|Free parking|Air conditioning,179.35,1,30,3.82,3.97,3.89,3.65,4.12,3.84,3.8,False
94,"Private room in Sukhumvit, Bangkok",1094,2023-11-15,Bangkok,within an hour,95,94,False,6,False,True,Sukhumvit,South,Bangkok,13.755075,100.464271,Condominium,Private room,5,2,Heating|Gym|Pool|Kitchen|TV|Air conditioning,168.35,3,60,4.27,4.25,3.98,4.56,4.51,4.27,4.02,True
95,"Private room in Bugis, Singapore",1095,2015-01-03,Singapore,within an hour,73,95,False,11,True,True,Bugis,North,Singapore,1.395748,103.839287,Condominium,Private room,1,1,Workspace|Kitchen|Pool|Wifi|TV|Air conditioning|Free parking|Gym,121.95,3,30,4.59,4.46,4.38,4.88,4.76,4.55,4.51,True
96,"Private room in Bukit Bintang, Kuala Lumpur",1096,2021-08-09,Kuala Lumpur,within an hour,81,59,False,6,True,True,Bukit Bintang,Central,Kuala Lumpur,3.151391,101.671902,Serviced apartment,Private room,6,3,Kitchen|Workspace|Wifi|Gym|Heating|Air conditioning|Free parking,179.28,1,90,3.77,3.96,3.47,4.01,3.61,3.9,3.69,False
97,"Entire home/apt in Menteng, Jakarta",1097,2023-10-29,Jakarta,within a few hours,60,78,True,2,True,True,Menteng,Central,Jakarta,-6.222151,106.833377,House,Entire home/apt,2,1,Kitchen|Gym|Elevator|Iron|Pool|Free parking|Washer|Wifi|Heating,158.28,2,30,4.62,4.48,4.79,4.46,4.51,4.55,4.59,False
98,"Shared room in Katong, Singapore",1098,2019-11-02,Singapore,within a day,92,68,False,5,True,True,Katong,East,Singapore,1.370674,103.831788,Serviced apartment,Shared room,8,4,Wifi|Air conditioning|Pool|Washer|TV,209.75,1,30,3.94,3.84,3.87,3.99,3.77,3.64,3.58,False
99,"Entire home/apt in BGC, Manila",1099,2018-04-10,Manila,within a day,64,67,False,10,True,True,BGC,Central,Manila,14.575262,120.964703,Condominium,Entire home/apt,4,2,Elevator|Workspace|Free parking|Air conditioning|Gym|TV|Kitchen|Washer|Pool,207.4,1,30,3.54,3.28,3.35,3.61,3.83,3.59,3.42,False
100,"Private room in BGC, Manila",1100,2017-08-23,Manila,within an hour,98,78,False,3,True,True,BGC,East,Manila,14.582857,120.96687,Serviced apartment,Private room,8,4,TV|Heating|Workspace,232.5,1,60,4.64,4.4,4.49,4.93,4.66,4.94,4.55,False
101,"Entire home/apt in KLCC, Kuala Lumpur",1101,2024-08-09,Kuala Lumpur,within a day,74,91,False,8,True,True,KLCC,South,Kuala Lumpur,3.124196,101.697355,Apartment,Entire home/apt,7,4,Heating|TV|Gym|Air conditioning|Workspace|Iron|Elevator|Free parking|Wifi|Washer|Kitchen|Pool,265.36,3,365,4.76,4.48,4.53,4.63,4.86,4.88,4.38,False
102,"Entire home/apt in Bangsar, Kuala Lumpur",1102,2025-01-22,Kuala Lumpur,a few days or more,88,91,False,2,True,True,Bangsar,East,Kuala Lumpur,3.152569,101.671315,Condominium,Entire home/apt,8,4,Free parking|Elevator|Air conditioning|Washer|Kitchen|Iron|Pool,316.65,2,60,4.0,4.16,3.84,4.04,4.06,3.92,3.63,False
103,"Entire home/apt in Katong, Singapore",1103,2024-10-24,Singapore,a few days or more,88,78,False,3,True,False,Katong,North,Singapore,1.372199,103.823584,Serviced apartment,Entire home/apt,1,1,Wifi|Pool|Washer|Free parking|Iron|Gym|Heating|TV|Elevator|Kitchen,167.56,3,1125,4.86,4.73,4.56,5.0,5.0,4.97,4.6,True
104,"Private room in Silom, Bangkok",1104,2019-08-05,Bangkok,within a day,95,95,False,11,True,False,Silom,West,Bangkok,13.767607,100.460186,Condominium,Private room,4,2,Elevator|Kitchen|Iron,147.8,2,365,4.28,4.41,4.16,4.19,4.23,4.29,4.19,False
105,"Private room in Orchard, Singapore",1105,2016-03-18,Singapore,within a day,93,58,False,12,True,True,Orchard,Central,Singapore,1.370217,103.817118,House,Private room,5,2,Free parking|Workspace|Iron|Washer|Kitchen|Heating|Air conditioning|Wifi,130.42,7,365,4.65,4.85,4.41,4.66,4.64,4.37,4.6,False
106,"Private room in Thonglor, Bangkok",1106,2022-07-14,Bangkok,within a day,76,100,False,15,True,True,Thonglor,West,Bangkok,13.748762,100.546546,Condominium,Private room,8,4,Kitchen|Free parking|Air conditioning|Elevator|Workspace|Pool|TV|Iron|Heating|Gym|Washer,250.86,2,90,4.38,4.37,4.26,4.24,4.21,4.46,4.27,False
107,"Entire home/apt in Menteng, Jakarta",1107,2019-08-20,Jakarta,within a day,90,61,True,6,True,False,Menteng,Central,Jakarta,-6.226924,106.825248,Serviced apartment,Entire home/apt,7,4,Pool|Gym|Heating|Elevator|Kitchen|TV,289.14,1,365,4.75,4.59,4.81,4.63,4.93,4.74,4.73,True
108,"Entire home/apt in BGC, Manila",1108,2015-06-04,Manila,within a day,60,54,False,14,True,True,BGC,Central,Manila,14.575959,120.965466,Loft,Entire home/apt,8,4,TV|Washer|Wifi|Heating|Iron|Air conditioning|Pool|Kitchen,262.08,2,90,3.76,3.69,3.67,3.82,3.78,3.87,3.43,False
109,"Entire home/apt in Kemang, Jakarta",1109,2017-07-07,Jakarta,a few days or more,78,74,False,2,True,True,Kemang,South,Jakarta,-6.231981,106.827839,Condominium,Entire home/apt,7,4,TV|Kitchen|Air conditioning|Pool|Wifi|Washer|Workspace|Iron|Elevator|Free parking|Gym|Heating,261.05,2,365,4.38,4.43,4.1,4.52,4.18,4.33,4.03,False
110,"Entire home/apt in Malate, Manila",1110,2021-12-05,Manila,a few days or more,63,94,True,15,True,True,Malate,North,Manila,14.581735,120.992457,Condominium,Entire home/apt,2,1,Heating|Washer|Free parking|TV|Iron|Kitchen,192.14,2,60,4.47,4.17,4.47,4.72,4.69,4.57,4.14,True
111,"Private room in Makati, Manila",1111,2018-04-27,Manila,within an hour,50,58,False,11,True,True,Makati,East,Manila,14.563137,120.983386,Apartment,Private room,4,2,Free parking|Pool|Iron,133.12,2,90,3.97,4.12,4.14,3.9,4.14,3.89,3.74,True
112,"Private room in Kemang, Jakarta",1112,2022-04-11,Jakarta,a few days or more,61,89,False,7,True,True,Kemang,West,Jakarta,-6.226426,106.82639,House,Private room,8,4,Kitchen|Air conditioning|Gym,219.99,3,30,4.84,4.97,4.97,5.0,5.0,4.83,4.68,False
113,"Entire home/apt in Menteng, Jakarta",1113,2024-09-26,Jakarta,within an hour,50,91,False,15,True,True,Menteng,East,Jakarta,-6.222388,106.836132,Apartment,Entire home/apt,6,3,Washer|Iron|Pool|TV|Air conditioning|Workspace|Heating|Elevator|Gym|Free parking|Kitchen|Wifi,207.68,3,365,4.71,4.84,4.83,4.55,4.76,4.55,4.8,True
114,"Private room in Chinatown, Bangkok",1114,2023-12-26,Bangkok,within a day,82,85,False,4,True,True,Chinatown,North,Bangkok,13.792078,100.532041,Loft,Private room,2,1,Air conditioning|Elevator|Wifi|Workspace|Gym|Washer|Heating|Free parking,99.25,2,90,4.19,4.3,4.28,4.41,4.16,4.35,4.09,False
115,"Entire home/apt in Bangsar, Kuala Lumpur",1115,2018-12-25,Kuala Lumpur,a few days or more,100,62,False,12,True,False,Bangsar,West,Kuala Lumpur,3.153822,101.672797,Loft,Entire home/apt,4,2,Pool|Air conditioning|Wifi|Kitchen|Elevator|Iron|Workspace|Washer|Heating|Gym|Free parking,173.12,1,365,3.54,3.26,3.52,3.68,3.4,3.78,3.37,False
116,"Entire home/apt in Makati, Manila",1116,2019-11-08,Manila,a few days or more,76,88,False,15,True,True,Makati,East,Manila,14.568952,120.983763,Loft,Entire home/apt,1,1,Workspace|Heating|Kitchen|Iron|Air conditioning,163.43,2,365,3.9,4.08,4.08,3.93,3.77,3.85,3.85,False
117,"Private room in Bangsar, Kuala Lumpur",1117,2021-12-31,Kuala Lumpur,a few days or more,93,97,False,15,True,True,Bangsar,South,Kuala Lumpur,3.151788,101.674829,Serviced apartment,Private room,4,2,Workspace|Iron|Kitchen|TV|Pool,144.05,2,365,4.48,4.58,4.39,4.29,4.35,4.58,4.18,False
118,"Entire home/apt in Thonglor, Bangkok",1118,2018-04-23,Bangkok,within a day,85,53,True,1,True,True,Thonglor,West,Bangkok,13.757575,100.555576,House,Entire home/apt,1,1,Air conditioning|Heating|TV|Washer|Gym|Workspace|Free parking|Kitchen|Wifi|Elevator,170.98,1,1125,3.9,4.03,4.02,3.92,3.81,3.98,3.85,True
119,"Entire home/apt in Malate, Manila",1119,2016-12-27,Manila,within an hour,59,70,False,10,True,True,Malate,Central,Manila,14.583787,121.003234,Serviced apartment,Entire home/apt,4,2,Air conditioning|Gym|Wifi|Iron|Free parking|Elevator|Kitchen|Workspace|TV|Pool|Washer,214.18,7,1125,3.21,3.33,2.99,3.4,3.29,2.95,3.16,False
120,"Entire home/apt in Sukhumvit, Bangkok",1120,2017-06-25,Bangkok,within a few hours,52,93,False,15,True,True,Sukhumvit,West,Bangkok,13.748285,100.463607,Serviced apartment,Entire home/apt,7,4,Washer|Heating|TV|Elevator|Wifi|Iron|Pool,265.06,2,30,3.82,3.71,3.74,3.76,4.08,4.01,3.61,False
121,"Entire home/apt in Kemang, Jakarta",1121,2015-12-04,Jakarta,within a few hours,51,79,False,12,True,True,Kemang,West,Jakarta,-6.220941,106.828525,Apartment,Entire home/apt,4,2,TV|Wifi|Air conditioning|Washer|Workspace|Gym|Pool|Elevator|Iron|Free parking|Heating,190.62,1,30,4.36,4.1,4.07,4.29,4.2,4.55,4.42,True
122,"Entire home/apt in Senayan, Jakarta",1122,2016-04-29,Jakarta,within a few hours,58,97,False,7,True,True,Senayan,South,Jakarta,-6.202825,106.812335,Loft,Entire home/apt,1,1,Wifi|Air conditioning|Pool|TV|Iron|Kitchen|Heating|Gym|Workspace|Elevator|Free parking|Washer,154.42,2,60,3.91,3.76,4.04,4.19,4.14,4.0,3.99,True
123,"Entire home/apt in Makati, Manila",1123,2015-12-15,Manila,within an hour,98,85,False,8,True,True,Makati,South,Manila,14.564078,120.975347,Apartment,Entire home/apt,7,4,Washer|Gym|TV|Kitchen|Heating|Air conditioning|Iron|Free parking,264.54,1,90,4.7,4.74,4.45,4.6,4.79,4.97,4.48,False
124,"Private room in Sukhumvit, Bangkok",1124,2020-01-20,Bangkok,a few days or more,67,73,False,3,True,True,Sukhumvit,West,Bangkok,13.749159,100.465328,House,Private room,4,2,Heating|Workspace|Pool|Iron|Gym,125.48,2,365,3.5,3.42,3.56,3.54,3.35,3.59,3.14,True
125,"Private room in Silom, Bangkok",1125,2025-01-02,Bangkok,within a day,58,79,True,9,True,True,Silom,South,Bangkok,13.778202,100.464232,House,Private room,2,1,Heating|Gym|Workspace|Washer|Wifi|Free parking|Kitchen|Iron|TV|Pool|Elevator|Air conditioning,114.01,1,365,3.91,3.79,3.52,3.83,4.19,4.2,3.85,False
126,"Entire home/apt in Chinatown, Bangkok",1126,2020-06-03,Bangkok,a few days or more,79,52,False,1,True,True,Chinatown,West,Bangkok,13.79306,100.526875,Condominium,Entire home/apt,3,2,Air conditioning|Free parking|Pool|Washer|Wifi|Heating,232.48,1,1125,3.57,3.59,3.33,3.74,3.66,3.61,3.36,True
127,"Entire home/apt in Malate, Manila",1127,2017-07-01,Manila,within a day,88,95,False,14,True,True,Malate,Central,Manila,14.580729,120.994227,Apartment,Entire home/apt,7,4,Elevator|Heating|Wifi|TV|Kitchen|Washer|Air conditioning|Pool|Iron|Workspace,288.5,7,60,4.36,4.27,4.16,4.22,4.5,4.35,4.26,False
128,"Entire home/apt in Menteng, Jakarta",1128,2020-09-30,Jakarta,within a few hours,64,76,True,10,True,True,Menteng,East,Jakarta,-6.217175,106.834686,Condominium,Entire home/apt,3,2,Kitchen|TV|Gym|Wifi|Free parking|Iron|Air conditioning,199.41,3,60,4.01,4.02,3.92,3.89,4.15,4.26,3.91,True
129,"Entire home/apt in Kemang, Jakarta",1129,2025-03-13,Jakarta,within an hour,80,92,False,3,True,True,Kemang,South,Jakarta,-6.225841,106.828591,Condominium,Entire home/apt,4,2,Kitchen|Elevator|Heating|Wifi,226.75,3,30,4.78,4.93,4.84,4.9,4.84,4.7,4.4,False
130,"Entire home/apt in Chinatown, Bangkok",1130,2017-11-08,Bangkok,within an hour,74,91,False,4,True,True,Chinatown,West,Bangkok,13.782253,100.52881,Loft,Entire home/apt,2,1,Heating|TV|Gym|Free parking|Washer|Wifi|Pool,162.4,2,90,4.54,4.29,4.4,4.63,4.47,4.56,4.42,False
131,"Private room in Menteng, Jakarta",1131,2021-04-09,Jakarta,within an hour,60,74,False,11,True,True,Menteng,Central,Jakarta,-6.222988,106.833711,Loft,Private room,8,4,Workspace|Gym|Kitchen|Air conditioning|Washer|Elevator|Pool|TV,185.83,1,60,3.38,3.32,3.34,3.22,3.31,3.3,3.28,False
132,"Entire home/apt in Senayan, Jakarta",1132,2024-03-13,Jakarta,a few days or more,72,92,True,7,True,True,Senayan,North,Jakarta,-6.209712,106.809959,Serviced apartment,Entire home/apt,1,1,Free parking|Washer|Wifi|TV|Iron|Workspace|Air conditioning|Heating|Kitchen|Gym|Elevator,210.01,3,60,4.96,4.92,5.0,4.79,4.81,4.83,4.97,False
133,"Entire home/apt in KLCC, Kuala Lumpur",1133,2019-07-13,Kuala Lumpur,within a day,84,100,False,10,True,True,KLCC,West,Kuala Lumpur,3.115039,101.69298,House,Entire home/apt,4,2,TV|Air conditioning|Workspace|Free parking,198.01,7,365,3.81,3.99,3.75,3.99,3.99,4.09,3.64,True
134,"Entire home/apt in Makati, Manila",1134,2023-11-05,Manila,within a day,54,85,False,15,True,True,Makati,East,Manila,14.566533,120.982156,Loft,Entire home/apt,2,1,Gym|Pool|TV|Heating|Wifi|Iron|Kitchen|Air conditioning,160.05,2,90,3.72,3.6,3.86,3.65,3.99,3.83,3.77,True
135,"Private room in Silom, Bangkok",1135,2024-05-12,Bangkok,a few days or more,73,89,False,6,True,True,Silom,North,Bangkok,13.774003,100.457664,Condominium,Private room,4,2,Air conditioning|Workspace|Elevator|Wifi,145.61,3,90,4.58,4.53,4.77,4.84,4.52,4.41,4.47,True
136,"Entire home/apt in Kemang, Jakarta",1136,2022-09-12,Jakarta,within a day,73,61,False,8,True,True,Kemang,North,Jakarta,-6.229064,106.822795,Serviced apartment,Entire home/apt,6,3,Elevator|Pool|Wifi|Heating|Washer|Workspace|Free parking|TV|Kitchen|Air conditioning|Gym,253.65,1,365,3.54,3.59,3.36,3.77,3.48,3.35,3.21,False
137,"Private room in Sukhumvit, Bangkok",1137,2017-03-14,Bangkok,within a day,100,81,True,5,True,False,Sukhumvit,West,Bangkok,13.75612,100.463467,House,Private room,7,4,Kitchen|Gym|Elevator,217.1,3,1125,3.44,3.16,3.1,3.32,3.35,3.29,3.46,True
138,"Entire home/apt in KLCC, Kuala Lumpur",1138,2019-08-14,Kuala Lumpur,a few days or more,55,74,True,10,True,False,KLCC,West,Kuala Lumpur,3.11976,101.696117,House,Entire home/apt,5,2,Heating|Workspace|TV|Kitchen|Free parking|Iron,197.93,2,60,3.79,3.92,3.77,4.05,3.8,3.86,3.59,False
139,"Entire home/apt in Tiong Bahru, Singapore",1139,2022-12-19,Singapore,within an hour,63,60,False,7,True,True,Tiong Bahru,Central,Singapore,1.388178,103.800177,House,Entire home/apt,6,3,Pool|Heating|TV|Elevator|Gym|Air conditioning|Iron|Wifi|Workspace|Kitchen,242.92,1,30,3.62,3.79,3.5,3.45,3.81,3.63,3.72,True
140,"Private room in Makati, Manila",1140,2017-10-10,Manila,a few days or more,90,97,False,11,True,True,Makati,South,Manila,14.573128,120.979642,Apartment,Private room,7,4,Kitchen|Wifi|Iron|Pool|TV|Gym|Washer|Elevator|Workspace|Free parking|Air conditioning,187.02,2,1125,3.44,3.46,3.36,3.69,3.48,3.28,3.08,True
141,"Entire home/apt in Kemang, Jakarta",1141,2023-07-03,Jakarta,within a few hours,100,50,False,9,True,True,Kemang,West,Jakarta,-6.223028,106.829138,Condominium,Entire home/apt,1,1,Workspace|Elevator|Iron,186.78,1,365,3.74,3.88,3.6,3.66,3.9,3.83,3.75,True
142,"Entire home/apt in Jurong East, Singapore",1142,2023-05-02,Singapore,a few days or more,62,70,False,1,True,True,Jurong East,East,Singapore,1.367148,103.805624,Condominium,Entire home/apt,5,2,Kitchen|Workspace|Free parking|Air conditioning,219.66,1,1125,4.35,4.06,4.53,4.29,4.21,4.31,3.95,True
143,"Entire home/apt in Jurong East, Singapore",1143,2020-08-03,Singapore,a few days or more,50,57,False,13,True,True,Jurong East,East,Singapore,1.370484,103.805359,Condominium,Entire home/apt,5,2,Air conditioning|Kitchen|Wifi|Free parking|Gym|Heating|TV|Washer,247.21,2,365,3.53,3.35,3.73,3.43,3.7,3.29,3.46,True
144,"Private room in Senayan, Jakarta",1144,2015-06-22,Jakarta,within a day,87,57,False,7,True,True,Senayan,East,Jakarta,-6.20686,106.808656,House,Private room,3,2,Iron|Free parking|Washer|Pool|Wifi|Gym|TV|Air conditioning|Elevator|Heating,136.6,1,30,4.34,4.33,4.35,4.48,4.22,4.5,4.06,True
145,"Entire home/apt in BGC, Manila",1145,2023-11-16,Manila,a few days or more,62,86,True,3,True,True,BGC,South,Manila,14.579976,120.962963,Apartment,Entire home/apt,3,2,Iron|Pool|Elevator|Washer|Wifi|Workspace|TV|Kitchen|Air conditioning|Gym|Heating,205.57,2,90,4.07,4.14,3.84,4.29,4.33,4.1,3.7,True
146,"Entire home/apt in KLCC, Kuala Lumpur",1146,2020-09-03,Kuala Lumpur,a few days or more,91,70,False,2,True,True,KLCC,Central,Kuala Lumpur,3.115484,101.690218,Serviced apartment,Entire home/apt,1,1,Heating|Washer|Pool|Air conditioning|Gym|TV|Free parking|Iron,200.68,3,30,4.58,4.3,4.74,4.47,4.4,4.34,4.28,True
147,"Entire home/apt in Senayan, Jakarta",1147,2017-06-23,Jakarta,within a day,100,95,False,1,True,True,Senayan,South,Jakarta,-6.199495,106.811639,Loft,Entire home/apt,5,2,Iron|Elevator|Air conditioning|Workspace|Wifi|Kitchen,181.7,2,1125,4.2,3.92,3.84,4.15,4.47,4.48,3.85,False
148,"Entire home/apt in BGC, Manila",1148,2017-01-02,Manila,within a day,85,70,False,14,True,True,BGC,West,Manila,14.581925,120.970629,Condominium,Entire home/apt,4,2,Pool|Iron|Elevator|Gym|Air conditioning|Heating|TV|Free parking|Washer|Kitchen|Workspace|Wifi,229.35,2,365,4.16,4.27,3.95,4.08,4.23,4.09,4.04,False
149,"Shared room in KLCC, Kuala Lumpur",1149,2018-03-11,Kuala Lumpur,within a few hours,56,52,False,8,False,True,KLCC,West,Kuala Lumpur,3.124664,101.692956,Loft,Shared room,1,1,Wifi|Free parking|Washer|Heating|Pool|Workspace|Elevator,77.95,1,60,4.68,4.51,4.81,4.6,4.61,4.56,4.57,False
150,"Private room in Sukhumvit, Bangkok",1150,2025-01-30,Bangkok,within an hour,90,99,False,11,True,True,Sukhumvit,North,Bangkok,13.748121,100.463733,House,Private room,3,2,Iron|Free parking|Wifi|Gym|Air conditioning|TV|Heating|Kitchen|Workspace|Elevator|Washer|Pool,128.86,1,90,4.77,4.73,4.56,4.85,4.73,4.89,4.45,False
151,"Private room in Kemang, Jakarta",1151,2018-04-01,Jakarta,a few days or more,75,91,False,10,True,True,Kemang,East,Jakarta,-6.2306,106.826274,Serviced apartment,Private room,2,1,Heating|Wifi|TV|Gym|Free parking|Iron|Washer|Elevator|Pool|Kitchen,111.21,3,1125,3.43,3.63,3.34,3.35,3.36,3.39,3.37,False
152,"Entire home/apt in Jurong East, Singapore",1152,2021-08-29,Singapore,within an hour,57,97,False,1,True,True,Jurong East,East,Singapore,1.361607,103.8111,Loft,Entire home/apt,4,2,Heating|Elevator|Workspace|Kitchen|Iron|Wifi|Air conditioning|Pool,190.64,3,60,4.43,4.56,4.52,4.24,4.58,4.2,4.26,True
153,"Entire home/apt in Silom, Bangkok",1153,2021-12-26,Bangkok,within a day,53,79,False,11,True,True,Silom,Central,Bangkok,13.769549,100.460565,Condominium,Entire home/apt,5,2,Gym|Heating|TV,234.18,1,365,3.28,3.31,3.28,3.54,3.26,3.04,3.03,False
154,"Entire home/apt in Menteng, Jakarta",1154,2020-06-08,Jakarta,within a day,65,82,False,5,True,True,Menteng,Central,Jakarta,-6.220876,106.828543,Loft,Entire home/apt,2,1,Elevator|TV|Wifi|Heating|Washer|Free parking|Kitchen|Pool|Workspace|Air conditioning|Iron,188.71,7,90,3.23,3.37,3.36,3.44,3.04,3.26,2.97,True
155,"Entire home/apt in Senayan, Jakarta",1155,2022-08-09,Jakarta,within a few hours,58,69,False,12,True,True,Senayan,South,Jakarta,-6.208273,106.80831,Condominium,Entire home/apt,7,4,Heating|Kitchen|Gym|Free parking|Pool|Washer,288.64,1,365,4.18,4.38,4.37,4.05,4.45,4.43,3.94,False
156,"Private room in Tiong Bahru, Singapore",1156,2023-08-02,Singapore,within a day,88,86,False,10,True,False,Tiong Bahru,East,Singapore,1.394307,103.798594,House,Private room,3,2,Elevator|Iron|Free parking|Kitchen|Washer|Wifi|Air conditioning,141.99,3,60,3.53,3.35,3.15,3.37,3.72,3.31,3.55,True
157,"Entire home/apt in Bukit Bintang, Kuala Lumpur",1157,2017-07-15,Kuala Lumpur,a few days or more,65,77,True,7,True,True,Bukit Bintang,Central,Kuala Lumpur,3.147565,101.668464,Loft,Entire home/apt,3,2,Gym|Washer|Iron|Heating|Air conditioning|Elevator|TV,176.01,3,365,4.76,4.82,4.6,5.0,4.85,4.78,4.68,False
158,"Entire home/apt in Orchard, Singapore",1158,2017-10-03,Singapore,within a few hours,79,91,False,8,True,True,Orchard,Central,Singapore,1.367946,103.810572,Apartment,Entire home/apt,1,1,Gym|TV|Wifi|Washer|Free parking|Iron|Workspace|Kitchen|Elevator|Air conditioning|Heating,181.28,7,1125,3.96,3.72,4.03,4.23,4.11,3.74,3.77,True
159,"Private room in Chinatown, Bangkok",1159,2016-01-05,Bangkok,within a few hours,74,85,False,7,True,True,Chinatown,Central,Bangkok,13.783191,100.531027,Serviced apartment,Private room,4,2,Workspace|Air conditioning|Iron|Heating|Elevator,181.54,1,90,4.34,4.32,4.34,4.22,4.57,4.15,4.3,True
160,"Entire home/apt in Bangsar, Kuala Lumpur",1160,2016-06-22,Kuala Lumpur,within a few hours,63,87,False,11,True,True,Bangsar,North,Kuala Lumpur,3.142728,101.678674,Loft,Entire home/apt,3,2,Elevator|Workspace|Iron,173.47,2,365,4.18,4.1,4.14,3.98,4.42,4.05,4.09,False
161,"Entire home/apt in Sukhumvit, Bangkok",1161,2024-07-29,Bangkok,within a few hours,79,97,True,10,True,True,Sukhumvit,West,Bangkok,13.753699,100.463039,Condominium,Entire home/apt,6,3,Air conditioning|Wifi|Workspace|Gym|Kitchen|Heating|Pool|Elevator,234.02,1,30,4.3,4.38,4.09,4.55,4.51,4.46,4.32,True
162,"Private room in Menteng, Jakarta",1162,2019-08-22,Jakarta,within a day,77,88,False,14,True,True,Menteng,West,Jakarta,-6.220824,106.835485,Apartment,Private room,5,2,Heating|Iron|TV|Air conditioning,132.11,2,1125,4.07,4.06,4.04,4.33,4.18,4.07,4.03,True
163,"Shared room in Silom, Bangkok",1163,2020-03-19,Bangkok,within a day,99,50,False,2,True,True,Silom,West,Bangkok,13.768319,100.46076,House,Shared room,1,1,Gym|Workspace|Wifi|Pool|TV|Free parking|Elevator|Air conditioning|Heating|Kitchen|Washer|Iron,44.5,2,365,3.66,3.72,3.63,3.47,3.55,3.56,3.43,False
164,"Entire home/apt in Menteng, Jakarta",1164,2021-01-08,Jakarta,within a few hours,86,93,False,6,True,True,Menteng,West,Jakarta,-6.225302,106.830709,Condominium,Entire home/apt,8,4,TV|Free parking|Heating,315.06,1,60,4.5,4.34,4.12,4.79,4.61,4.71,4.39,True
165,"Private room in Makati, Manila",1165,2018-01-17,Manila,within a few hours,62,71,False,15,True,True,Makati,North,Manila,14.562045,120.978963,House,Private room,6,3,Free parking|Washer|TV|Workspace|Kitchen|Wifi|Elevator|Gym|Air conditioning|Heating,181.04,7,1125,4.0,3.86,3.8,4.18,3.85,4.29,3.86,False
166,"Entire home/apt in Sukhumvit, Bangkok",1166,2015-06-30,Bangkok,a few days or more,92,57,False,5,True,True,Sukhumvit,East,Bangkok,13.748721,100.459729,Loft,Entire home/apt,2,1,Wifi|Air conditioning|TV|Free parking|Workspace|Heating|Kitchen|Iron|Pool|Elevator,139.23,1,90,3.55,3.31,3.72,3.63,3.4,3.58,3.42,True
167,"Entire home/apt in Bangsar, Kuala Lumpur",1167,2018-10-19,Kuala Lumpur,a few days or more,89,72,False,5,True,True,Bangsar,West,Kuala Lumpur,3.147362,101.676538,Condominium,Entire home/apt,5,2,Air conditioning|Gym|Wifi,237.73,1,1125,3.36,3.1,3.51,3.54,3.44,3.12,3.36,False
168,"Private room in Jurong East, Singapore",1168,2017-07-05,Singapore,within a few hours,68,99,True,6,True,False,Jurong East,South,Singapore,1.363953,103.807893,House,Private room,8,4,Gym|Kitchen|Pool|Heating|Elevator|Washer|Wifi|TV,201.88,3,60,4.06,4.01,3.9,4.22,3.91,4.09,3.7,True
169,"Entire home/apt in Kemang, Jakarta",1169,2020-05-29,Jakarta,a few days or more,54,88,False,2,True,True,Kemang,South,Jakarta,-6.222354,106.821677,Serviced apartment,Entire home/apt,4,2,Gym|Workspace|Heating|Pool|Washer|Air conditioning|TV|Wifi|Elevator|Free parking|Iron|Kitchen,228.14,2,90,4.2,4.15,4.2,4.05,4.41,4.43,4.25,False
170,"Entire home/apt in Tiong Bahru, Singapore",1170,2021-06-25,Singapore,within a few hours,68,53,False,6,True,True,Tiong Bahru,South,Singapore,1.396995,103.7961,Condominium,Entire home/apt,5,2,Heating|Iron|Free parking|Gym|Pool|Wifi|Workspace,225.45,1,30,3.21,3.26,3.3,3.19,3.44,3.43,2.93,False
171,"Private room in Senayan, Jakarta",1171,2021-02-10,Jakarta,a few days or more,58,55,True,3,True,True,Senayan,North,Jakarta,-6.209026,106.817266,House,Private room,7,4,Gym|Pool|Workspace|Kitchen|Free parking|Heating|Iron|Air conditioning|Elevator|Wifi|TV,190.99,2,1125,4.37,4.54,4.34,4.4,4.38,4.56,4.16,True
172,"Private room in Senayan, Jakarta",1172,2018-01-07,Jakarta,within a few hours,96,96,False,9,True,True,Senayan,West,Jakarta,-6.204976,106.814933,Apartment,Private room,4,2,Heating|Elevator|Pool,147.17,2,1125,3.4,3.14,3.53,3.24,3.44,3.55,3.48,True
173,"Private room in Malate, Manila",1173,2015-02-14,Manila,within an hour,90,80,False,10,True,True,Malate,East,Manila,14.586915,120.998749,House,Private room,6,3,Gym|Pool|Free parking|Heating|Kitchen|Wifi|Iron|TV,171.43,3,30,4.55,4.58,4.33,4.72,4.36,4.54,4.21,True
174,"Private room in KLCC, Kuala Lumpur",1174,2015-02-28,Kuala Lumpur,within an hour,71,55,False,3,True,True,KLCC,South,Kuala Lumpur,3.116469,101.68899,Condominium,Private room,5,2,Iron|Elevator|Pool|Kitchen|Free parking,186.18,1,365,4.61,4.69,4.46,4.6,4.74,4.75,4.29,False
175,"Private room in Bukit Bintang, Kuala Lumpur",1175,2020-03-15,Kuala Lumpur,within an hour,56,84,False,11,True,True,Bukit Bintang,West,Kuala Lumpur,3.145473,101.670929,House,Private room,2,1,Washer|Gym|Iron|Elevator|Free parking|Air conditioning|TV|Workspace|Wifi|Heating|Kitchen,76.89,2,1125,3.89,4.05,4.01,3.86,3.82,3.65,3.82,True
176,"Entire home/apt in Silom, Bangkok",1176,2015-02-13,Bangkok,within an hour,89,55,False,1,True,False,Silom,South,Bangkok,13.770905,100.459474,Serviced apartment,Entire home/apt,3,2,TV|Air conditioning|Elevator|Pool,209.23,7,60,3.59,3.77,3.57,3.74,3.45,3.8,3.25,False
177,"Private room in Makati, Manila",1177,2022-05-29,Manila,within an hour,66,66,False,3,True,True,Makati,North,Manila,14.562494,120.977834,Apartment,Private room,5,2,Gym|Iron|Pool|Free parking|Kitchen|Workspace|Wifi,130.2,1,365,3.7,3.89,3.42,3.7,3.82,3.47,3.57,True
178,"Private room in Malate, Manila",1178,2015-10-26,Manila,within a day,75,86,True,1,True,True,Malate,South,Manila,14.586166,120.995181,Apartment,Private room,5,2,Elevator|Kitchen|Wifi,119.68,7,365,4.88,4.82,4.72,5.0,5.0,4.62,4.59,True
179,"Entire home/apt in Menteng, Jakarta",1179,2018-05-25,Jakarta,within a few hours,61,85,False,1,True,True,Menteng,North,Jakarta,-6.219962,106.827758,Serviced apartment,Entire home/apt,6,3,Pool|TV|Workspace|Air conditioning,250.34,7,60,4.71,4.56,4.54,4.56,4.85,4.7,4.75,True
180,"Entire home/apt in Silom, Bangkok",1180,2015-09-16,Bangkok,within a few hours,97,87,False,4,True,True,Silom,Central,Bangkok,13.775351,100.463434,Apartment,Entire home/apt,4,2,Wifi|Workspace|Pool|Iron|Heating|Gym|Elevator|TV|Washer|Free parking,199.91,1,60,3.58,3.52,3.19,3.83,3.69,3.43,3.5,True
181,"Entire home/apt in Katong, Singapore",1181,2015-09-19,Singapore,within a few hours,71,54,False,2,True,True,Katong,West,Singapore,1.373542,103.829851,Apartment,Entire home/apt,3,2,Washer|Air conditioning|Workspace|Gym|Pool|TV|Elevator|Heating|Kitchen|Wifi|Free parking|Iron,212.94,1,365,4.71,4.49,4.53,4.59,4.63,4.76,4.38,False
182,"Entire home/apt in BGC, Manila",1182,2015-01-30,Manila,within an hour,88,61,True,12,True,True,BGC,North,Manila,14.579671,120.970683,Condominium,Entire home/apt,8,4,Gym|Elevator|Kitchen|Washer|Heating|Pool|Iron,270.44,3,30,4.14,4.15,4.21,4.11,3.94,3.98,3.8,False
183,"Private room in Orchard, Singapore",1183,2022-01-09,Singapore,within a day,63,77,False,5,True,True,Orchard,West,Singapore,1.361106,103.817656,House,Private room,4,2,Iron|Elevator|Workspace|Kitchen|TV,133.53,3,365,4.41,4.13,4.45,4.67,4.3,4.58,4.25,True
184,"Private room in Chinatown, Bangkok",1184,2022-08-04,Bangkok,a few days or more,59,63,False,15,True,True,Chinatown,South,Bangkok,13.789189,100.523192,Serviced apartment,Private room,7,4,Air conditioning|Washer|Gym|Iron|Heating|Workspace,205.93,2,60,3.33,3.22,3.01,3.49,3.45,3.62,3.03,True
185,"Entire home/apt in Makati, Manila",1185,2016-12-02,Manila,within a few hours,87,80,False,14,True,True,Makati,North,Manila,14.57203,120.979041,House,Entire home/apt,8,4,Iron|Heating|Kitchen|TV|Washer,266.22,2,30,3.36,3.43,3.4,3.28,3.32,3.41,3.41,False
186,"Shared room in Sukhumvit, Bangkok",1186,2023-03-24,Bangkok,within an hour,51,80,False,11,True,True,Sukhumvit,West,Bangkok,13.74895,100.463671,Loft,Shared room,1,1,Workspace|Air conditioning|Elevator|Heating|Washer|Wifi|Free parking|Gym|TV|Pool,92.52,1,365,3.44,3.57,3.49,3.25,3.47,3.6,3.48,True
187,"Private room in Bangsar, Kuala Lumpur",1187,2015-10-17,Kuala Lumpur,within an hour,82,93,False,6,True,True,Bangsar,Central,Kuala Lumpur,3.153229,101.676911,Loft,Private room,1,1,Gym|Free parking|Heating|TV|Washer|Workspace|Pool,115.32,1,365,3.35,3.23,3.32,3.33,3.24,3.39,2.98,False
188,"Entire home/apt in Silom, Bangkok",1188,2023-04-09,Bangkok,within a day,78,81,False,9,True,True,Silom,South,Bangkok,13.770831,100.457917,House,Entire home/apt,2,1,Workspace|Washer|Pool|Heating|Free parking|Elevator,174.7,1,365,4.42,4.47,4.43,4.49,4.37,4.49,4.42,False
189,"Entire home/apt in Tiong Bahru, Singapore",1189,2018-03-27,Singapore,within a day,76,93,False,9,True,True,Tiong Bahru,East,Singapore,1.391406,103.798777,Loft,Entire home/apt,7,4,Workspace|Kitchen|Elevator|Iron,284.39,2,90,4.77,4.68,4.81,4.58,4.66,4.48,4.77,False
190,"Entire home/apt in Malate, Manila",1190,2023-10-28,Manila,a few days or more,60,89,False,15,True,True,Malate,East,Manila,14.578759,120.996222,House,Entire home/apt,6,3,Elevator|Workspace|Free parking|Kitchen|Heating|Air conditioning|TV|Gym|Washer|Iron|Pool,243.07,7,1125,4.59,4.43,4.77,4.81,4.74,4.69,4.27,True
191,"Entire home/apt in Katong, Singapore",1191,2017-04-20,Singapore,within a few hours,79,70,False,3,True,True,Katong,Central,Singapore,1.368879,103.826674,Serviced apartment,Entire home/apt,5,2,Kitchen|Pool|Elevator|TV|Workspace|Free parking|Heating|Wifi,224.33,7,1125,4.86,5.0,4.66,5.0,4.9,4.73,4.93,False
192,"Private room in Malate, Manila",1192,2016-04-05,Manila,within a day,62,51,False,2,True,False,Malate,South,Manila,14.580857,121.003212,Condominium,Private room,8,4,Air conditioning|Free parking|Wifi|Gym|Washer|Elevator|Kitchen|Heating|Pool|Iron|TV,219.63,2,30,4.25,4.44,4.09,4.3,4.35,4.26,3.88,False
193,"Entire home/apt in Menteng, Jakarta",1193,2018-11-13,Jakarta,a few days or more,96,76,False,3,True,False,Menteng,South,Jakarta,-6.21942,106.835922,Loft,Entire home/apt,6,3,Washer|Elevator|Gym|Iron,207.67,3,30,3.72,3.49,3.5,4.01,3.78,3.62,3.79,False
194,"Entire home/apt in Menteng, Jakarta",1194,2021-03-26,Jakarta,a few days or more,85,97,False,8,True,True,Menteng,East,Jakarta,-6.225464,106.831301,Apartment,Entire home/apt,5,2,Kitchen|Gym|Free parking|TV|Elevator|Wifi,201.8,1,30,4.68,4.46,4.46,4.8,4.8,4.45,4.61,True
195,"Entire home/apt in Chinatown, Bangkok",1195,2015-10-01,Bangkok,within a day,79,94,False,3,True,True,Chinatown,West,Bangkok,13.784122,100.523242,Condominium,Entire home/apt,5,2,Free parking|Iron|Elevator|Air conditioning|Pool|Workspace|Heating|Gym|Wifi,231.12,1,30,4.72,4.56,4.57,4.98,4.7,4.59,4.58,False
196,"Private room in Makati, Manila",1196,2024-10-13,Manila,a few days or more,76,71,False,15,True,False,Makati,East,Manila,14.567964,120.977647,Condominium,Private room,3,2,Iron|Pool|Air conditioning|TV|Workspace|Gym|Heating,156.9,1,60,3.22,3.0,2.95,3.11,3.47,3.29,3.24,False
197,"Private room in Malate, Manila",1197,2025-04-10,Manila,within a few hours,94,59,True,12,True,False,Malate,East,Manila,14.587125,120.993407,Serviced apartment,Private room,2,1,Pool|Free parking|Workspace|Kitchen|Elevator|Iron|Gym|TV|Air conditioning|Heating,121.95,2,60,3.75,3.55,3.94,3.76,3.93,3.52,3.36,True
198,"Entire home/apt in Menteng, Jakarta",1198,2025-03-10,Jakarta,within a day,87,72,False,6,True,True,Menteng,East,Jakarta,-6.224869,106.825367,Condominium,Entire home/apt,1,1,Air conditioning|Heating|Washer|Iron,183.8,3,1125,3.53,3.35,3.47,3.38,3.62,3.24,3.24,True
199,"Entire home/apt in Bukit Bintang, Kuala Lumpur",1199,2025-04-28,Kuala Lumpur,within a day,95,68,False,9,True,True,Bukit Bintang,Central,Kuala Lumpur,3.143009,101.666196,Serviced apartment,Entire home/apt,2,1,Kitchen|Elevator|Air conditioning|Workspace|Pool|Washer|Gym|Heating|Free parking|Iron|Wifi|TV,214.83,1,90,3.42,3.37,3.25,3.45,3.59,3.53,3.44,True
200,"Entire home/apt in Kemang, Jakarta",1200,2023-12-31,Jakarta,within a few hours,54,73,False,4,True,True,Kemang,West,Jakarta,-6.230998,106.830666,Loft,Entire home/apt,2,1,Iron|Air conditioning|Gym|Elevator|Workspace|Wifi|TV|Washer|Free parking|Kitchen,188.21,1,1125,4.26,4.38,4.1,4.18,4.27,4.26,4.24,False
201,"Entire home/apt in BGC, Manila",1201,2020-09-25,Manila,within a few hours,74,88,False,11,True,True,BGC,West,Manila,14.575545,120.967564,Loft,Entire home/apt,7,4,Elevator|Workspace|Washer|Kitchen|Wifi|Iron|Pool,289.31,1,90,3.3,3.31,2.96,3.14,3.48,3.46,3.3,True
202,"Entire home/apt in Kemang, Jakarta",1202,2021-01-23,Jakarta,within a few hours,81,77,False,3,True,False,Kemang,West,Jakarta,-6.224305,106.828915,Serviced apartment,Entire home/apt,6,3,Air conditioning|Gym|Elevator|Pool|Iron|Washer|Heating|Wifi|Free parking,276.52,7,365,3.52,3.46,3.19,3.66,3.65,3.63,3.41,True
203,"Entire home/apt in Sukhumvit, Bangkok",1203,2018-12-15,Bangkok,within a few hours,65,65,False,11,True,True,Sukhumvit,West,Bangkok,13.750344,100.456577,Loft,Entire home/apt,7,4,Wifi|Kitchen|Pool|Heating|Workspace|Gym|TV|Iron|Washer|Elevator|Air conditioning|Free parking,268.93,3,30,4.99,5.0,4.63,4.94,4.96,4.7,4.75,True
204,"Private room in Senayan, Jakarta",1204,2020-04-07,Jakarta,within a few hours,89,69,False,6,True,False,Senayan,North,Jakarta,-6.201016,106.814656,Serviced apartment,Private room,5,2,Pool|Heating|Air conditioning|Elevator|Iron|Workspace|Gym|TV|Kitchen,140.12,1,365,4.09,4.11,4.27,3.93,4.32,3.92,3.82,True
205,"Private room in BGC, Manila",1205,2021-06-26,Manila,a few days or more,92,98,True,9,True,True,BGC,East,Manila,14.579554,120.966926,Condominium,Private room,2,1,Elevator|Gym|Washer|Pool|Air conditioning|TV|Kitchen|Free parking|Iron|Workspace|Heating,138.47,1,1125,3.56,3.69,3.51,3.47,3.84,3.71,3.39,False
206,"Private room in Malate, Manila",1206,2019-02-01,Manila,within a few hours,75,65,False,2,True,True,Malate,East,Manila,14.581636,120.993911,Loft,Private room,1,1,Gym|Workspace|Pool|Air conditioning|Washer|Iron|Elevator,96.72,1,30,3.68,3.5,3.78,3.71,3.76,3.64,3.6,True
207,"Entire home/apt in Thonglor, Bangkok",1207,2016-12-21,Bangkok,a few days or more,73,92,False,11,True,True,Thonglor,Central,Bangkok,13.756501,100.554673,Condominium,Entire home/apt,5,2,Wifi|Air conditioning|Pool,240.23,2,60,4.28,4.1,4.22,4.33,4.14,4.38,4.17,False
208,"Private room in BGC, Manila",1208,2023-09-02,Manila,a few days or more,84,73,False,12,True,True,BGC,Central,Manila,14.577778,120.9665,Loft,Private room,4,2,Workspace|Washer|Gym|Iron|Kitchen|Wifi|Air conditioning|Pool|Elevator,140.99,2,1125,3.99,3.9,4.0,4.27,4.23,4.25,3.77,False
209,"Entire home/apt in Bukit Bintang, Kuala Lumpur",1209,2023-11-05,Kuala Lumpur,within a few hours,69,63,False,14,True,True,Bukit Bintang,East,Kuala Lumpur,3.1527,101.668176,Serviced apartment,Entire home/apt,1,1,Iron|Air conditioning|TV|Washer|Elevator|Heating|Wifi|Gym,195.99,2,90,4.87,5.0,4.93,4.87,4.69,5.0,4.88,False
210,"Private room in Senayan, Jakarta",1210,2024-10-31,Jakarta,a few days or more,100,91,False,3,True,True,Senayan,Central,Jakarta,-6.210129,106.814347,Loft,Private room,6,3,TV|Air conditioning|Pool|Gym|Heating|Washer|Elevator,181.46,2,60,3.25,3.26,3.04,3.09,3.13,3.26,3.33,False
211,"Entire home/apt in Chinatown, Bangkok",1211,2022-09-16,Bangkok,within a few hours,51,51,False,15,True,True,Chinatown,South,Bangkok,13.793505,100.533152,House,Entire home/apt,3,2,Gym|Pool|Kitchen|Workspace,181.34,7,1125,4.78,4.79,4.92,5.0,4.68,4.9,4.46,True
212,"Entire home/apt in Senayan, Jakarta",1212,2021-05-12,Jakarta,within a day,96,93,True,4,True,True,Senayan,North,Jakarta,-6.200478,106.813848,House,Entire home/apt,6,3,Iron|Elevator|Air conditioning|Washer|TV|Heating|Kitchen|Pool|Workspace|Gym,216.36,1,365,3.43,3.53,3.05,3.72,3.35,3.4,3.15,False
213,"Entire home/apt in Menteng, Jakarta",1213,2019-06-17,Jakarta,a few days or more,92,73,False,3,True,True,Menteng,South,Jakarta,-6.221652,106.827908,Apartment,Entire home/apt,6,3,Free parking|Air conditioning|Iron|TV|Wifi|Elevator|Kitchen|Heating|Washer|Workspace|Gym|Pool,260.59,1,1125,3.66,3.45,3.36,3.71,3.63,3.64,3.3,False
214,"Entire home/apt in Menteng, Jakarta",1214,2020-08-06,Jakarta,a few days or more,53,62,False,3,True,False,Menteng,Central,Jakarta,-6.227273,106.834515,House,Entire home/apt,1,1,Free parking|Workspace|Heating|Iron|Pool|Washer|Air conditioning|Kitchen|Gym,186.82,1,60,4.57,4.29,4.33,4.72,4.59,4.87,4.63,True
215,"Entire home/apt in Bangsar, Kuala Lumpur",1215,2023-01-27,Kuala Lumpur,within an hour,65,99,False,8,True,True,Bangsar,Central,Kuala Lumpur,3.149509,101.673079,Serviced apartment,Entire home/apt,8,4,Kitchen|Workspace|TV|Free parking|Washer|Heating|Wifi,272.19,2,30,4.15,3.99,4.34,4.01,4.14,4.41,3.8,True
216,"Private room in Bugis, Singapore",1216,2018-01-08,Singapore,a few days or more,55,51,False,14,True,True,Bugis,East,Singapore,1.388652,103.83184,Loft,Private room,8,4,Elevator|Pool|Heating|Kitchen|Washer|Gym|Wifi|TV|Free parking|Iron|Workspace|Air conditioning,200.97,1,365,3.37,3.46,3.14,3.55,3.5,3.14,3.22,True
217,"Entire home/apt in Bangsar, Kuala Lumpur",1217,2020-09-30,Kuala Lumpur,within an hour,82,71,True,8,True,True,Bangsar,East,Kuala Lumpur,3.147868,101.673194,Serviced apartment,Entire home/apt,2,1,Heating|Workspace|Gym|Air conditioning|Iron|Elevator|Kitchen,209.76,7,60,4.3,4.47,4.22,4.42,4.14,4.28,3.94,False
218,"Private room in Bukit Bintang, Kuala Lumpur",1218,2020-11-12,Kuala Lumpur,within a day,72,66,False,10,True,True,Bukit Bintang,Central,Kuala Lumpur,3.142819,101.672496,Condominium,Private room,5,2,TV|Air conditioning|Workspace,185.28,3,30,3.96,3.72,3.96,3.85,3.85,3.9,3.6,False
219,"Private room in KLCC, Kuala Lumpur",1219,2017-12-21,Kuala Lumpur,within a few hours,91,80,False,8,True,False,KLCC,North,Kuala Lumpur,3.113705,101.688221,Serviced apartment,Private room,8,4,Kitchen|Air conditioning|Heating|Free parking|Iron|Washer,235.31,7,1125,4.16,4.22,3.94,4.37,4.27,4.27,4.24,False
220,"Entire home/apt in Bukit Bintang, Kuala Lumpur",1000,2015-03-07,Kuala Lumpur,a few days or more,81,80,False,1,True,True,Bukit Bintang,North,Kuala Lumpur,3.143083,101.675394,Condominium,Entire home/apt,4,2,Iron|Kitchen|Washer|Gym|Heating|Wifi|Workspace|Elevator|Air conditioning|Free parking,204.16,3,60,3.96,3.76,3.9,4.18,3.79,3.66,3.88,False
221,"Private room in Kemang, Jakarta",1001,2019-06-26,Jakarta,a few days or more,89,91,False,6,True,True,Kemang,North,Jakarta,-6.227213,106.825243,Serviced apartment,Private room,5,2,Washer|Wifi|TV|Iron|Gym|Free parking|Kitchen|Elevator|Heating|Air conditioning,141.04,7,365,4.81,4.52,4.58,4.71,4.78,4.65,4.52,False
222,"Entire home/apt in Bangsar, Kuala Lumpur",1002,2019-05-18,Kuala Lumpur,a few days or more,56,100,False,7,True,False,Bangsar,North,Kuala Lumpur,3.144208,101.670476,Loft,Entire home/apt,5,2,Elevator|Kitchen|Heating|Washer|Free parking|Pool|Gym|Wifi,218.76,2,60,4.4,4.2,4.03,4.21,4.64,4.31,4.08,False
223,"Entire home/apt in Makati, Manila",1003,2016-05-09,Manila,within an hour,100,89,False,10,False,True,Makati,Central,Manila,14.573298,120.98224,Apartment,Entire home/apt,2,1,Wifi|TV|Free parking|Kitchen|Air conditioning|Pool|Workspace|Washer,172.97,3,30,4.64,4.59,4.34,4.5,4.54,4.56,4.6,False
224,"Entire home/apt in BGC, Manila",1004,2016-07-18,Manila,a few days or more,73,90,True,11,True,True,BGC,East,Manila,14.576781,120.962619,Apartment,Entire home/apt,6,3,Washer|Elevator|Pool,225.4,1,1125,3.72,3.63,3.46,3.92,3.73,3.67,3.55,False
225,"Entire home/apt in Bukit Bintang, Kuala Lumpur",1005,2020-10-20,Kuala Lumpur,within a day,76,75,False,15,True,True,Bukit Bintang,South,Kuala Lumpur,3.142379,101.672145,Loft,Entire home/apt,1,1,Gym|Wifi|Workspace|Iron|Kitchen,172.47,2,90,4.82,4.97,4.42,4.76,4.88,5.0,4.77,True
226,"Private room in Chinatown, Bangkok",1006,2024-11-17,Bangkok,within a few hours,51,51,False,15,True,True,Chinatown,South,Bangkok,13.785914,100.526628,House,Private room,7,4,TV|Workspace|Free parking|Washer|Air conditioning,212.65,3,90,4.12,3.94,4.18,4.28,4.41,3.89,3.75,True
227,"Entire home/apt in BGC, Manila",1007,2021-06-02,Manila,within a day,79,56,False,3,False,True,BGC,North,Manila,14.580924,120.961737,Apartment,Entire home/apt,2,1,Heating|Iron|TV|Washer|Pool|Kitchen|Gym|Free parking|Air conditioning|Elevator|Workspace|Wifi,163.68,2,30,3.39,3.14,3.24,3.26,3.3,3.14,3.33,True
228,"Private room in Malate, Manila",1008,2019-12-08,Manila,within a few hours,85,73,False,15,True,False,Malate,Central,Manila,14.583656,120.992375,Loft,Private room,8,4,Kitchen|Workspace|TV|Iron|Elevator|Pool|Washer|Air conditioning|Wifi,211.01,3,365,4.45,4.21,4.27,4.39,4.51,4.22,4.2,True
229,"Private room in KLCC, Kuala Lumpur",1009,2019-09-24,Kuala Lumpur,a few days or more,71,100,True,7,True,False,KLCC,North,Kuala Lumpur,3.118646,101.693697,Apartment,Private room,3,2,Kitchen|Elevator|Wifi|Air conditioning|Pool|Heating,145.11,7,1125,4.77,4.54,4.45,4.89,4.95,4.87,4.44,False
230,"Entire home/apt in Orchard, Singapore",1010,2018-10-20,Singapore,within an hour,86,83,False,4,True,False,Orchard,North,Singapore,1.367301,103.812227,Serviced apartment,Entire home/apt,4,2,Iron|Air conditioning|Kitchen|Wifi|Free parking|Elevator|Pool,247.51,3,30,3.42,3.18,3.58,3.31,3.23,3.59,3.14,False
231,"Private room in BGC, Manila",1011,2015-07-04,Manila,within a few hours,68,59,False,3,True,False,BGC,West,Manila,14.576102,120.960618,Apartment,Private room,6,3,Gym|Wifi|TV|Pool|Workspace,164.1,1,60,3.66,3.51,3.5,3.54,3.77,3.56,3.27,True
232,"Entire home/apt in Menteng, Jakarta",1012,2024-04-13,Jakarta,within an hour,67,85,False,10,True,True,Menteng,Central,Jakarta,-6.224198,106.827083,House,Entire home/apt,6,3,Heating|Washer|Elevator|TV|Gym|Wifi|Kitchen|Workspace|Pool|Air conditioning|Iron|Free parking,221.19,1,1125,4.07,4.1,3.75,4.15,4.09,4.28,3.92,False
233,"Shared room in Thonglor, Bangkok",1013,2019-10-02,Bangkok,within a day,52,60,False,12,True,True,Thonglor,South,Bangkok,13.750312,100.551453,Serviced apartment,Shared room,4,2,Heating|Free parking|Kitchen|Wifi|TV|Washer|Workspace|Iron|Pool|Gym,132.56,3,30,3.88,3.73,3.72,3.74,3.75,3.91,3.62,True
234,"Private room in Malate, Manila",1014,2023-06-11,Manila,within a few hours,76,85,False,15,True,True,Malate,North,Manila,14.578243,120.992099,House,Private room,6,3,Pool|Washer|Elevator|Workspace|Wifi|TV|Air conditioning|Heating,176.93,2,1125,4.3,4.04,4.43,4.43,4.37,4.54,4.31,True
235,"Private room in Katong, Singapore",1015,2024-05-30,Singapore,within a few hours,64,81,False,6,True,True,Katong,Central,Singapore,1.371386,103.824319,Loft,Private room,6,3,Pool|Washer|Elevator|Wifi|Iron|Workspace|TV|Kitchen|Free parking|Gym,163.27,2,365,3.36,3.51,3.38,3.26,3.26,3.55,3.16,False
236,"Entire home/apt in Malate, Manila",1016,2021-05-06,Manila,a few days or more,91,93,False,11,True,True,Malate,Central,Manila,14.588788,120.992008,Loft,Entire home/apt,4,2,Kitchen|Air conditioning|Workspace|Free parking|Washer|TV|Pool|Heating|Iron|Gym|Wifi|Elevator,209.29,2,365,4.43,4.55,4.27,4.29,4.49,4.43,4.29,True
237,"Private room in Sukhumvit, Bangkok",1017,2019-05-25,Bangkok,within a day,69,54,True,11,True,True,Sukhumvit,Central,Bangkok,13.756405,100.458262,House,Private room,8,4,Workspace|Washer|Gym,193.39,1,365,4.92,4.84,4.53,5.0,5.0,5.0,4.64,True
238,"Entire home/apt in Bukit Bintang, Kuala Lumpur",1018,2023-09-13,Kuala Lumpur,a few days or more,54,56,False,11,True,True,Bukit Bintang,Central,Kuala Lumpur,3.146988,101.668183,House,Entire home/apt,4,2,Heating|Air conditioning|Iron|Wifi|TV|Washer|Kitchen|Elevator|Workspace|Free parking,224.9,3,30,4.85,4.7,4.68,4.7,5.0,4.69,4.75,False
239,"Entire home/apt in Jurong East, Singapore",1019,2021-12-11,Singapore,within an hour,87,100,True,14,True,True,Jurong East,East,Singapore,1.361032,103.802506,Loft,Entire home/apt,7,4,Elevator|TV|Pool,283.4,3,60,4.26,4.28,4.01,4.27,4.42,4.23,3.98,False
240,"Private room in Tiong Bahru, Singapore",1020,2024-12-04,Singapore,within an hour,71,62,False,11,True,True,Tiong Bahru,North,Singapore,1.392844,103.793665,House,Private room,6,3,Pool|Free parking|Workspace|Wifi|Kitchen|TV|Air conditioning|Iron|Gym|Heating|Elevator|Washer,159.12,7,365,4.96,4.96,4.76,5.0,5.0,5.0,4.77,True
241,"Entire home/apt in Menteng, Jakarta",1021,2022-10-10,Jakarta,within a few hours,68,78,False,4,True,True,Menteng,South,Jakarta,-6.224793,106.830934,Loft,Entire home/apt,1,1,Workspace|Gym|Washer|Iron|Kitchen|TV|Wifi|Elevator,168.13,2,30,3.22,3.41,2.94,3.16,3.13,3.08,2.91,False
242,"Entire home/apt in Silom, Bangkok",1022,2015-03-27,Bangkok,a few days or more,95,54,False,2,True,True,Silom,East,Bangkok,13.777219,100.465088,Condominium,Entire home/apt,5,2,Pool|Washer|Free parking|Elevator,254.09,1,60,3.63,3.43,3.46,3.62,3.73,3.92,3.35,True
243,"Private room in Malate, Manila",1023,2018-09-04,Manila,within a few hours,82,74,False,13,True,True,Malate,South,Manila,14.587683,120.999363,Condominium,Private room,5,2,TV|Heating|Elevator|Washer|Air conditioning,182.43,2,365,4.61,4.57,4.32,4.77,4.67,4.6,4.69,True
244,"Private room in BGC, Manila",1024,2017-04-11,Manila,within an hour,79,82,False,10,True,True,BGC,West,Manila,14.580952,120.962188,Serviced apartment,Private room,4,2,Gym|Heating|Kitchen|Pool|Free parking|Elevator|Wifi|Air conditioning|TV,145.07,2,365,3.73,3.66,3.58,3.93,3.69,3.66,3.42,True
245,"Entire home/apt in Katong, Singapore",1025,2025-05-23,Singapore,within a day,50,99,False,5,True,True,Katong,West,Singapore,1.373053,103.829559,Apartment,Entire home/apt,2,1,Washer|Pool|Workspace|Iron|Free parking|Kitchen|TV|Gym|Air conditioning|Elevator|Wifi,182.22,2,365,5.0,5.0,5.0,5.0,4.81,5.0,5.0,False
246,"Private room in Menteng, Jakarta",1026,2020-10-13,Jakarta,within a few hours,69,97,False,1,True,True,Menteng,North,Jakarta,-6.222387,106.828775,Condominium,Private room,4,2,Pool|Air conditioning|Workspace|Washer|Gym|Elevator|Heating|TV|Iron|Free parking,159.09,7,90,4.01,3.88,3.86,4.15,4.01,4.18,3.88,True
247,"Private room in Orchard, Singapore",1027,2018-09-14,Singapore,within a few hours,52,94,False,10,True,True,Orchard,North,Singapore,1.364245,103.811975,Apartment,Private room,3,2,Gym|Workspace|Washer|Iron|Air conditioning|Free parking|Heating|Elevator|Pool|Wifi|TV|Kitchen,155.75,1,60,4.35,4.15,4.5,4.34,4.25,4.22,4.21,True
248,"Entire home/apt in Bangsar, Kuala Lumpur",1028,2016-03-29,Kuala Lumpur,a few days or more,67,62,True,1,True,True,Bangsar,East,Kuala Lumpur,3.153929,101.675132,Apartment,Entire home/apt,7,4,Washer|Kitchen|Workspace|Free parking|Gym|Elevator|Pool|Heating|Air conditioning,256.51,2,30,4.29,4.4,4.25,4.21,4.25,4.33,4.14,True
249,"Private room in Bugis, Singapore",1029,2024-06-13,Singapore,within an hour,75,94,False,1,True,True,Bugis,East,Singapore,1.393499,103.837341,House,Private room,8,4,Gym|Washer|Kitchen|Workspace|Elevator,195.07,1,90,3.89,4.03,3.81,4.02,3.72,4.03,3.94,False
250,"Shared room in Senayan, Jakarta",1030,2020-08-28,Jakarta,a few days or more,62,75,False,1,True,True,Senayan,Central,Jakarta,-6.201757,106.811221,Apartment,Shared room,2,1,Washer|TV|Wifi|Elevator|Heating|Iron|Pool,85.55,2,30,4.45,4.5,4.13,4.59,4.48,4.43,4.09,False
251,"Private room in Menteng, Jakarta",1031,2015-03-15,Jakarta,a few days or more,94,53,False,14,True,True,Menteng,South,Jakarta,-6.218376,106.830666,Loft,Private room,3,2,Kitchen|Air conditioning|Wifi|Free parking|Workspace|Washer|Elevator|Iron|TV,111.38,7,30,4.49,4.39,4.27,4.32,4.29,4.65,4.47,False
252,"Entire home/apt in Bukit Bintang, Kuala Lumpur",1032,2015-03-01,Kuala Lumpur,within a few hours,89,63,False,15,True,True,Bukit Bintang,South,Kuala Lumpur,3.151473,101.668438,Condominium,Entire home/apt,7,4,Air conditioning|Iron|Kitchen|Heating|Wifi|Washer,261.54,2,365,4.12,3.88,3.85,4.1,4.01,4.06,3.88,True
253,"Private room in Menteng, Jakarta",1033,2019-02-20,Jakarta,a few days or more,54,71,True,1,True,False,Menteng,South,Jakarta,-6.219947,106.83253,Apartment,Private room,5,2,Elevator|Air conditioning|TV|Kitchen|Free parking|Wifi|Workspace|Heating|Washer|Pool|Gym|Iron,149.75,3,365,3.52,3.41,3.5,3.44,3.61,3.81,3.24,False
254,"Private room in Katong, Singapore",1034,2015-09-03,Singapore,a few days or more,91,68,True,13,True,True,Katong,Central,Singapore,1.373468,103.821156,Condominium,Private room,4,2,Washer|Iron|Wifi|Workspace|Elevator|Pool|Kitchen|Air conditioning|Gym,167.09,1,90,3.77,3.64,3.49,3.6,4.03,4.06,3.77,False
255,"Entire home/apt in Chinatown, Bangkok",1035,2015-09-22,Bangkok,within a day,60,96,False,4,True,True,Chinatown,East,Bangkok,13.783105,100.53124,Serviced apartment,Entire home/apt,8,4,Washer|Kitchen|Air conditioning|Iron|Workspace,300.64,2,60,3.63,3.63,3.41,3.72,3.91,3.45,3.66,True
256,"Entire home/apt in KLCC, Kuala Lumpur",1036,2021-11-01,Kuala Lumpur,a few days or more,54,71,False,3,True,True,KLCC,North,Kuala Lumpur,3.117305,101.690219,Loft,Entire home/apt,8,4,Wifi|Gym|Iron|Air conditioning|Free parking|Elevator|Heating|TV|Pool|Washer,264.25,1,60,3.88,4.04,3.48,4.11,4.05,3.8,3.68,True
257,"Entire home/apt in Senayan, Jakarta",1037,2021-08-06,Jakarta,within a day,82,95,True,8,False,False,Senayan,West,Jakarta,-6.199269,106.815903,House,Entire home/apt,5,2,Gym|Heating|Kitchen|Washer,214.26,7,30,4.57,4.6,4.73,4.74,4.49,4.29,4.58,False
258,"Private room in Tiong Bahru, Singapore",1038,2021-10-02,Singapore,within a few hours,77,60,False,14,True,True,Tiong Bahru,North,Singapore,1.396847,103.792214,House,Private room,3,2,Air conditioning|Iron|Gym|Heating,115.99,2,90,4.47,4.42,4.39,4.71,4.56,4.61,4.45,False
259,"Private room in Bugis, Singapore",1039,2018-01-06,Singapore,a few days or more,60,61,False,6,True,False,Bugis,East,Singapore,1.390593,103.832419,Serviced apartment,Private room,6,3,Wifi|Kitchen|Elevator|Workspace|Air conditioning|TV|Pool,211.78,7,60,3.95,3.75,3.66,4.22,3.98,4.14,3.64,True
260,"Shared room in Silom, Bangkok",1040,2025-03-28,Bangkok,within an hour,50,53,False,5,True,False,Silom,Central,Bangkok,13.77324,100.465231,House,Shared room,7,4,Air conditioning|Gym|Workspace|Free parking|Heating|Kitchen|Wifi,164.24,7,1125,4.25,4.34,3.88,4.16,4.45,4.18,4.11,False
261,"Private room in KLCC, Kuala Lumpur",1041,2022-08-24,Kuala Lumpur,within a few hours,51,88,False,2,True,False,KLCC,South,Kuala Lumpur,3.124081,101.691642,Loft,Private room,7,4,Iron|Gym|Workspace|Wifi|Pool|Heating|Kitchen|TV,188.51,2,60,3.21,3.09,3.18,3.34,3.25,3.16,2.9,False
262,"Private room in Bukit Bintang, Kuala Lumpur",1042,2017-08-14,Kuala Lumpur,within a few hours,83,86,False,13,True,True,Bukit Bintang,South,Kuala Lumpur,3.145212,101.666906,House,Private room,6,3,Pool|Gym|Elevator|Air conditioning,179.29,1,60,4.52,4.47,4.17,4.74,4.82,4.81,4.35,False
263,"Entire home/apt in Jurong East, Singapore",1043,2022-05-26,Singapore,a few days or more,92,57,False,11,False,True,Jurong East,East,Singapore,1.36238,103.80545,Serviced apartment,Entire home/apt,4,2,Kitchen|Pool|Gym,207.37,3,365,4.58,4.33,4.6,4.82,4.85,4.74,4.48,False
264,"Private room in Senayan, Jakarta",1044,2017-07-04,Jakarta,within a few hours,74,77,False,6,True,True,Senayan,West,Jakarta,-6.210734,106.80739,Loft,Private room,7,4,Workspace|Heating|Washer|Air conditioning|Pool|TV|Kitchen|Iron,214.46,7,60,4.24,4.2,4.2,4.15,4.24,4.26,4.07,True
265,"Private room in Bukit Bintang, Kuala Lumpur",1045,2016-08-20,Kuala Lumpur,a few days or more,90,63,False,8,True,False,Bukit Bintang,West,Kuala Lumpur,3.149948,101.667847,Loft,Private room,3,2,Heating|Pool|Free parking,135.08,7,365,4.1,3.83,4.19,3.98,4.26,4.31,4.17,True
266,"Private room in Tiong Bahru, Singapore",1046,2022-05-24,Singapore,a few days or more,56,58,False,6,True,True,Tiong Bahru,South,Singapore,1.396235,103.799663,Loft,Private room,5,2,Pool|Gym|Elevator|Workspace|Iron|Washer|Wifi|Free parking|Kitchen,168.14,1,90,3.71,3.64,3.41,3.58,3.86,3.58,3.38,True
267,"Private room in Sukhumvit, Bangkok",1047,2024-08-17,Bangkok,within a day,87,77,True,3,True,False,Sukhumvit,North,Bangkok,13.746809,100.462085,House,Private room,2,1,Wifi|Air conditioning|Pool|Elevator|Kitchen,111.31,1,30,4.9,4.66,4.74,4.85,5.0,4.7,4.87,False
268,"Entire home/apt in Jurong East, Singapore",1048,2016-05-06,Singapore,within a few hours,56,70,True,2,True,True,Jurong East,South,Singapore,1.368168,103.805939,Loft,Entire home/apt,8,4,Washer|Wifi|Heating|Elevator|Free parking|Pool|Gym|Iron|Air conditioning|Workspace|Kitchen,261.2,1,365,5.0,5.0,4.61,5.0,5.0,5.0,4.84,False
269,"Private room in Malate, Manila",1049,2025-01-24,Manila,within a few hours,55,85,True,5,True,False,Malate,Central,Manila,14.579737,120.994459,Apartment,Private room,4,2,TV|Elevator|Pool,161.11,1,30,3.42,3.37,3.24,3.49,3.43,3.69,3.02,True
270,"Entire home/apt in BGC, Manila",1050,2020-11-10,Manila,a few days or more,54,85,False,5,True,False,BGC,West,Manila,14.578055,120.968176,Serviced apartment,Entire home/apt,8,4,Washer|Air conditioning|Wifi|Workspace|Heating|Iron|Gym|Kitchen|Pool|Elevator|Free parking,304.23,2,60,4.27,4.17,3.92,4.2,4.28,4.39,4.14,True
271,"Private room in Bangsar, Kuala Lumpur",1051,2016-09-20,Kuala Lumpur,within a few hours,67,50,False,2,True,True,Bangsar,North,Kuala Lumpur,3.151996,101.669838,Condominium,Private room,3,2,Washer|Air conditioning|Free parking|Iron|TV|Pool|Heating|Workspace|Wifi|Elevator|Gym|Kitchen,150.08,1,365,4.84,5.0,4.91,4.7,4.9,5.0,4.73,False
272,"Private room in Orchard, Singapore",1052,2021-10-24,Singapore,within a few hours,59,74,True,10,True,True,Orchard,West,Singapore,1.366752,103.811784,House,Private room,5,2,Kitchen|Pool|TV|Heating|Gym|Washer|Free parking|Air conditioning|Workspace,144.33,1,90,3.22,3.27,2.97,3.32,3.37,3.03,3.31,False
273,"Shared room in BGC, Manila",1053,2024-08-15,Manila,within a day,85,81,True,13,True,True,BGC,Central,Manila,14.576708,120.960115,House,Shared room,4,2,Iron|Air conditioning|Workspace|Washer,94.79,2,1125,4.9,5.0,4.58,4.95,5.0,5.0,4.77,True
274,"Private room in Orchard, Singapore",1054,2022-11-17,Singapore,a few days or more,81,74,False,3,False,True,Orchard,West,Singapore,1.366753,103.821348,Condominium,Private room,1,1,Iron|Heating|Wifi|Elevator|Kitchen|Pool|Free parking|Air conditioning|Gym|Workspace|Washer,132.28,1,90,4.71,4.87,4.46,4.78,4.89,4.48,4.46,True
275,"Entire home/apt in Sukhumvit, Bangkok",1055,2022-03-18,Bangkok,within a few hours,55,83,False,9,True,False,Sukhumvit,East,Bangkok,13.745507,100.461069,Serviced apartment,Entire home/apt,5,2,Elevator|Wifi|Pool|Iron|Workspace|Kitchen|Gym|Heating|TV|Washer|Air conditioning|Free parking,255.1,2,30,3.92,4.08,3.52,4.1,3.85,3.9,3.71,True
276,"Shared room in Thonglor, Bangkok",1056,2018-12-19,Bangkok,within a few hours,80,92,False,5,True,True,Thonglor,Central,Bangkok,13.750069,100.544246,Apartment,Shared room,8,4,Air conditioning|Washer|Free parking|Wifi|Kitchen|Iron,154.9,2,365,3.96,3.94,4.04,4.12,3.92,4.12,4.0,False
277,"Shared room in Menteng, Jakarta",1057,2018-11-10,Jakarta,within a few hours,65,67,False,13,True,True,Menteng,Central,Jakarta,-6.22394,106.831689,Apartment,Shared room,1,1,Gym|Heating|Wifi|Workspace|Elevator|Kitchen|TV|Washer,44.94,2,60,3.35,3.38,3.21,3.39,3.54,3.11,3.32,False
278,"Entire home/apt in Silom, Bangkok",1058,2017-02-26,Bangkok,within a day,77,80,False,1,True,True,Silom,South,Bangkok,13.775105,100.459934,Condominium,Entire home/apt,7,4,Wifi|Gym|Iron|TV,262.11,2,30,3.75,3.6,3.51,3.69,3.73,3.7,3.51,True
279,"Private room in Bugis, Singapore",1059,2020-04-17,Singapore,within a day,73,97,False,13,True,True,Bugis,West,Singapore,1.392212,103.839303,Apartment,Private room,6,3,Elevator|Pool|Iron|Free parking|Air conditioning|Wifi|Heating,153.66,7,1125,3.22,3.18,3.04,3.35,3.13,3.15,3.26,True
280,"Private room in Makati, Manila",1060,2019-12-31,Manila,within a day,73,78,False,11,True,True,Makati,Central,Manila,14.570285,120.98387,Apartment,Private room,4,2,Free parking|Elevator|Washer|TV|Kitchen|Wifi|Air conditioning|Pool,118.61,2,30,3.95,3.89,3.86,4.23,4.15,3.75,3.69,False
281,"Entire home/apt in Bukit Bintang, Kuala Lumpur",1061,2019-06-17,Kuala Lumpur,within a few hours,61,50,False,3,True,True,Bukit Bintang,South,Kuala Lumpur,3.146368,101.671852,Serviced apartment,Entire home/apt,4,2,Kitchen|Elevator|TV|Gym,238.74,1,1125,4.21,4.26,4.34,4.41,4.24,4.33,4.07,True
282,"Private room in Thonglor, Bangkok",1062,2020-12-25,Bangkok,within a day,70,55,False,12,True,True,Thonglor,South,Bangkok,13.750264,100.551128,House,Private room,3,2,Kitchen|Free parking|Wifi|Washer|TV|Iron|Heating,114.32,2,60,3.2,3.1,3.17,3.16,3.03,3.39,3.21,True
283,"Shared room in Bukit Bintang, Kuala Lumpur",1063,2022-09-19,Kuala Lumpur,a few days or more,55,81,False,3,True,True,Bukit Bintang,North,Kuala Lumpur,3.146892,101.666345,House,Shared room,2,1,TV|Washer|Elevator|Iron|Pool|Kitchen|Air conditioning|Free parking|Workspace|Wifi|Heating|Gym,83.74,1,60,4.51,4.3,4.4,4.67,4.63,4.22,4.19,True
284,"Entire home/apt in Senayan, Jakarta",1064,2017-10-01,Jakarta,within an hour,100,50,False,13,True,True,Senayan,Central,Jakarta,-6.201513,106.809859,Serviced apartment,Entire home/apt,3,2,Kitchen|Wifi|Heating|Air conditioning|Gym|Washer|Iron|Pool|Free parking|Workspace|Elevator,195.96,3,90,3.44,3.57,3.09,3.31,3.62,3.68,3.45,True
285,"Entire home/apt in Menteng, Jakarta",1065,2016-05-19,Jakarta,within a few hours,72,91,True,5,True,True,Menteng,East,Jakarta,-6.2288,106.829404,Condominium,Entire home/apt,5,2,TV|Gym|Kitchen|Wifi,238.51,7,365,4.84,4.88,4.87,5.0,4.89,5.0,4.55,False
286,"Private room in KLCC, Kuala Lumpur",1066,2025-05-15,Kuala Lumpur,within a day,72,56,False,5,True,False,KLCC,North,Kuala Lumpur,3.121642,101.690439,Apartment,Private room,2,1,Gym|TV|Pool|Kitchen|Workspace,93.83,7,90,3.47,3.64,3.56,3.63,3.31,3.17,3.54,True
287,"Entire home/apt in Thonglor, Bangkok",1067,2016-04-08,Bangkok,a few days or more,88,100,False,11,True,False,Thonglor,West,Bangkok,13.752025,100.549642,Condominium,Entire home/apt,8,4,Pool|Kitchen|Iron|Gym,310.81,1,60,3.83,3.72,3.76,3.9,3.88,3.85,3.55,True
288,"Private room in Senayan, Jakarta",1068,2017-08-21,Jakarta,a few days or more,65,63,False,14,True,True,Senayan,East,Jakarta,-6.209024,106.816887,Serviced apartment,Private room,4,2,TV|Elevator|Kitchen|Air conditioning|Wifi|Heating|Gym|Workspace,171.67,1,60,3.73,3.49,3.75,3.6,3.9,3.85,3.54,True
289,"Entire home/apt in Orchard, Singapore",1069,2019-02-05,Singapore,within a few hours,53,91,True,1,True,True,Orchard,South,Singapore,1.368932,103.813359,Apartment,Entire home/apt,3,2,Kitchen|Workspace|Elevator|Iron|Free parking|Washer|Gym|TV|Pool,168.66,1,1125,4.61,4.39,4.45,4.62,4.88,4.58,4.57,True
290,"Private room in Malate, Manila",1070,2018-01-18,Manila,within an hour,94,79,False,8,False,True,Malate,West,Manila,14.588061,121.003696,House,Private room,7,4,Workspace|Washer|Gym|Wifi|Iron,221.23,7,365,3.91,4.02,3.61,4.11,4.03,3.73,3.56,True
291,"Entire home/apt in BGC, Manila",1071,2015-09-25,Manila,a few days or more,52,53,True,6,True,True,BGC,Central,Manila,14.581504,120.966191,Apartment,Entire home/apt,3,2,TV|Washer|Wifi|Iron|Free parking|Heating,196.79,2,30,4.96,5.0,5.0,5.0,5.0,4.85,4.76,True
292,"Entire home/apt in Sukhumvit, Bangkok",1072,2023-09-10,Bangkok,within a day,78,100,True,3,True,True,Sukhumvit,West,Bangkok,13.75142,100.467807,House,Entire home/apt,2,1,Wifi|Free parking|Kitchen|Heating|Elevator|Workspace|Pool|Gym|Air conditioning|Iron|TV|Washer,166.62,2,90,4.99,5.0,5.0,4.81,5.0,5.0,4.71,False
293,"Private room in Makati, Manila",1073,2015-03-03,Manila,within a day,72,55,True,2,True,False,Makati,East,Manila,14.565293,120.973989,Condominium,Private room,8,4,Elevator|Air conditioning|Workspace|Pool,206.36,7,365,3.51,3.34,3.39,3.44,3.75,3.6,3.18,True
294,"Entire home/apt in BGC, Manila",1074,2024-08-11,Manila,within an hour,59,56,False,5,True,True,BGC,North,Manila,14.577664,120.969281,Apartment,Entire home/apt,5,2,Heating|Pool|Iron|Air conditioning|Gym|Free parking|Washer|Kitchen|Wifi|Elevator|Workspace,201.05,1,1125,4.53,4.43,4.17,4.52,4.56,4.29,4.36,False
295,"Entire home/apt in Menteng, Jakarta",1075,2025-05-06,Jakarta,a few days or more,52,84,False,3,True,True,Menteng,North,Jakarta,-6.220192,106.82565,Apartment,Entire home/apt,2,1,Pool|Workspace|Heating|Elevator,189.46,1,60,3.58,3.44,3.2,3.68,3.57,3.84,3.36,True
296,"Entire home/apt in Menteng, Jakarta",1076,2022-09-01,Jakarta,within a few hours,92,66,False,3,True,True,Menteng,Central,Jakarta,-6.223671,106.829315,Apartment,Entire home/apt,1,1,Air conditioning|Free parking|Gym|Workspace|Iron,185.4,1,365,4.77,4.64,4.82,4.65,4.74,4.72,4.61,False
297,"Private room in Chinatown, Bangkok",1077,2021-04-16,Bangkok,within a few hours,90,78,False,11,True,True,Chinatown,South,Bangkok,13.790835,100.534399,House,Private room,7,4,Heating|Kitchen|Pool|Workspace|Wifi|Air conditioning|Washer|Gym|TV|Free parking|Elevator|Iron,215.27,1,30,3.67,3.48,3.86,3.68,3.74,3.47,3.46,True
298,"Private room in Sukhumvit, Bangkok",1078,2018-06-11,Bangkok,a few days or more,74,68,False,14,True,False,Sukhumvit,North,Bangkok,13.747524,100.463038,House,Private room,1,1,Gym|Workspace|Pool|Heating|Iron|Free parking|Kitchen|Wifi|Air conditioning|Washer,84.61,7,90,3.97,4.02,4.13,4.22,3.82,3.72,3.99,True
299,"Entire home/apt in Orchard, Singapore",1079,2020-08-23,Singapore,a few days or more,50,73,False,13,True,True,Orchard,East,Singapore,1.370114,103.815485,Loft,Entire home/apt,2,1,Washer|Workspace|Elevator|TV|Gym|Wifi|Air conditioning|Iron|Heating,173.84,3,90,3.83,3.66,3.83,3.78,4.08,4.08,3.77,True
300,"Entire home/apt in Menteng, Jakarta",1080,2020-10-26,Jakarta,a few days or more,70,83,False,3,True,True,Menteng,North,Jakarta,-6.224403,106.833015,Apartment,Entire home/apt,6,3,Gym|Washer|TV|Workspace|Iron|Free parking|Pool|Elevator|Wifi|Kitchen|Air conditioning|Heating,253.24,1,30,4.89,4.95,4.57,4.75,4.98,4.83,4.87,False
301,"Entire home/apt in Makati, Manila",1081,2015-02-17,Manila,a few days or more,99,66,False,11,True,True,Makati,Central,Manila,14.568171,120.976114,House,Entire home/apt,2,1,Air conditioning|Heating|Gym|Wifi|Kitchen|Washer|Pool|Elevator|Workspace|TV|Free parking,140.41,2,30,3.73,3.9,3.71,3.85,3.82,3.49,3.56,False
302,"Entire home/apt in Tiong Bahru, Singapore",1082,2020-07-17,Singapore,a few days or more,74,70,False,11,True,False,Tiong Bahru,North,Singapore,1.392666,103.793774,House,Entire home/apt,3,2,Elevator|Wifi|Gym|Air conditioning,172.1,1,60,4.08,3.93,4.22,4.21,4.2,4.29,3.74,True
303,"Private room in KLCC, Kuala Lumpur",1083,2023-04-26,Kuala Lumpur,within a few hours,67,67,False,8,True,True,KLCC,East,Kuala Lumpur,3.114636,101.69512,Serviced apartment,Private room,1,1,Wifi|TV|Iron|Kitchen|Washer|Gym|Heating|Workspace|Air conditioning|Free parking|Elevator,101.71,1,90,3.45,3.5,3.44,3.48,3.65,3.41,3.52,False
304,"Private room in Bukit Bintang, Kuala Lumpur",1084,2016-02-26,Kuala Lumpur,a few days or more,77,62,False,10,True,True,Bukit Bintang,West,Kuala Lumpur,3.151476,101.67204,Condominium,Private room,5,2,Workspace|Elevator|Gym|Iron|Heating|Free parking,191.9,2,30,4.54,4.46,4.67,4.82,4.47,4.49,4.44,False
305,"Entire home/apt in BGC, Manila",1085,2019-10-25,Manila,within a day,64,85,False,2,True,True,BGC,North,Manila,14.577292,120.966236,Loft,Entire home/apt,3,2,Pool|Kitchen|Workspace|Air conditioning|Wifi|Iron|Heating|Elevator,211.5,2,1125,4.49,4.3,4.22,4.57,4.65,4.76,4.49,False
306,"Private room in Malate, Manila",1086,2018-08-04,Manila,a few days or more,65,86,True,1,True,True,Malate,West,Manila,14.580245,120.995907,Loft,Private room,7,4,Free parking|Gym|Air conditioning,187.48,1,1125,3.42,3.61,3.57,3.36,3.64,3.36,3.47,False
307,"Entire home/apt in Katong, Singapore",1087,2019-08-28,Singapore,within a day,89,56,False,1,True,True,Katong,East,Singapore,1.375631,103.822138,Apartment,Entire home/apt,2,1,Air conditioning|TV|Pool|Elevator|Wifi|Washer|Kitchen|Gym|Free parking,184.64,1,30,4.73,4.5,4.93,4.96,4.89,4.57,4.37,False
308,"Private room in Bangsar, Kuala Lumpur",1088,2023-10-21,Kuala Lumpur,a few days or more,90,78,True,11,True,True,Bangsar,Central,Kuala Lumpur,3.144175,101.678425,Apartment,Private room,1,1,Pool|Heating|Gym|Free parking|Kitchen|Air conditioning|TV,82.28,3,1125,4.03,3.85,3.92,4.08,3.97,4.19,3.87,True
309,"Entire home/apt in Bangsar, Kuala Lumpur",1089,2023-03-31,Kuala Lumpur,within a day,98,69,False,12,True,True,Bangsar,North,Kuala Lumpur,3.152427,101.677221,Apartment,Entire home/apt,4,2,Wifi|Washer|Workspace|Iron|Elevator|Gym|TV|Air conditioning|Pool|Heating,209.27,7,60,3.81,3.93,3.47,3.68,4.07,3.74,3.64,False
310,"Entire home/apt in Chinatown, Bangkok",1090,2018-06-12,Bangkok,within an hour,72,77,False,4,True,True,Chinatown,East,Bangkok,13.786391,100.52396,Condominium,Entire home/apt,7,4,Air conditioning|Workspace|Washer|Wifi|Elevator|Iron|Kitchen|TV|Heating|Pool,269.03,2,1125,4.16,4.08,3.96,4.18,4.14,3.89,3.95,False
311,"Entire home/apt in Thonglor, Bangkok",1091,2020-07-14,Bangkok,within a few hours,89,94,False,12,True,True,Thonglor,North,Bangkok,13.746885,100.545079,Condominium,Entire home/apt,5,2,Air conditioning|Washer|Workspace|Wifi|TV|Free parking,233.13,2,365,3.68,3.43,3.72,3.92,3.61,3.5,3.67,True
312,"Entire home/apt in Bangsar, Kuala Lumpur",1092,2020-08-23,Kuala Lumpur,a few days or more,77,71,False,1,True,True,Bangsar,East,Kuala Lumpur,3.144361,101.668235,Serviced apartment,Entire home/apt,1,1,Kitchen|Pool|Air conditioning|Workspace|TV|Elevator,163.18,2,30,4.82,4.61,4.88,4.62,4.8,4.8,4.42,False
313,"Private room in Menteng, Jakarta",1093,2020-11-21,Jakarta,a few days or more,66,73,False,8,True,True,Menteng,Central,Jakarta,-6.21721,106.827366,Apartment,Private room,5,2,Free parking|Pool|Elevator|Heating,159.94,2,90,4.52,4.58,4.65,4.71,4.75,4.76,4.42,True
314,"Entire home/apt in Malate, Manila",1094,2022-05-24,Manila,a few days or more,87,76,False,5,True,True,Malate,West,Manila,14.58634,121.00264,Apartment,Entire home/apt,7,4,Workspace|Gym|Pool|Washer|Air conditioning|Elevator|TV|Wifi|Kitchen|Heating|Iron|Free parking,282.09,1,30,3.68,3.67,3.7,3.9,3.54,3.86,3.56,False
315,"Shared room in KLCC, Kuala Lumpur",1095,2016-08-25,Kuala Lumpur,within a day,50,77,False,6,True,True,KLCC,Central,Kuala Lumpur,3.120752,101.687459,Apartment,Shared room,8,4,TV|Iron|Kitchen|Free parking|Elevator|Heating|Wifi|Gym|Pool|Air conditioning|Washer|Workspace,197.0,1,90,3.71,3.48,3.84,3.9,3.76,3.99,3.59,False
316,"Entire home/apt in Bukit Bintang, Kuala Lumpur",1096,2015-05-12,Kuala Lumpur,within a few hours,66,58,False,7,True,True,Bukit Bintang,South,Kuala Lumpur,3.145555,101.671503,Condominium,Entire home/apt,2,1,Gym|Workspace|Air conditioning|Free parking|TV|Elevator|Kitchen|Heating|Washer,179.99,1,90,4.42,4.27,4.2,4.68,4.45,4.23,4.41,False
317,"Entire home/apt in Tiong Bahru, Singapore",1097,2022-09-07,Singapore,within a day,58,89,False,9,True,True,Tiong Bahru,South,Singapore,1.388786,103.794162,Serviced apartment,Entire home/apt,6,3,Gym|Elevator|Wifi|TV|Heating|Workspace|Washer|Iron|Air conditioning,259.71,2,30,4.31,4.39,4.15,4.31,4.11,4.49,4.35,True
318,"Entire home/apt in Bugis, Singapore",1098,2016-02-03,Singapore,within a few hours,85,97,False,8,True,True,Bugis,East,Singapore,1.386227,103.83142,Apartment,Entire home/apt,2,1,Air conditioning|Heating|TV,157.34,1,60,4.53,4.38,4.32,4.82,4.33,4.52,4.47,True
319,"Private room in Tiong Bahru, Singapore",1099,2016-02-29,Singapore,within a day,89,93,False,8,True,False,Tiong Bahru,South,Singapore,1.387366,103.794069,Serviced apartment,Private room,2,1,Air conditioning|Free parking|Gym,112.6,1,365,4.07,3.84,3.68,3.94,4.24,3.91,3.93,False
320,"Entire home/apt in Chinatown, Bangkok",1100,2020-07-12,Bangkok,within an hour,87,69,False,1,True,True,Chinatown,South,Bangkok,13.787652,100.52931,Loft,Entire home/apt,2,1,Elevator|Gym|Iron|Kitchen,191.75,2,30,3.25,3.4,3.06,3.12,3.49,3.23,2.85,True
321,"Entire home/apt in Malate, Manila",1101,2016-12-15,Manila,within a day,58,94,False,6,True,True,Malate,South,Manila,14.583852,120.999892,Condominium,Entire home/apt,7,4,Elevator|Kitchen|Free parking|Heating|Gym|Wifi|Pool|Washer,288.22,3,90,3.88,3.87,3.98,3.71,3.69,4.02,3.6,False
322,"Entire home/apt in Senayan, Jakarta",1102,2024-01-25,Jakarta,within an hour,78,98,False,6,True,True,Senayan,South,Jakarta,-6.20938,106.816809,Loft,Entire home/apt,4,2,Workspace|Gym|Iron|Air conditioning|Wifi,226.97,7,30,4.3,4.46,4.09,4.45,4.29,4.59,4.19,True
323,"Private room in KLCC, Kuala Lumpur",1103,2016-10-25,Kuala Lumpur,a few days or more,86,84,False,14,True,True,KLCC,Central,Kuala Lumpur,3.115322,101.686883,Loft,Private room,4,2,Heating|Wifi|Air conditioning|Washer,119.07,2,60,3.26,3.3,3.43,3.42,3.32,3.07,2.96,False
324,"Private room in BGC, Manila",1104,2019-12-03,Manila,within a day,51,64,False,14,True,True,BGC,West,Manila,14.577493,120.966644,House,Private room,3,2,Kitchen|TV|Free parking|Air conditioning,146.09,2,365,3.41,3.46,3.05,3.65,3.69,3.15,3.3,False
325,"Entire home/apt in Malate, Manila",1105,2024-12-31,Manila,within a day,98,92,True,15,True,True,Malate,Central,Manila,14.587368,120.993656,House,Entire home/apt,1,1,Iron|Wifi|Workspace|Pool|Gym|Kitchen|Air conditioning,163.03,1,365,3.8,3.54,3.97,4.05,3.95,3.96,3.42,False
326,"Private room in Senayan, Jakarta",1106,2018-01-13,Jakarta,within an hour,51,99,False,13,True,True,Senayan,East,Jakarta,-6.199096,106.806905,Serviced apartment,Private room,8,4,Iron|Pool|Gym|Elevator|Free parking|Heating,253.06,3,1125,4.73,4.86,4.74,4.9,4.81,4.46,4.71,False
327,"Entire home/apt in Senayan, Jakarta",1107,2025-01-22,Jakarta,within an hour,50,96,False,4,True,False,Senayan,Central,Jakarta,-6.201723,106.81634,Loft,Entire home/apt,2,1,Gym|Wifi|Washer|Heating|Air conditioning|Free parking|Iron|Elevator,163.09,1,30,3.94,3.7,3.65,3.76,3.91,4.03,3.66,True
328,"Private room in BGC, Manila",1108,2021-02-04,Manila,within an hour,53,72,True,15,True,True,BGC,North,Manila,14.581048,120.962637,Loft,Private room,2,1,Elevator|Free parking|Pool|TV|Iron|Gym,78.2,7,1125,4.38,4.32,4.03,4.64,4.6,4.39,4.13,False
329,"Entire home/apt in Katong, Singapore",1109,2022-04-16,Singapore,within a day,89,74,False,8,True,False,Katong,Central,Singapore,1.373951,103.821695,Condominium,Entire home/apt,4,2,Free parking|Workspace|Heating,236.41,2,365,3.89,3.81,3.62,3.88,4.02,3.91,3.82,True
330,"Private room in Bukit Bintang, Kuala Lumpur",1110,2025-03-05,Kuala Lumpur,within an hour,56,85,False,7,True,True,Bukit Bintang,West,Kuala Lumpur,3.151077,101.675708,Serviced apartment,Private room,6,3,Pool|Heating|Gym,217.75,3,365,4.76,4.67,4.79,4.94,4.69,5.0,4.59,False
331,"Entire home/apt in Silom, Bangkok",1111,2017-10-20,Bangkok,within an hour,57,69,False,10,True,True,Silom,West,Bangkok,13.770511,100.464993,Apartment,Entire home/apt,5,2,Heating|Free parking|Pool,183.7,2,60,3.68,3.6,3.29,3.48,3.5,3.6,3.6,False
332,"Private room in Menteng, Jakarta",1112,2021-03-08,Jakarta,within a few hours,93,82,False,14,True,True,Menteng,North,Jakarta,-6.226296,106.832133,Serviced apartment,Private room,5,2,Free parking|Elevator|Kitchen|Washer|Heating|Air conditioning|Workspace,188.34,3,90,4.38,4.1,4.41,4.21,4.54,4.24,4.11,False
333,"Private room in Bangsar, Kuala Lumpur",1113,2020-09-07,Kuala Lumpur,a few days or more,91,73,False,8,True,True,Bangsar,West,Kuala Lumpur,3.152117,101.672102,Apartment,Private room,6,3,Heating|Pool|Gym|Air conditioning|Workspace|Kitchen|TV|Wifi,148.0,3,30,3.79,3.57,3.42,4.06,4.05,3.51,3.69,False
334,"Private room in Malate, Manila",1114,2019-04-01,Manila,within a day,67,62,False,14,True,True,Malate,South,Manila,14.586102,120.998228,Serviced apartment,Private room,6,3,Iron|Air conditioning|Workspace|Washer|Gym|Free parking|Pool|Wifi|Elevator,218.7,2,60,4.29,4.15,4.37,4.58,4.21,4.18,4.38,False
335,"Entire home/apt in Senayan, Jakarta",1115,2015-11-10,Jakarta,within an hour,76,76,False,9,True,True,Senayan,East,Jakarta,-6.207311,106.810414,Loft,Entire home/apt,6,3,Gym|Washer|Heating|Kitchen|Iron|Workspace|Elevator|Free parking|Air conditioning|TV,237.83,3,365,3.67,3.69,3.73,3.92,3.91,3.38,3.33,True
336,"Private room in Malate, Manila",1116,2024-05-08,Manila,within a day,57,71,False,15,False,True,Malate,West,Manila,14.586554,120.994881,Loft,Private room,3,2,TV|Workspace|Gym|Heating|Pool,149.82,3,1125,3.43,3.44,3.63,3.25,3.6,3.34,3.25,True
337,"Entire home/apt in Senayan, Jakarta",1117,2023-03-24,Jakarta,within a day,53,86,True,9,True,True,Senayan,South,Jakarta,-6.209591,106.810216,Loft,Entire home/apt,8,4,Air conditioning|Kitchen|Wifi|Pool|Elevator|Washer|Iron|Gym|Workspace|TV|Free parking,279.51,3,1125,4.9,5.0,4.76,4.86,4.86,4.71,4.57,False
338,"Entire home/apt in Chinatown, Bangkok",1118,2018-03-12,Bangkok,within a few hours,51,88,True,15,True,True,Chinatown,Central,Bangkok,13.783319,100.529166,Serviced apartment,Entire home/apt,6,3,Kitchen|Free parking|Iron|Air conditioning|Washer|Pool,237.47,3,1125,3.7,3.8,3.3,3.92,3.51,3.52,3.77,False
339,"Private room in Senayan, Jakarta",1119,2023-01-12,Jakarta,within an hour,70,60,False,9,True,False,Senayan,West,Jakarta,-6.201823,106.809317,Condominium,Private room,5,2,Elevator|Free parking|Air conditioning|Kitchen|Iron|Pool|Gym|Wifi|TV,189.49,2,365,4.65,4.67,4.56,4.84,4.8,4.54,4.71,True
340,"Private room in BGC, Manila",1120,2022-01-13,Manila,within a few hours,90,55,True,9,True,True,BGC,East,Manila,14.583529,120.962818,Condominium,Private room,1,1,Iron|Washer|Free parking|Elevator|Kitchen|Workspace,145.21,1,365,4.66,4.39,4.59,4.56,4.55,4.61,4.39,True
341,"Entire home/apt in Makati, Manila",1121,2024-06-05,Manila,a few days or more,57,61,False,8,True,True,Makati,West,Manila,14.567112,120.976139,House,Entire home/apt,3,2,Heating|Pool|TV|Elevator|Free parking|Wifi|Air conditioning|Gym|Kitchen,215.28,7,30,3.96,3.83,3.8,3.82,4.2,4.16,3.99,False
342,"Entire home/apt in Sukhumvit, Bangkok",1122,2023-10-12,Bangkok,within an hour,69,78,False,7,True,True,Sukhumvit,East,Bangkok,13.748028,100.463535,House,Entire home/apt,4,2,Gym|Workspace|Elevator|Iron|TV|Kitchen|Wifi|Heating,221.94,3,60,4.07,4.04,4.14,3.93,4.35,4.14,3.73,False
343,"Private room in Jurong East, Singapore",1123,2023-08-07,Singapore,within a day,71,76,False,4,True,True,Jurong East,South,Singapore,1.363218,103.804295,Apartment,Private room,6,3,Pool|TV|Washer|Kitchen|Gym|Elevator,192.17,7,60,4.49,4.66,4.11,4.3,4.76,4.25,4.29,True
344,"Entire home/apt in Thonglor, Bangkok",1124,2023-05-30,Bangkok,within an hour,50,97,True,14,True,True,Thonglor,South,Bangkok,13.754537,100.552658,House,Entire home/apt,4,2,Workspace|Free parking|Air conditioning|Heating|TV,174.86,3,60,4.11,3.86,4.06,4.11,4.33,4.33,4.1,True
345,"Entire home/apt in Katong, Singapore",1125,2022-05-11,Singapore,a few days or more,96,75,False,6,True,True,Katong,South,Singapore,1.36696,103.820887,House,Entire home/apt,2,1,Gym|TV|Free parking|Elevator|Heating|Pool,153.53,7,30,4.16,4.09,4.11,3.97,4.35,4.13,4.0,True
346,"Private room in KLCC, Kuala Lumpur",1126,2016-11-24,Kuala Lumpur,within an hour,99,81,True,5,True,False,KLCC,North,Kuala Lumpur,3.123711,101.695948,Condominium,Private room,2,1,Kitchen|Gym|Heating|Elevator,104.25,2,90,4.14,4.26,3.76,4.28,4.24,4.36,3.87,True
347,"Entire home/apt in BGC, Manila",1127,2022-12-13,Manila,within an hour,60,62,False,8,True,True,BGC,Central,Manila,14.57489,120.965666,Serviced apartment,Entire home/apt,4,2,Air conditioning|Gym|Workspace|Iron,215.7,1,365,3.43,3.38,3.41,3.49,3.3,3.65,3.24,True
348,"Private room in Jurong East, Singapore",1128,2021-11-24,Singapore,within a few hours,60,83,False,12,True,True,Jurong East,North,Singapore,1.363698,103.81132,House,Private room,5,2,TV|Iron|Washer|Pool|Free parking|Heating|Gym,142.74,1,90,3.58,3.49,3.27,3.41,3.87,3.47,3.27,False
349,"Entire home/apt in BGC, Manila",1129,2015-10-01,Manila,within a day,73,89,False,13,True,True,BGC,North,Manila,14.585143,120.96644,House,Entire home/apt,8,4,Washer|Free parking|Iron,273.69,2,1125,4.68,4.65,4.68,4.52,4.56,4.82,4.42,True
350,"Private room in Tiong Bahru, Singapore",1130,2023-08-29,Singapore,within an hour,58,82,False,13,True,True,Tiong Bahru,North,Singapore,1.395653,103.79513,Serviced apartment,Private room,7,4,Iron|Elevator|Washer|Kitchen|Wifi|Gym|Air conditioning|Pool|Workspace|TV|Heating|Free parking,213.16,2,365,3.5,3.36,3.4,3.36,3.58,3.43,3.29,True
351,"Entire home/apt in Bangsar, Kuala Lumpur",1131,2022-02-08,Kuala Lumpur,within a few hours,74,73,False,3,True,True,Bangsar,Central,Kuala Lumpur,3.146811,101.673171,House,Entire home/apt,4,2,Elevator|Workspace|Free parking|Air conditioning|Gym|Pool|Kitchen|TV|Wifi|Heating|Iron,225.54,1,365,4.59,4.47,4.31,4.68,4.55,4.84,4.65,False
352,"Entire home/apt in Orchard, Singapore",1132,2019-06-20,Singapore,a few days or more,97,91,True,13,True,True,Orchard,South,Singapore,1.368176,103.815801,House,Entire home/apt,5,2,Heating|Wifi|Elevator,214.29,1,30,5.0,4.88,4.97,5.0,5.0,4.81,5.0,True
353,"Private room in Bugis, Singapore",1133,2024-08-14,Singapore,within a few hours,96,67,False,2,True,False,Bugis,East,Singapore,1.393626,103.829738,Loft,Private room,1,1,Workspace|Wifi|Pool|Heating|Kitchen|Free parking|TV|Elevator|Iron|Gym|Air conditioning|Washer,85.28,2,30,4.71,4.55,4.43,4.76,4.6,4.86,4.73,True
354,"Entire home/apt in Bangsar, Kuala Lumpur",1134,2022-10-23,Kuala Lumpur,within an hour,63,90,True,6,True,False,Bangsar,North,Kuala Lumpur,3.154248,101.677283,House,Entire home/apt,8,4,Kitchen|Air conditioning|Workspace|Pool,272.25,1,60,4.26,4.11,4.27,4.53,4.49,4.41,4.23,True
355,"Entire home/apt in Senayan, Jakarta",1135,2019-08-23,Jakarta,a few days or more,90,93,False,14,True,True,Senayan,East,Jakarta,-6.20381,106.810834,House,Entire home/apt,3,2,Free parking|Workspace|Elevator|Iron|Air conditioning,198.08,1,1125,4.08,3.97,4.0,3.99,4.23,3.99,4.09,False
356,"Private room in Thonglor, Bangkok",1136,2023-09-03,Bangkok,a few days or more,92,87,True,15,True,True,Thonglor,Central,Bangkok,13.753137,100.548334,Serviced apartment,Private room,5,2,TV|Iron|Kitchen|Elevator,143.99,2,30,3.45,3.46,3.57,3.25,3.46,3.35,3.37,True
357,"Entire home/apt in KLCC, Kuala Lumpur",1137,2019-12-04,Kuala Lumpur,within a few hours,98,82,False,2,True,True,KLCC,North,Kuala Lumpur,3.118449,101.687302,Condominium,Entire home/apt,3,2,Workspace|Gym|Elevator|Washer|Free parking|Pool|Kitchen|Heating|Iron,233.36,2,90,4.07,4.25,3.91,3.88,4.13,4.32,4.11,False
358,"Private room in Makati, Manila",1138,2023-11-04,Manila,within a day,69,55,False,3,True,False,Makati,East,Manila,14.563516,120.983766,Serviced apartment,Private room,3,2,Pool|Elevator|Gym|Kitchen|Iron,163.49,1,365,3.2,2.95,2.95,3.34,3.42,3.12,3.04,True
359,"Private room in Senayan, Jakarta",1139,2024-04-28,Jakarta,within an hour,64,88,False,3,True,True,Senayan,East,Jakarta,-6.206592,106.814686,Loft,Private room,8,4,Kitchen|Pool|Workspace|Gym|Iron|Heating|Elevator|Washer|Free parking,212.76,2,90,4.16,4.03,4.25,4.27,4.34,4.41,4.08,True
360,"Entire home/apt in Sukhumvit, Bangkok",1140,2022-05-02,Bangkok,a few days or more,50,60,True,6,True,True,Sukhumvit,East,Bangkok,13.749556,100.464692,Condominium,Entire home/apt,2,1,Wifi|Free parking|Gym|Kitchen|TV|Washer|Pool|Iron|Workspace|Air conditioning,182.68,3,1125,4.65,4.54,4.52,4.69,4.93,4.59,4.64,True
361,"Private room in Bangsar, Kuala Lumpur",1141,2023-10-04,Kuala Lumpur,within a day,62,82,False,14,True,True,Bangsar,South,Kuala Lumpur,3.146705,101.679292,Apartment,Private room,8,4,Air conditioning|Kitchen|Gym|TV|Heating|Elevator|Pool|Wifi,203.61,7,365,3.47,3.39,3.35,3.29,3.7,3.45,3.1,False
362,"Entire home/apt in KLCC, Kuala Lumpur",1142,2015-04-07,Kuala Lumpur,within an hour,84,97,False,7,True,True,KLCC,East,Kuala Lumpur,3.120784,101.691107,Loft,Entire home/apt,5,2,Elevator|Pool|Free parking,221.18,1,30,4.34,4.31,4.02,4.21,4.39,4.58,4.11,True
363,"Private room in Makati, Manila",1143,2019-03-07,Manila,within an hour,61,97,True,5,True,True,Makati,Central,Manila,14.570737,120.978241,Serviced apartment,Private room,1,1,Gym|TV|Air conditioning|Pool,97.21,2,30,4.87,4.97,4.81,5.0,4.98,4.89,4.87,False
364,"Entire home/apt in Katong, Singapore",1144,2022-09-22,Singapore,within a day,56,64,False,4,True,True,Katong,Central,Singapore,1.371214,103.832391,Serviced apartment,Entire home/apt,7,4,Gym|Kitchen|Free parking|Heating|Wifi|Washer|Air conditioning|Elevator|Workspace|Iron|TV|Pool,275.11,7,90,3.68,3.49,3.65,3.84,3.78,3.66,3.49,False
365,"Private room in BGC, Manila",1145,2018-08-02,Manila,within a day,69,68,False,13,True,True,BGC,West,Manila,14.586546,120.960423,Loft,Private room,1,1,Washer|TV|Kitchen|Gym|Free parking|Workspace|Wifi|Elevator|Pool|Heating,86.86,2,365,4.08,3.79,4.05,3.96,4.06,4.04,4.18,True
366,"Shared room in Bangsar, Kuala Lumpur",1146,2016-06-23,Kuala Lumpur,within a day,70,99,False,6,True,False,Bangsar,Central,Kuala Lumpur,3.145272,101.678887,Loft,Shared room,7,4,Washer|Workspace|Air conditioning|Free parking|Kitchen|Gym|Heating|Iron|TV,190.66,7,90,3.83,3.78,3.75,3.74,3.83,3.98,3.57,False
367,"Entire home/apt in Silom, Bangkok",1147,2022-05-11,Bangkok,within a day,89,65,True,3,True,False,Silom,South,Bangkok,13.776291,100.468503,Loft,Entire home/apt,6,3,Gym|Workspace|Washer|Wifi|Heating|Air conditioning|Free parking|Pool|TV,248.96,7,365,4.28,4.32,4.45,4.09,4.38,4.45,4.07,False
368,"Entire home/apt in Silom, Bangkok",1148,2022-12-29,Bangkok,within a few hours,100,61,False,8,True,True,Silom,South,Bangkok,13.775709,100.462481,Loft,Entire home/apt,4,2,Washer|Heating|Elevator,182.64,7,30,4.03,4.13,4.13,4.27,4.28,3.88,3.99,True
369,"Shared room in Jurong East, Singapore",1149,2019-09-05,Singapore,a few days or more,77,100,False,2,True,False,Jurong East,Central,Singapore,1.370864,103.80991,Serviced apartment,Shared room,7,4,Iron|TV|Wifi|Elevator|Workspace|Gym|Pool|Heating|Kitchen|Air conditioning|Free parking|Washer,168.87,1,90,3.92,4.0,3.87,4.12,4.08,3.84,3.85,True
370,"Entire home/apt in Chinatown, Bangkok",1150,2015-10-31,Bangkok,within a few hours,83,68,False,1,True,True,Chinatown,East,Bangkok,13.789301,100.531676,Condominium,Entire home/apt,6,3,Pool|Free parking|Elevator|Workspace|Heating|TV|Kitchen,267.31,2,1125,4.22,4.1,3.99,4.49,4.1,4.3,4.06,True
371,"Entire home/apt in Bukit Bintang, Kuala Lumpur",1151,2017-11-19,Kuala Lumpur,within a few hours,72,91,False,3,True,True,Bukit Bintang,South,Kuala Lumpur,3.153639,101.669436,Condominium,Entire home/apt,5,2,Kitchen|Heating|Wifi|Free parking|Pool|Elevator|TV,251.25,3,90,4.54,4.5,4.37,4.8,4.66,4.76,4.38,True
372,"Entire home/apt in Menteng, Jakarta",1152,2016-09-06,Jakarta,within an hour,71,82,False,2,True,True,Menteng,West,Jakarta,-6.221117,106.82906,Apartment,Entire home/apt,5,2,Pool|Elevator|Iron|Wifi|Washer|Workspace,190.35,3,1125,3.56,3.68,3.48,3.4,3.76,3.53,3.42,True
373,"Private room in Silom, Bangkok",1153,2021-10-31,Bangkok,a few days or more,79,56,False,9,True,True,Silom,Central,Bangkok,13.770432,100.466297,Condominium,Private room,8,4,Kitchen|TV|Free parking|Wifi,210.76,2,30,3.57,3.37,3.24,3.41,3.47,3.6,3.28,True
374,"Entire home/apt in Makati, Manila",1154,2019-12-19,Manila,within a few hours,71,67,False,11,True,True,Makati,South,Manila,14.565341,120.983578,Serviced apartment,Entire home/apt,2,1,Elevator|Wifi|Free parking|Gym|Heating|Washer|Pool|Air conditioning|Kitchen|TV|Workspace|Iron,203.6,3,90,4.91,4.92,4.58,5.0,4.8,4.61,4.96,False
375,"Entire home/apt in Menteng, Jakarta",1155,2016-01-23,Jakarta,within a few hours,70,60,False,4,True,True,Menteng,North,Jakarta,-6.225487,106.831592,Condominium,Entire home/apt,7,4,Kitchen|Washer|Air conditioning|Iron|TV|Workspace|Free parking|Gym|Pool|Elevator|Heating,297.01,1,60,3.39,3.4,3.08,3.67,3.68,3.48,3.38,False
376,"Entire home/apt in Bukit Bintang, Kuala Lumpur",1156,2018-06-08,Kuala Lumpur,within a day,51,95,False,4,True,True,Bukit Bintang,East,Kuala Lumpur,3.143364,101.670048,House,Entire home/apt,5,2,Free parking|Gym|Heating|Iron|TV|Wifi|Washer|Elevator|Pool|Air conditioning,199.39,7,90,4.36,4.21,4.18,4.32,4.56,4.26,4.24,True
377,"Entire home/apt in Chinatown, Bangkok",1157,2023-02-08,Bangkok,within an hour,56,53,False,11,True,True,Chinatown,West,Bangkok,13.794011,100.529573,House,Entire home/apt,4,2,Iron|Gym|Elevator,181.82,2,1125,3.65,3.53,3.8,3.51,3.52,3.8,3.41,False
378,"Private room in Menteng, Jakarta",1158,2019-12-01,Jakarta,within a day,99,78,False,12,True,True,Menteng,East,Jakarta,-6.220697,106.833147,Condominium,Private room,4,2,TV|Workspace|Free parking|Wifi|Kitchen|Gym|Iron,163.9,1,90,4.77,4.7,4.65,4.74,4.91,4.89,4.5,False
379,"Private room in Tiong Bahru, Singapore",1159,2020-06-15,Singapore,within an hour,84,60,False,13,True,False,Tiong Bahru,South,Singapore,1.393971,103.798034,Apartment,Private room,7,4,Pool|Wifi|Heating|Gym|Iron|Free parking|Kitchen|TV|Washer|Air conditioning|Workspace,191.8,1,1125,4.34,4.5,4.31,4.64,4.52,4.5,4.16,True
380,"Private room in Senayan, Jakarta",1160,2021-06-14,Jakarta,within a few hours,87,93,False,13,True,True,Senayan,West,Jakarta,-6.205628,106.809754,Condominium,Private room,2,1,Wifi|Gym|Heating|Free parking|Workspace|TV|Washer|Elevator|Iron,108.99,3,365,3.61,3.64,3.33,3.82,3.87,3.85,3.57,False
381,"Entire home/apt in Silom, Bangkok",1161,2021-10-01,Bangkok,within a few hours,99,72,False,1,True,True,Silom,East,Bangkok,13.770758,100.468393,Condominium,Entire home/apt,2,1,Air conditioning|Pool|Iron|Washer|TV|Workspace|Kitchen|Gym,165.44,2,30,3.96,4.08,3.79,3.98,4.13,4.1,3.75,True
382,"Private room in Menteng, Jakarta",1162,2016-12-18,Jakarta,within a day,80,66,False,9,True,True,Menteng,Central,Jakarta,-6.226564,106.825368,Condominium,Private room,2,1,Washer|Air conditioning|Elevator|Pool|TV,104.11,2,30,3.95,3.65,4.03,3.95,4.18,3.86,4.02,False
383,"Entire home/apt in Senayan, Jakarta",1163,2024-02-01,Jakarta,within a few hours,94,80,False,13,True,True,Senayan,Central,Jakarta,-6.210643,106.812871,House,Entire home/apt,2,1,Workspace|Iron|Pool|Wifi|Kitchen|Gym|Air conditioning,174.77,1,1125,3.52,3.62,3.64,3.65,3.51,3.47,3.2,True
384,"Entire home/apt in Makati, Manila",1164,2015-05-03,Manila,within an hour,84,74,False,13,True,True,Makati,South,Manila,14.57221,120.984134,Condominium,Entire home/apt,2,1,Heating|Pool|Wifi|Workspace|Iron|TV|Washer,207.26,7,1125,3.26,3.04,2.92,3.23,3.17,3.21,2.89,False
385,"Entire home/apt in Kemang, Jakarta",1165,2020-04-07,Jakarta,within an hour,95,75,False,5,True,True,Kemang,South,Jakarta,-6.230507,106.827473,Serviced apartment,Entire home/apt,1,1,Pool|Heating|Air conditioning|Elevator|TV|Workspace|Free parking|Iron|Gym|Wifi|Kitchen,175.13,1,60,4.65,4.46,4.36,4.78,4.61,4.93,4.58,False
386,"Entire home/apt in BGC, Manila",1166,2021-07-01,Manila,a few days or more,72,62,False,11,True,False,BGC,South,Manila,14.578597,120.966291,Condominium,Entire home/apt,6,3,Iron|Wifi|Washer|Kitchen|Workspace|Air conditioning|Pool|Elevator|Gym,268.37,2,365,3.49,3.69,3.36,3.42,3.51,3.64,3.42,False
387,"Entire home/apt in KLCC, Kuala Lumpur",1167,2020-02-13,Kuala Lumpur,within a day,69,78,False,7,True,True,KLCC,South,Kuala Lumpur,3.122187,101.688336,Condominium,Entire home/apt,8,4,Free parking|Air conditioning|Pool|Gym|Wifi|Workspace|Iron|Elevator|Heating|Washer|TV,308.46,1,1125,3.42,3.21,3.51,3.66,3.48,3.21,3.36,False
388,"Private room in Thonglor, Bangkok",1168,2020-12-13,Bangkok,within a few hours,98,95,False,3,True,False,Thonglor,South,Bangkok,13.753714,100.554174,Serviced apartment,Private room,3,2,Workspace|TV|Kitchen|Pool|Heating|Wifi,157.96,3,365,4.42,4.55,4.19,4.7,4.69,4.3,4.47,False
389,"Entire home/apt in Kemang, Jakarta",1169,2017-10-26,Jakarta,within an hour,64,67,False,3,True,True,Kemang,North,Jakarta,-6.229898,106.829574,House,Entire home/apt,5,2,Heating|Air conditioning|Wifi|Gym|Kitchen|Iron|Washer|TV|Free parking|Pool|Workspace|Elevator,179.02,1,1125,3.9,4.07,3.59,3.92,4.04,4.06,3.51,True
390,"Private room in Bangsar, Kuala Lumpur",1170,2019-12-01,Kuala Lumpur,a few days or more,98,68,False,4,True,True,Bangsar,South,Kuala Lumpur,3.153174,101.676379,Apartment,Private room,8,4,Kitchen|Air conditioning|Pool|Free parking|Wifi|Washer|Workspace|Elevator|Gym|Iron,188.77,1,30,4.25,4.45,4.21,4.35,4.23,4.47,4.18,False
391,"Private room in Kemang, Jakarta",1171,2023-03-20,Jakarta,within a day,56,99,False,14,True,True,Kemang,North,Jakarta,-6.229562,106.824768,Apartment,Private room,5,2,Iron|Free parking|Pool|Air conditioning|Wifi|Elevator|Heating|Washer|TV,160.33,3,1125,4.25,4.37,4.08,4.31,4.51,4.18,4.15,False
392,"Entire home/apt in Orchard, Singapore",1172,2022-07-18,Singapore,a few days or more,90,97,False,13,True,True,Orchard,North,Singapore,1.367469,103.816191,Apartment,Entire home/apt,4,2,Pool|Iron|Elevator,192.84,7,30,4.73,4.54,4.44,4.85,4.69,4.61,4.54,True
393,"Private room in Kemang, Jakarta",1173,2017-10-15,Jakarta,a few days or more,55,71,False,6,True,True,Kemang,South,Jakarta,-6.222847,106.821627,House,Private room,6,3,Kitchen|Washer|TV|Heating|Pool|Elevator|Iron,161.38,3,60,4.56,4.42,4.34,4.82,4.41,4.5,4.47,False
394,"Private room in Menteng, Jakarta",1174,2024-01-14,Jakarta,within a few hours,75,89,False,12,True,True,Menteng,Central,Jakarta,-6.220685,106.831004,House,Private room,8,4,Pool|Wifi|Air conditioning|Washer|Free parking,195.28,1,30,4.84,4.59,4.8,5.0,4.84,4.7,4.8,False
395,"Entire home/apt in Menteng, Jakarta",1175,2015-12-03,Jakarta,within a few hours,78,91,False,13,True,True,Menteng,East,Jakarta,-6.217289,106.827222,Loft,Entire home/apt,5,2,TV|Kitchen|Free parking|Wifi|Elevator|Air conditioning,212.74,1,30,4.7,4.55,4.88,4.93,4.74,4.66,4.58,False
396,"Private room in Chinatown, Bangkok",1176,2024-12-18,Bangkok,within a few hours,100,84,False,10,True,True,Chinatown,East,Bangkok,13.790486,100.5264,Condominium,Private room,7,4,Free parking|Gym|Pool|Heating|Washer|Kitchen|Workspace|Iron,229.5,1,1125,3.34,3.39,3.26,3.19,3.55,3.18,3.11,False
397,"Entire home/apt in Makati, Manila",1177,2019-11-29,Manila,within an hour,93,72,False,2,True,True,Makati,West,Manila,14.567465,120.981646,Loft,Entire home/apt,1,1,Wifi|TV|Elevator|Iron|Workspace,158.31,3,90,4.81,4.98,4.85,4.97,4.86,4.93,4.88,False
398,"Entire home/apt in Chinatown, Bangkok",1178,2021-05-23,Bangkok,within a few hours,88,99,False,13,True,True,Chinatown,East,Bangkok,13.790932,100.531331,House,Entire home/apt,5,2,Iron|Heating|Pool|Wifi|TV|Workspace|Kitchen|Free parking|Elevator|Washer|Gym,197.18,1,30,4.15,4.17,4.05,4.01,3.99,4.42,4.04,False
399,"Private room in Kemang, Jakarta",1179,2017-01-19,Jakarta,a few days or more,98,56,True,9,True,True,Kemang,West,Jakarta,-6.224452,106.820541,Loft,Private room,3,2,Elevator|Air conditioning|Kitchen|Free parking|Gym|Iron|Workspace,148.6,1,1125,3.83,3.56,3.76,3.97,3.68,3.53,3.92,True
400,"Entire home/apt in KLCC, Kuala Lumpur",1180,2016-12-07,Kuala Lumpur,within a few hours,78,51,True,10,True,True,KLCC,Central,Kuala Lumpur,3.124191,101.68895,House,Entire home/apt,6,3,Pool|Air conditioning|Kitchen|Workspace|Heating|Washer,254.26,3,30,4.47,4.57,4.26,4.42,4.44,4.28,4.33,False
401,"Entire home/apt in Menteng, Jakarta",1181,2022-05-21,Jakarta,a few days or more,62,100,False,7,True,True,Menteng,Central,Jakarta,-6.227391,106.835803,Serviced apartment,Entire home/apt,6,3,Iron|TV|Air conditioning|Pool,283.58,2,30,3.64,3.8,3.79,3.85,3.89,3.76,3.66,True
402,"Private room in Makati, Manila",1182,2022-03-19,Manila,a few days or more,89,74,True,5,True,True,Makati,North,Manila,14.562032,120.974422,House,Private room,7,4,Free parking|Iron|Gym|Heating|TV|Washer,211.63,2,30,3.35,3.31,2.97,3.62,3.3,3.4,3.4,False
403,"Entire home/apt in Bangsar, Kuala Lumpur",1183,2019-04-26,Kuala Lumpur,within a day,54,95,True,4,True,False,Bangsar,North,Kuala Lumpur,3.154059,101.67879,Apartment,Entire home/apt,1,1,Workspace|TV|Iron|Kitchen|Pool|Elevator|Gym|Wifi|Air conditioning,186.17,1,1125,3.38,3.4,2.99,3.64,3.28,3.49,3.44,True
404,"Shared room in Thonglor, Bangkok",1184,2024-05-24,Bangkok,within a few hours,99,81,False,5,True,True,Thonglor,South,Bangkok,13.75062,100.553978,Condominium,Shared room,4,2,Iron|Free parking|Gym|Workspace|Washer|Pool|Heating|Kitchen|Elevator|TV|Wifi|Air conditioning,123.45,1,365,4.68,4.4,4.74,4.54,4.82,4.42,4.34,True
405,"Entire home/apt in Menteng, Jakarta",1185,2017-11-16,Jakarta,within an hour,85,81,False,4,True,True,Menteng,East,Jakarta,-6.218461,106.826704,Condominium,Entire home/apt,3,2,TV|Free parking|Iron|Heating|Air conditioning|Gym|Wifi,243.89,3,30,3.91,3.84,3.58,3.82,4.13,3.72,3.89,False
406,"Entire home/apt in Chinatown, Bangkok",1186,2023-08-17,Bangkok,a few days or more,62,91,True,1,True,False,Chinatown,North,Bangkok,13.785177,100.524646,Serviced apartment,Entire home/apt,3,2,Washer|Pool|Wifi|Heating|Kitchen|Elevator,216.31,2,60,4.75,4.92,4.65,4.66,4.86,4.65,4.71,True
407,"Private room in Menteng, Jakarta",1187,2016-08-10,Jakarta,within a day,52,59,False,15,True,True,Menteng,Central,Jakarta,-6.227049,106.835472,Condominium,Private room,5,2,Gym|TV|Iron|Wifi,169.63,7,60,4.31,4.01,3.91,4.14,4.3,4.35,4.34,False
408,"Entire home/apt in Orchard, Singapore",1188,2022-03-26,Singapore,within a day,64,59,False,5,True,True,Orchard,East,Singapore,1.371622,103.811755,Serviced apartment,Entire home/apt,8,4,Iron|Elevator|Heating|Free parking|Pool|Workspace,317.55,2,90,4.02,4.16,3.84,3.83,4.22,3.81,3.85,False
409,"Entire home/apt in Makati, Manila",1189,2019-07-21,Manila,within a day,79,85,False,14,True,True,Makati,North,Manila,14.564037,120.975506,Loft,Entire home/apt,6,3,Gym|Elevator|Pool|Heating|TV|Iron|Washer|Air conditioning|Free parking|Wifi,218.45,2,90,3.59,3.4,3.27,3.44,3.72,3.47,3.61,False
410,"Entire home/apt in BGC, Manila",1190,2016-10-03,Manila,a few days or more,70,79,False,4,True,False,BGC,East,Manila,14.584109,120.9618,Apartment,Entire home/apt,6,3,Wifi|Washer|Gym|Kitchen|Free parking|Pool|Heating|Elevator|Air conditioning|TV,237.34,2,90,3.92,3.93,3.98,3.99,4.03,3.64,3.57,True
411,"Entire home/apt in Bugis, Singapore",1191,2025-02-10,Singapore,within a few hours,59,60,False,7,True,True,Bugis,Central,Singapore,1.389067,103.830177,Apartment,Entire home/apt,2,1,Air conditioning|Pool|Heating|Iron|Elevator|Washer|Kitchen,156.23,3,1125,4.47,4.37,4.41,4.58,4.62,4.34,4.49,True
412,"Entire home/apt in Tiong Bahru, Singapore",1192,2019-04-10,Singapore,a few days or more,59,57,False,15,True,True,Tiong Bahru,East,Singapore,1.386777,103.794851,Loft,Entire home/apt,1,1,Workspace|Pool|Elevator|Kitchen|Heating|Wifi|Washer|Free parking|TV|Air conditioning|Gym|Iron,140.46,7,90,3.32,3.17,3.4,3.51,3.3,3.61,3.17,False
413,"Entire home/apt in BGC, Manila",1193,2018-02-21,Manila,a few days or more,92,55,False,6,True,False,BGC,South,Manila,14.583726,120.968543,Condominium,Entire home/apt,5,2,Kitchen|Wifi|Washer|Free parking|TV|Heating|Gym|Workspace,214.56,1,60,3.27,3.41,3.43,3.08,3.36,3.15,2.97,True
414,"Private room in Menteng, Jakarta",1194,2020-09-30,Jakarta,within a day,82,57,False,1,True,True,Menteng,East,Jakarta,-6.223689,106.83234,House,Private room,6,3,Kitchen|Pool|Free parking|TV|Washer|Elevator|Workspace|Iron,162.17,1,60,3.35,3.09,3.17,3.23,3.55,3.52,3.38,True
415,"Entire home/apt in Katong, Singapore",1195,2018-09-17,Singapore,within an hour,95,55,False,7,True,True,Katong,West,Singapore,1.373524,103.823478,Serviced apartment,Entire home/apt,8,4,Washer|Air conditioning|Kitchen|Iron|TV,300.71,7,1125,3.21,3.01,3.3,3.36,3.26,3.33,3.04,False
416,"Entire home/apt in Makati, Manila",1196,2017-03-20,Manila,within a day,88,76,False,9,True,False,Makati,West,Manila,14.57365,120.97512,Loft,Entire home/apt,1,1,Workspace|Air conditioning|Iron|Washer|Kitchen|Gym,137.38,1,365,3.78,3.61,3.59,3.7,3.58,4.01,3.72,True
417,"Entire home/apt in Sukhumvit, Bangkok",1197,2015-09-05,Bangkok,a few days or more,73,81,False,5,True,False,Sukhumvit,North,Bangkok,13.755478,100.461309,Apartment,Entire home/apt,6,3,Wifi|Iron|Air conditioning|Pool|TV|Elevator|Gym|Free parking|Workspace|Kitchen,256.65,2,1125,3.67,3.87,3.38,3.76,3.49,3.58,3.5,True
418,"Entire home/apt in Kemang, Jakarta",1198,2019-04-29,Jakarta,within an hour,75,80,False,3,True,True,Kemang,West,Jakarta,-6.220866,106.822166,Loft,Entire home/apt,3,2,Gym|Iron|Kitchen|Workspace|Pool|Wifi|Washer|Air conditioning,207.58,2,60,3.47,3.18,3.31,3.42,3.75,3.5,3.18,True
419,"Private room in Kemang, Jakarta",1199,2022-06-20,Jakarta,within a day,90,60,True,6,True,False,Kemang,West,Jakarta,-6.227222,106.819718,Loft,Private room,3,2,Workspace|Elevator|Heating|Free parking|Kitchen|Air conditioning|TV|Washer,128.8,7,1125,4.65,4.56,4.32,4.51,4.59,4.78,4.65,False
420,"Entire home/apt in Bangsar, Kuala Lumpur",1200,2017-10-05,Kuala Lumpur,within a few hours,95,87,True,10,True,True,Bangsar,East,Kuala Lumpur,3.154245,101.677461,Loft,Entire home/apt,8,4,Iron|Elevator|Free parking|TV|Pool|Heating|Kitchen|Air conditioning,261.35,1,365,4.82,4.8,4.95,4.78,5.0,4.75,4.49,True
421,"Private room in BGC, Manila",1201,2019-05-15,Manila,a few days or more,85,59,False,13,True,True,BGC,West,Manila,14.578653,120.969324,Loft,Private room,5,2,Pool|Wifi|Elevator|Washer|TV,117.68,2,365,4.34,4.53,4.3,4.41,4.55,4.43,4.42,False
422,"Private room in Katong, Singapore",1202,2020-08-26,Singapore,a few days or more,55,73,False,8,True,True,Katong,East,Singapore,1.364328,103.8285,Apartment,Private room,4,2,Free parking|Workspace|Washer,136.79,2,365,3.46,3.44,3.42,3.64,3.31,3.32,3.2,False
423,"Private room in Kemang, Jakarta",1203,2016-05-22,Jakarta,within an hour,91,68,True,6,True,True,Kemang,South,Jakarta,-6.227472,106.823482,Condominium,Private room,6,3,Pool|Gym|TV|Wifi|Iron,219.59,3,30,4.36,4.5,3.99,4.52,4.23,4.1,3.99,True
424,"Entire home/apt in Makati, Manila",1204,2018-10-17,Manila,within a day,64,65,True,1,True,True,Makati,South,Manila,14.567128,120.974554,Condominium,Entire home/apt,6,3,TV|Wifi|Workspace|Gym|Heating|Pool|Air conditioning|Free parking|Iron,285.48,1,30,4.67,4.69,4.69,4.71,4.49,4.83,4.74,False
425,"Entire home/apt in Thonglor, Bangkok",1205,2023-08-02,Bangkok,within a day,82,60,False,7,True,True,Thonglor,East,Bangkok,13.754517,100.550845,House,Entire home/apt,7,4,TV|Air conditioning|Wifi|Washer|Heating|Iron|Gym|Free parking|Workspace,236.06,1,1125,3.21,2.91,3.19,3.32,3.14,3.13,3.0,False
426,"Entire home/apt in BGC, Manila",1206,2022-04-18,Manila,within a day,73,79,False,1,True,True,BGC,East,Manila,14.582817,120.970066,House,Entire home/apt,5,2,Gym|Washer|Kitchen|Air conditioning|Wifi|Iron|Elevator|TV|Free parking|Heating|Workspace,200.59,3,90,4.7,4.51,4.31,4.51,4.91,4.92,4.4,False
427,"Entire home/apt in Senayan, Jakarta",1207,2016-11-07,Jakarta,within an hour,69,78,False,7,True,True,Senayan,South,Jakarta,-6.210619,106.809938,House,Entire home/apt,7,4,Air conditioning|Heating|Workspace|Wifi|TV|Free parking,268.1,1,30,3.29,3.02,3.02,3.19,3.3,3.52,2.93,True
428,"Private room in Katong, Singapore",1208,2020-02-15,Singapore,within a day,67,51,False,12,True,False,Katong,South,Singapore,1.372722,103.826144,Apartment,Private room,5,2,Air conditioning|Iron|Wifi|Elevator|Kitchen|Heating,121.8,2,30,3.4,3.47,3.09,3.23,3.54,3.12,3.25,False
429,"Private room in Menteng, Jakarta",1209,2023-08-19,Jakarta,a few days or more,85,94,False,8,True,True,Menteng,East,Jakarta,-6.229064,106.83208,Apartment,Private room,1,1,Free parking|Wifi|Workspace|Washer|TV|Pool,104.11,7,30,4.01,3.85,3.66,3.99,4.22,4.04,3.8,False
430,"Entire home/apt in Malate, Manila",1210,2021-07-04,Manila,within a day,91,79,False,8,True,True,Malate,South,Manila,14.58123,120.993636,Condominium,Entire home/apt,6,3,Kitchen|Iron|Elevator|TV|Gym|Workspace|Washer,254.39,7,60,3.36,3.5,3.17,3.62,3.65,3.15,3.13,False
431,"Private room in Silom, Bangkok",1211,2019-09-13,Bangkok,a few days or more,83,92,False,14,True,False,Silom,North,Bangkok,13.777068,100.463738,Condominium,Private room,7,4,Air conditioning|Heating|Wifi|Free parking|Kitchen|Pool|Workspace|Elevator|Washer|Iron|Gym,199.5,1,1125,4.52,4.4,4.36,4.7,4.37,4.6,4.35,False
432,"Private room in Sukhumvit, Bangkok",1212,2015-10-23,Bangkok,within an hour,54,66,False,8,True,True,Sukhumvit,Central,Bangkok,13.747886,100.465832,Serviced apartment,Private room,8,4,Washer|TV|Air conditioning|Workspace|Wifi|Elevator|Gym,208.94,2,90,3.73,3.76,3.34,3.83,3.7,3.65,3.48,False
433,"Private room in Senayan, Jakarta",1213,2020-08-09,Jakarta,within an hour,55,65,False,12,True,True,Senayan,Central,Jakarta,-6.209712,106.809673,Serviced apartment,Private room,8,4,TV|Air conditioning|Gym|Pool|Elevator|Wifi|Washer|Heating|Workspace,254.74,2,365,4.57,4.64,4.31,4.86,4.39,4.46,4.56,False
434,"Entire home/apt in Chinatown, Bangkok",1214,2022-07-28,Bangkok,within a day,77,57,False,11,True,False,Chinatown,East,Bangkok,13.78412,100.526023,Apartment,Entire home/apt,3,2,Kitchen|Elevator|Free parking|Gym|Wifi|Workspace|Heating|Iron|Washer|Pool|Air conditioning,199.64,1,60,3.73,3.67,3.48,3.72,3.9,3.82,3.42,True
435,"Entire home/apt in Bukit Bintang, Kuala Lumpur",1215,2019-12-27,Kuala Lumpur,within a day,90,84,False,2,True,False,Bukit Bintang,North,Kuala Lumpur,3.151217,101.669725,Condominium,Entire home/apt,8,4,Kitchen|Workspace|Heating|Wifi|Elevator,278.58,2,30,4.09,3.93,4.02,4.1,3.92,3.95,4.16,True
436,"Private room in Senayan, Jakarta",1216,2016-10-25,Jakarta,a few days or more,50,73,True,1,True,True,Senayan,South,Jakarta,-6.208985,106.808246,Condominium,Private room,3,2,Pool|TV|Free parking|Elevator|Air conditioning|Gym|Workspace|Iron|Washer|Wifi|Kitchen,133.66,1,30,3.62,3.58,3.38,3.69,3.57,3.81,3.38,True
437,"Private room in Menteng, Jakarta",1217,2016-02-10,Jakarta,within an hour,86,60,True,4,True,True,Menteng,North,Jakarta,-6.219962,106.83001,Condominium,Private room,8,4,Kitchen|Iron|Workspace|TV,227.33,7,90,3.46,3.63,3.56,3.46,3.64,3.19,3.22,True
438,"Entire home/apt in Thonglor, Bangkok",1218,2016-06-05,Bangkok,within a few hours,99,91,False,1,True,False,Thonglor,West,Bangkok,13.752835,100.55232,Loft,Entire home/apt,4,2,Iron|Workspace|Kitchen|Washer|Free parking|TV|Wifi|Gym|Pool,214.17,2,365,3.95,3.79,3.94,4.24,3.92,4.15,3.85,False
439,"Entire home/apt in Senayan, Jakarta",1219,2016-01-08,Jakarta,within a day,83,93,False,7,True,False,Senayan,West,Jakarta,-6.206572,106.810324,Loft,Entire home/apt,3,2,Iron|Air conditioning|Free parking|Heating|TV|Gym|Kitchen|Elevator|Workspace|Washer|Pool|Wifi,192.81,2,1125,4.22,4.13,4.22,4.4,4.47,4.0,4.2,True
440,"Private room in Bangsar, Kuala Lumpur",1000,2021-07-10,Kuala Lumpur,a few days or more,84,71,False,3,True,True,Bangsar,West,Kuala Lumpur,3.147359,101.676686,Serviced apartment,Private room,4,2,Iron|Washer|Workspace|Pool|Kitchen|TV|Heating,176.89,3,30,3.87,3.7,4.05,4.08,4.16,3.57,3.56,False
441,"Private room in Kemang, Jakarta",1001,2019-09-19,Jakarta,within an hour,67,56,True,9,True,True,Kemang,South,Jakarta,-6.222603,106.820216,Serviced apartment,Private room,5,2,Heating|Air conditioning|Elevator|Gym|TV|Kitchen|Wifi|Iron|Free parking|Pool,167.11,2,60,3.85,3.94,4.01,3.99,3.75,4.08,3.73,True
442,"Entire home/apt in Bangsar, Kuala Lumpur",1002,2021-12-07,Kuala Lumpur,within an hour,60,55,False,10,True,True,Bangsar,South,Kuala Lumpur,3.152561,101.67052,House,Entire home/apt,4,2,Washer|Kitchen|Wifi|TV|Pool|Gym|Air conditioning|Elevator,185.68,2,365,4.65,4.41,4.4,4.65,4.57,4.72,4.7,False
443,"Entire home/apt in Bukit Bintang, Kuala Lumpur",1003,2024-08-27,Kuala Lumpur,a few days or more,51,84,False,13,True,True,Bukit Bintang,West,Kuala Lumpur,3.152343,101.674773,Apartment,Entire home/apt,5,2,Air conditioning|Gym|Elevator|Heating,202.94,1,365,3.47,3.39,3.6,3.44,3.28,3.47,3.26,True
444,"Private room in Thonglor, Bangkok",1004,2019-07-13,Bangkok,within an hour,78,95,True,13,True,True,Thonglor,Central,Bangkok,13.752854,100.551612,Condominium,Private room,7,4,Workspace|Free parking|Washer|Gym|Elevator|Wifi,204.26,2,1125,4.44,4.31,4.27,4.49,4.6,4.69,4.08,True
445,"Private room in Thonglor, Bangkok",1005,2016-11-21,Bangkok,within a few hours,68,59,True,14,True,True,Thonglor,North,Bangkok,13.752398,100.546928,House,Private room,5,2,Washer|Wifi|Gym|Pool|Iron|Heating|Air conditioning|Elevator|TV|Free parking|Kitchen,140.32,2,60,3.65,3.46,3.44,3.71,3.57,3.41,3.28,False
446,"Entire home/apt in Thonglor, Bangkok",1006,2017-08-25,Bangkok,within a day,96,61,True,3,True,False,Thonglor,South,Bangkok,13.755443,100.550508,Serviced apartment,Entire home/apt,7,4,Air conditioning|Workspace|Free parking|Kitchen,309.22,1,60,4.16,4.25,3.96,4.05,4.1,4.35,4.01,False
447,"Entire home/apt in Menteng, Jakarta",1007,2017-09-17,Jakarta,a few days or more,58,50,False,5,True,False,Menteng,North,Jakarta,-6.221816,106.824785,Condominium,Entire home/apt,3,2,Elevator|Washer|Workspace|Kitchen|Air conditioning|Pool|Heating,238.56,3,365,3.49,3.53,3.33,3.56,3.49,3.51,3.57,False
448,"Private room in Bangsar, Kuala Lumpur",1008,2020-11-14,Kuala Lumpur,within a day,73,51,False,6,True,True,Bangsar,North,Kuala Lumpur,3.153509,101.672673,Serviced apartment,Private room,7,4,Wifi|Washer|Air conditioning|Pool|Free parking,236.34,1,30,3.41,3.22,3.48,3.59,3.43,3.46,3.39,True
449,"Entire home/apt in KLCC, Kuala Lumpur",1009,2017-11-01,Kuala Lumpur,within an hour,72,79,False,15,True,True,KLCC,North,Kuala Lumpur,3.124708,101.690366,Condominium,Entire home/apt,4,2,Elevator|Kitchen|Gym|Wifi|Washer|Air conditioning,247.7,7,365,4.81,4.55,4.59,5.0,4.89,4.53,4.9,False
450,"Entire home/apt in Katong, Singapore",1010,2016-02-19,Singapore,a few days or more,72,89,True,6,True,True,Katong,West,Singapore,1.369405,103.824689,House,Entire home/apt,3,2,TV|Washer|Workspace,167.61,2,30,3.87,3.97,3.82,4.11,4.05,3.83,3.73,False
451,"Entire home/apt in Malate, Manila",1011,2019-03-28,Manila,within a few hours,62,76,False,10,True,True,Malate,East,Manila,14.578719,120.992129,Serviced apartment,Entire home/apt,3,2,Kitchen|Workspace|Washer|Air conditioning|Gym|Iron|Heating,243.31,2,60,3.6,3.51,3.54,3.9,3.51,3.89,3.28,True
452,"Entire home/apt in Menteng, Jakarta",1012,2020-07-14,Jakarta,within a day,88,99,True,15,True,True,Menteng,East,Jakarta,-6.221075,106.834302,Condominium,Entire home/apt,3,2,Heating|Pool|Elevator|Free parking|Iron|Workspace|Gym|Kitchen,242.87,1,30,4.15,4.07,3.91,4.42,4.1,4.43,4.25,True
453,"Entire home/apt in BGC, Manila",1013,2024-06-21,Manila,within an hour,65,60,False,10,True,False,BGC,North,Manila,14.579758,120.963401,House,Entire home/apt,3,2,Air conditioning|TV|Iron|Pool|Gym,197.53,7,30,4.54,4.63,4.7,4.37,4.54,4.5,4.35,False
454,"Entire home/apt in KLCC, Kuala Lumpur",1014,2020-07-07,Kuala Lumpur,within an hour,59,84,False,7,True,True,KLCC,North,Kuala Lumpur,3.114843,101.687808,Apartment,Entire home/apt,8,4,Washer|Free parking|Workspace|Kitchen|Pool|Air conditioning|Iron|TV|Heating,289.35,1,60,4.74,4.94,4.34,4.63,4.61,5.0,4.52,False
455,"Entire home/apt in Bangsar, Kuala Lumpur",1015,2018-09-14,Kuala Lumpur,a few days or more,56,67,True,10,True,False,Bangsar,West,Kuala Lumpur,3.153424,101.677972,Serviced apartment,Entire home/apt,3,2,Heating|Wifi|Washer,241.11,3,1125,4.62,4.36,4.59,4.49,4.65,4.83,4.3,False
456,"Private room in Makati, Manila",1016,2024-07-22,Manila,within an hour,53,87,False,15,True,True,Makati,Central,Manila,14.56353,120.975033,Loft,Private room,5,2,Pool|TV|Free parking|Heating|Gym|Washer|Air conditioning|Kitchen|Iron|Wifi,115.76,1,30,3.63,3.83,3.31,3.79,3.57,3.53,3.39,True
457,"Entire home/apt in Kemang, Jakarta",1017,2017-05-09,Jakarta,within a day,78,58,False,14,True,True,Kemang,West,Jakarta,-6.226656,106.831161,Loft,Entire home/apt,5,2,Washer|Pool|Air conditioning|Wifi|TV|Gym|Kitchen|Workspace|Heating,230.56,7,365,4.66,4.69,4.83,4.84,4.89,4.47,4.69,True
458,"Entire home/apt in KLCC, Kuala Lumpur",1018,2024-11-30,Kuala Lumpur,within an hour,56,80,True,13,True,True,KLCC,South,Kuala Lumpur,3.123237,101.691297,Apartment,Entire home/apt,6,3,Washer|Kitchen|Gym|Wifi|TV|Pool|Iron,215.15,1,60,4.48,4.25,4.49,4.71,4.65,4.34,4.28,False
459,"Entire home/apt in Malate, Manila",1019,2023-01-24,Manila,within a few hours,70,87,False,4,False,True,Malate,North,Manila,14.58916,120.999289,Serviced apartment,Entire home/apt,1,1,Wifi|Free parking|Pool|Workspace|Gym|Iron|Heating|TV|Washer|Air conditioning,183.02,2,90,4.87,5.0,4.98,5.0,5.0,4.92,4.67,True
460,"Shared room in Sukhumvit, Bangkok",1020,2015-01-10,Bangkok,within a day,99,57,False,14,True,False,Sukhumvit,East,Bangkok,13.75136,100.462862,Condominium,Shared room,8,4,TV|Workspace|Gym|Wifi|Free parking|Heating|Elevator,184.14,2,1125,4.39,4.45,4.1,4.52,4.2,4.35,4.15,True
461,"Entire home/apt in Menteng, Jakarta",1021,2018-04-12,Jakarta,within an hour,59,57,False,14,True,True,Menteng,Central,Jakarta,-6.220789,106.831946,Apartment,Entire home/apt,5,2,Workspace|Kitchen|Pool|Air conditioning|Free parking|Iron,188.3,1,30,5.0,5.0,5.0,5.0,5.0,4.77,4.83,True
462,"Entire home/apt in BGC, Manila",1022,2018-12-30,Manila,within a few hours,80,98,False,11,True,True,BGC,West,Manila,14.57665,120.969209,Serviced apartment,Entire home/apt,5,2,TV|Free parking|Wifi|Air conditioning|Workspace|Elevator,247.2,1,90,3.46,3.59,3.54,3.48,3.66,3.63,3.26,True
463,"Private room in Malate, Manila",1023,2023-05-09,Manila,within a day,91,71,False,7,True,True,Malate,Central,Manila,14.582456,121.003836,Loft,Private room,2,1,TV|Elevator|Gym|Pool|Workspace|Air conditioning|Wifi|Iron|Washer|Free parking,127.69,2,365,3.21,2.95,3.32,3.31,3.29,2.98,2.88,True
464,"Entire home/apt in Malate, Manila",1024,2022-02-26,Manila,a few days or more,54,83,False,6,True,True,Malate,Central,Manila,14.590183,120.995352,House,Entire home/apt,1,1,Wifi|Air conditioning|Workspace|Free parking|Kitchen|Pool|Elevator,176.24,2,90,4.67,4.74,4.51,4.48,4.61,4.48,4.32,True
465,"Private room in Malate, Manila",1025,2017-12-18,Manila,within a day,76,55,False,11,True,True,Malate,West,Manila,14.583035,121.003154,Serviced apartment,Private room,6,3,Washer|Heating|Air conditioning|Workspace|Wifi|Kitchen|Gym|Free parking|Elevator|Pool|Iron|TV,173.24,2,30,3.38,3.15,3.04,3.65,3.18,3.61,3.0,False
466,"Entire home/apt in Senayan, Jakarta",1026,2016-11-20,Jakarta,within a few hours,76,50,True,11,True,False,Senayan,South,Jakarta,-6.209234,106.815502,Apartment,Entire home/apt,4,2,Iron|Wifi|Elevator|Washer,177.51,2,1125,4.51,4.61,4.58,4.4,4.58,4.25,4.22,False
467,"Entire home/apt in Thonglor, Bangkok",1027,2018-03-24,Bangkok,within an hour,92,65,False,3,True,True,Thonglor,Central,Bangkok,13.75439,100.550786,House,Entire home/apt,7,4,Free parking|Iron|Heating|Elevator|Wifi|TV|Washer|Workspace|Air conditioning,285.09,1,60,4.54,4.61,4.58,4.68,4.41,4.37,4.62,False
468,"Entire home/apt in Sukhumvit, Bangkok",1028,2016-08-14,Bangkok,within a few hours,92,92,True,4,True,True,Sukhumvit,North,Bangkok,13.747152,100.46057,Apartment,Entire home/apt,6,3,Pool|Gym|Iron|TV|Free parking|Washer|Workspace|Air conditioning,218.35,2,90,4.74,4.66,4.49,4.76,4.62,4.91,4.76,False
469,"Entire home/apt in BGC, Manila",1029,2018-02-18,Manila,a few days or more,64,78,True,15,True,True,BGC,East,Manila,14.586288,120.962662,Condominium,Entire home/apt,5,2,Air conditioning|Heating|Elevator|Pool|Free parking|TV|Workspace|Washer|Gym|Kitchen|Iron,211.74,1,60,4.71,4.73,4.54,5.0,4.79,4.8,4.38,True
470,"Private room in Bangsar, Kuala Lumpur",1030,2020-10-16,Kuala Lumpur,a few days or more,86,71,False,1,True,True,Bangsar,North,Kuala Lumpur,3.142894,101.677304,House,Private room,5,2,Air conditioning|Washer|Free parking|Heating|Iron|Gym|Pool|TV|Workspace|Kitchen|Elevator|Wifi,161.41,1,60,3.47,3.22,3.25,3.65,3.4,3.65,3.36,False
471,"Entire home/apt in Malate, Manila",1031,2017-03-14,Manila,within a few hours,64,76,False,14,True,True,Malate,Central,Manila,14.579106,120.998766,Serviced apartment,Entire home/apt,7,4,Elevator|Washer|TV|Pool|Workspace|Air conditioning|Iron|Free parking,285.95,1,365,3.23,3.14,3.43,3.07,3.37,3.52,3.05,True
472,"Entire home/apt in Silom, Bangkok",1032,2021-08-03,Bangkok,within an hour,81,63,False,13,True,False,Silom,North,Bangkok,13.77083,100.459161,House,Entire home/apt,5,2,Washer|Air conditioning|Pool|Workspace|Iron|Wifi|Kitchen|Free parking|Elevator|Gym,179.64,2,30,4.06,3.8,4.01,4.32,4.0,4.02,3.83,True
473,"Entire home/apt in Senayan, Jakarta",1033,2021-05-30,Jakarta,a few days or more,64,89,True,3,True,True,Senayan,Central,Jakarta,-6.207214,106.807383,Condominium,Entire home/apt,2,1,Washer|Wifi|Kitchen|Workspace|TV,217.94,1,60,3.56,3.44,3.61,3.74,3.78,3.52,3.5,False
474,"Entire home/apt in Chinatown, Bangkok",1034,2016-12-18,Bangkok,within a day,78,60,False,14,True,False,Chinatown,South,Bangkok,13.790564,100.524534,Loft,Entire home/apt,6,3,Washer|Air conditioning|Kitchen|Gym|Iron,208.93,3,1125,3.98,3.79,3.85,3.87,4.2,3.95,3.74,False
475,"Entire home/apt in Tiong Bahru, Singapore",1035,2024-10-22,Singapore,within a few hours,53,83,False,3,True,True,Tiong Bahru,South,Singapore,1.389893,103.799046,Loft,Entire home/apt,8,4,Washer|TV|Air conditioning,292.0,1,60,4.21,4.03,3.84,4.44,4.28,3.95,4.08,True
476,"Entire home/apt in Malate, Manila",1036,2024-04-14,Manila,within an hour,97,98,True,6,True,True,Malate,North,Manila,14.583257,120.99959,Apartment,Entire home/apt,6,3,Kitchen|Washer|Air conditioning|TV|Workspace|Free parking,237.19,1,90,4.0,4.2,3.8,3.82,3.81,3.72,3.93,True
477,"Entire home/apt in Bugis, Singapore",1037,2017-02-18,Singapore,within a few hours,88,92,False,10,True,False,Bugis,South,Singapore,1.38872,103.829979,House,Entire home/apt,2,1,Iron|Pool|Wifi|Heating|Kitchen|Elevator|Gym|Washer|TV|Workspace|Air conditioning,143.54,2,90,4.55,4.5,4.7,4.39,4.44,4.71,4.4,False
478,"Entire home/apt in KLCC, Kuala Lumpur",1038,2015-06-30,Kuala Lumpur,within an hour,65,76,False,3,True,True,KLCC,West,Kuala Lumpur,3.119995,101.691683,Loft,Entire home/apt,7,4,Gym|Pool|Iron|Air conditioning|Heating|Elevator,260.7,3,60,4.13,4.33,3.95,3.95,4.09,3.93,4.02,False
479,"Private room in Malate, Manila",1039,2017-09-11,Manila,within an hour,66,90,False,12,True,False,Malate,West,Manila,14.584534,121.002667,Apartment,Private room,1,1,Pool|Wifi|Heating|TV|Kitchen|Air conditioning|Iron|Workspace|Elevator|Free parking|Washer|Gym,90.37,7,60,3.66,3.63,3.54,3.9,3.58,3.48,3.62,True
480,"Entire home/apt in Jurong East, Singapore",1040,2019-06-27,Singapore,within an hour,69,99,False,5,True,True,Jurong East,Central,Singapore,1.369876,103.807529,House,Entire home/apt,2,1,Iron|Workspace|Free parking|Gym|Heating|Air conditioning|Wifi|TV|Washer|Kitchen|Pool|Elevator,146.78,2,30,4.5,4.61,4.27,4.79,4.49,4.41,4.48,False
481,"Private room in Tiong Bahru, Singapore",1041,2022-08-30,Singapore,within a day,82,86,True,14,True,True,Tiong Bahru,South,Singapore,1.390092,103.794607,Loft,Private room,6,3,Iron|Air conditioning|Elevator,160.7,3,30,3.88,3.97,3.92,3.86,3.96,3.88,3.57,False
482,"Entire home/apt in Bangsar, Kuala Lumpur",1042,2018-10-24,Kuala Lumpur,a few days or more,96,64,True,13,True,True,Bangsar,East,Kuala Lumpur,3.14644,101.676588,Condominium,Entire home/apt,1,1,Washer|Workspace|Iron|Heating|Pool|Air conditioning|Free parking,195.05,1,30,3.66,3.41,3.62,3.72,3.82,3.83,3.53,False
483,"Entire home/apt in Silom, Bangkok",1043,2016-07-05,Bangkok,within an hour,50,61,False,4,True,True,Silom,Central,Bangkok,13.773513,100.462043,Serviced apartment,Entire home/apt,4,2,Wifi|Air conditioning|Iron|TV|Elevator|Gym|Kitchen|Washer|Workspace,225.09,1,1125,4.03,3.78,4.1,3.89,3.89,4.09,4.09,True
484,"Private room in Kemang, Jakarta",1044,2018-03-07,Jakarta,within a day,56,84,False,5,True,True,Kemang,East,Jakarta,-6.224974,106.829265,Loft,Private room,8,4,Wifi|Heating|Washer|Gym|Pool|Free parking|Kitchen|Air conditioning|Workspace,190.51,1,365,3.34,3.3,3.15,3.15,3.21,3.64,3.04,False
485,"Private room in Silom, Bangkok",1045,2020-01-23,Bangkok,within a day,65,81,False,15,True,True,Silom,North,Bangkok,13.775071,100.466493,Serviced apartment,Private room,3,2,Wifi|Free parking|Kitchen|TV|Gym|Pool|Workspace,131.04,2,365,4.69,4.87,4.74,4.75,4.54,4.84,4.5,False
486,"Entire home/apt in Tiong Bahru, Singapore",1046,2019-06-18,Singapore,within a few hours,99,63,False,5,True,True,Tiong Bahru,West,Singapore,1.396441,103.793804,Apartment,Entire home/apt,4,2,Gym|Kitchen|Elevator,192.87,2,30,3.33,3.44,3.24,3.22,3.42,3.32,3.35,True
487,"Private room in Malate, Manila",1047,2015-06-15,Manila,within an hour,53,56,True,11,True,True,Malate,West,Manila,14.585933,120.999358,Condominium,Private room,5,2,Elevator|Washer|Pool|Free parking|Iron|Workspace|Heating|TV|Air conditioning|Gym|Wifi,154.97,2,30,3.58,3.58,3.21,3.56,3.66,3.7,3.58,True
488,"Shared room in Sukhumvit, Bangkok",1048,2021-09-14,Bangkok,within an hour,68,51,False,13,True,True,Sukhumvit,South,Bangkok,13.752226,100.457663,Loft,Shared room,3,2,Heating|Gym|Free parking|TV|Elevator|Wifi|Workspace|Kitchen|Air conditioning|Pool|Washer|Iron,94.16,2,1125,4.35,4.36,4.53,4.25,4.24,4.16,4.04,False
489,"Private room in Thonglor, Bangkok",1049,2021-04-12,Bangkok,within an hour,91,78,False,3,True,True,Thonglor,East,Bangkok,13.747507,100.553032,Condominium,Private room,7,4,TV|Elevator|Kitchen,217.23,2,1125,3.92,4.09,3.95,3.98,3.83,4.02,3.82,True
490,"Private room in Silom, Bangkok",1050,2025-01-23,Bangkok,a few days or more,87,98,False,6,True,True,Silom,South,Bangkok,13.77716,100.466566,Serviced apartment,Private room,5,2,Workspace|Heating|Iron|Gym|Pool,184.54,7,60,3.25,3.17,3.01,3.44,3.24,3.18,3.05,True
491,"Entire home/apt in Sukhumvit, Bangkok",1051,2024-04-25,Bangkok,within a day,90,52,False,14,True,True,Sukhumvit,Central,Bangkok,13.754956,100.459629,Serviced apartment,Entire home/apt,7,4,Pool|Heating|Workspace|Air conditioning|Free parking|Gym|TV|Kitchen|Washer|Elevator|Wifi,265.4,1,365,3.63,3.71,3.23,3.76,3.69,3.69,3.68,True
492,"Entire home/apt in Bugis, Singapore",1052,2017-03-02,Singapore,within a day,90,88,False,2,True,True,Bugis,West,Singapore,1.392935,103.83231,Loft,Entire home/apt,2,1,Wifi|Air conditioning|Gym,143.47,1,365,4.15,4.05,3.86,4.26,4.05,4.2,3.97,True
493,"Entire home/apt in Sukhumvit, Bangkok",1053,2025-01-16,Bangkok,within an hour,97,81,False,12,True,True,Sukhumvit,North,Bangkok,13.752557,100.460034,House,Entire home/apt,5,2,Wifi|Elevator|Kitchen|Gym|TV,193.86,2,30,4.41,4.6,4.35,4.68,4.24,4.58,4.02,False
494,"Shared room in BGC, Manila",1054,2017-08-08,Manila,within a few hours,93,56,True,2,True,True,BGC,South,Manila,14.580297,120.961885,Apartment,Shared room,4,2,Workspace|Kitchen|Washer|Pool|Gym|Wifi|Heating|Free parking,89.15,1,30,4.87,4.76,4.6,4.88,5.0,5.0,4.63,True
495,"Entire home/apt in Malate, Manila",1055,2015-11-01,Manila,within a day,56,75,False,8,True,True,Malate,South,Manila,14.578826,120.997405,House,Entire home/apt,4,2,Wifi|Kitchen|Heating|Pool|Workspace|Air conditioning|Washer|Iron|Elevator|TV|Gym|Free parking,185.0,1,60,3.71,3.86,3.75,3.76,3.77,3.96,3.35,False
496,"Entire home/apt in Jurong East, Singapore",1056,2017-03-03,Singapore,a few days or more,97,51,False,8,True,False,Jurong East,South,Singapore,1.363797,103.809227,Serviced apartment,Entire home/apt,3,2,TV|Pool|Elevator|Heating|Washer|Gym|Workspace|Air conditioning|Free parking|Wifi|Kitchen|Iron,197.63,3,365,3.94,3.84,4.1,3.8,3.98,3.68,3.97,True
497,"Private room in Senayan, Jakarta",1057,2015-01-10,Jakarta,within a day,50,99,False,6,True,True,Senayan,South,Jakarta,-6.206034,106.817129,Condominium,Private room,1,1,Kitchen|Washer|Pool|Heating|Workspace,113.08,2,30,3.36,3.4,3.2,3.24,3.2,3.45,3.43,True
498,"Private room in Makati, Manila",1058,2015-06-11,Manila,within an hour,71,52,False,10,True,True,Makati,East,Manila,14.56194,120.975071,House,Private room,8,4,Gym|Heating|Iron|TV|Free parking|Workspace,217.52,7,1125,4.18,4.1,4.21,4.34,4.11,4.46,4.1,True
499,"Entire home/apt in BGC, Manila",1059,2018-03-07,Manila,a few days or more,78,74,False,8,True,True,BGC,East,Manila,14.58581,120.96225,Serviced apartment,Entire home/apt,2,1,Workspace|Iron|Elevator,199.6,3,60,3.36,3.07,3.33,3.3,3.55,3.64,2.99,False
500,"Entire home/apt in Kemang, Jakarta",1060,2024-08-11,Jakarta,within a day,93,83,False,1,True,False,Kemang,North,Jakarta,-6.23176,106.827282,Serviced apartment,Entire home/apt,7,4,Kitchen|Pool|TV|Washer|Elevator,289.81,7,60,4.99,5.0,5.0,4.97,5.0,5.0,4.92,False
501,"Entire home/apt in Kemang, Jakarta",1061,2015-05-06,Jakarta,a few days or more,62,58,False,6,True,True,Kemang,South,Jakarta,-6.225935,106.825091,Serviced apartment,Entire home/apt,8,4,Workspace|Pool|Iron|Free parking|TV,297.31,2,60,3.53,3.55,3.51,3.4,3.6,3.58,3.26,True
502,"Shared room in Silom, Bangkok",1062,2016-11-04,Bangkok,within a few hours,94,64,False,6,True,True,Silom,South,Bangkok,13.779128,100.459219,Serviced apartment,Shared room,2,1,TV|Pool|Elevator|Kitchen|Iron,87.71,3,90,3.9,3.65,4.02,4.17,3.75,4.03,3.68,True
503,"Shared room in Senayan, Jakarta",1063,2018-08-05,Jakarta,a few days or more,88,80,False,3,True,True,Senayan,Central,Jakarta,-6.20986,106.816636,House,Shared room,6,3,Washer|Wifi|Workspace|Free parking|Air conditioning|Pool|TV,112.86,1,1125,4.68,4.8,4.48,4.6,4.88,4.43,4.46,True
504,"Entire home/apt in Katong, Singapore",1064,2017-04-08,Singapore,within a day,59,94,True,14,True,True,Katong,Central,Singapore,1.374243,103.82123,House,Entire home/apt,6,3,Gym|Elevator|TV|Air conditioning|Washer|Workspace,252.52,2,30,3.97,3.69,3.78,4.0,4.08,4.24,3.63,False
505,"Private room in Senayan, Jakarta",1065,2015-01-28,Jakarta,a few days or more,84,78,False,5,True,True,Senayan,West,Jakarta,-6.203751,106.811634,Apartment,Private room,3,2,TV|Pool|Gym|Kitchen|Workspace|Elevator|Free parking|Washer|Iron|Wifi|Air conditioning,143.68,1,60,4.76,4.71,4.56,4.73,4.93,4.86,4.63,True
506,"Private room in BGC, Manila",1066,2024-06-09,Manila,within an hour,65,58,False,11,True,True,BGC,Central,Manila,14.581762,120.969967,House,Private room,6,3,Air conditioning|Workspace|Gym|Pool|Wifi|Iron|Elevator|TV|Free parking|Washer|Heating|Kitchen,185.32,2,90,4.35,4.08,3.95,4.32,4.17,4.17,4.27,False
507,"Entire home/apt in Sukhumvit, Bangkok",1067,2021-12-14,Bangkok,within a few hours,73,68,False,4,True,True,Sukhumvit,Central,Bangkok,13.746958,100.466051,House,Entire home/apt,7,4,Gym|Elevator|Iron|Free parking|Workspace|Air conditioning,256.22,3,60,4.54,4.64,4.24,4.61,4.75,4.68,4.24,True
508,"Private room in Silom, Bangkok",1068,2023-04-13,Bangkok,within an hour,92,79,True,3,True,True,Silom,East,Bangkok,13.776708,100.462005,Apartment,Private room,2,1,Elevator|Kitchen|Washer|TV|Workspace|Iron|Wifi,77.24,2,365,4.16,4.09,3.92,4.45,4.24,4.02,3.83,True
509,"Entire home/apt in Makati, Manila",1069,2023-09-12,Manila,within a few hours,86,91,False,10,True,True,Makati,East,Manila,14.564327,120.978485,House,Entire home/apt,2,1,Washer|Air conditioning|Gym|Wifi|Kitchen|Pool|Workspace|TV|Heating|Free parking|Elevator,167.1,1,90,4.02,3.81,3.71,4.3,4.27,3.85,3.83,True
510,"Private room in Jurong East, Singapore",1070,2017-08-25,Singapore,a few days or more,97,97,False,15,True,True,Jurong East,North,Singapore,1.361201,103.811056,House,Private room,2,1,Iron|Pool|Washer|TV|Heating|Kitchen|Free parking|Gym,109.22,1,60,3.68,3.78,3.45,3.95,3.77,3.54,3.41,False
511,"Entire home/apt in Senayan, Jakarta",1071,2024-07-05,Jakarta,a few days or more,96,57,False,4,True,True,Senayan,North,Jakarta,-6.199941,106.81227,Apartment,Entire home/apt,8,4,Elevator|Air conditioning|Kitchen|Wifi|Pool,274.2,7,90,3.64,3.41,3.81,3.91,3.7,3.42,3.25,False
512,"Entire home/apt in Tiong Bahru, Singapore",1072,2016-12-10,Singapore,a few days or more,53,98,True,13,True,True,Tiong Bahru,Central,Singapore,1.387374,103.798899,House,Entire home/apt,1,1,Heating|Iron|Elevator|TV|Workspace|Kitchen|Pool|Air conditioning|Gym|Washer,163.14,1,30,4.13,3.97,3.91,4.39,4.25,4.32,4.16,False
513,"Entire home/apt in Jurong East, Singapore",1073,2024-10-11,Singapore,within a day,92,51,False,2,True,False,Jurong East,West,Singapore,1.370858,103.81366,Apartment,Entire home/apt,3,2,Kitchen|Iron|Heating,219.48,1,365,3.5,3.34,3.62,3.56,3.33,3.69,3.56,False
514,"Private room in Menteng, Jakarta",1074,2016-04-16,Jakarta,within an hour,88,99,True,12,True,True,Menteng,Central,Jakarta,-6.220056,106.825954,Condominium,Private room,8,4,Air conditioning|Washer|Kitchen|Workspace|Elevator,206.11,1,30,3.94,3.83,3.6,4.2,3.76,4.01,3.56,True
515,"Private room in Bangsar, Kuala Lumpur",1075,2021-12-26,Kuala Lumpur,within a day,99,83,False,2,True,True,Bangsar,East,Kuala Lumpur,3.150467,101.676064,Serviced apartment,Private room,4,2,Gym|Workspace|Pool|Washer|Wifi|Heating,143.89,2,60,3.52,3.27,3.29,3.71,3.66,3.6,3.19,True
516,"Shared room in Orchard, Singapore",1076,2019-03-19,Singapore,a few days or more,51,99,True,2,True,False,Orchard,East,Singapore,1.362127,103.818252,House,Shared room,3,2,Pool|Gym|Air conditioning|Wifi|Washer|Workspace|Iron|Free parking,104.8,2,30,4.27,4.04,3.98,4.54,4.34,4.29,4.06,False
517,"Entire home/apt in Silom, Bangkok",1077,2023-09-24,Bangkok,within a day,53,60,True,10,True,True,Silom,South,Bangkok,13.773257,100.463847,Apartment,Entire home/apt,2,1,Gym|Air conditioning|Pool,187.85,1,365,4.31,4.37,4.49,4.33,4.54,4.02,4.02,True
518,"Entire home/apt in Bangsar, Kuala Lumpur",1078,2016-10-11,Kuala Lumpur,a few days or more,86,99,False,11,True,True,Bangsar,North,Kuala Lumpur,3.147017,101.678943,Apartment,Entire home/apt,5,2,Workspace|Free parking|Wifi|Washer|Heating|Elevator,231.41,2,365,3.23,3.38,3.01,3.06,3.25,3.34,3.33,True
519,"Entire home/apt in Menteng, Jakarta",1079,2024-02-01,Jakarta,within a few hours,77,83,False,1,True,True,Menteng,South,Jakarta,-6.219927,106.825358,Condominium,Entire home/apt,2,1,Wifi|Air conditioning|TV|Iron|Workspace|Heating|Elevator|Washer|Gym|Pool|Free parking,171.53,1,1125,3.92,3.67,3.96,3.9,3.77,3.98,3.95,True
520,"Entire home/apt in Bangsar, Kuala Lumpur",1080,2019-08-01,Kuala Lumpur,a few days or more,61,57,False,12,True,True,Bangsar,East,Kuala Lumpur,3.148564,101.670476,Apartment,Entire home/apt,4,2,Pool|Air conditioning|Wifi|Free parking|Workspace|TV,200.96,1,30,4.92,4.9,4.63,4.99,4.98,4.83,4.73,True
521,"Entire home/apt in KLCC, Kuala Lumpur",1081,2022-07-11,Kuala Lumpur,within a few hours,58,94,False,14,True,True,KLCC,North,Kuala Lumpur,3.114582,101.693842,Apartment,Entire home/apt,1,1,Elevator|Free parking|Gym|Heating|TV,151.36,1,30,4.68,4.41,4.44,4.69,4.53,4.96,4.59,True
522,"Entire home/apt in Bugis, Singapore",1082,2016-05-24,Singapore,within a day,86,50,False,6,True,True,Bugis,East,Singapore,1.39399,103.837449,Apartment,Entire home/apt,8,4,Heating|Washer|TV|Workspace|Air conditioning|Gym|Pool,277.66,7,30,4.21,4.07,3.91,4.14,4.31,3.93,4.1,False
523,"Private room in BGC, Manila",1083,2022-04-08,Manila,within an hour,59,63,True,8,True,True,BGC,West,Manila,14.575951,120.970323,Loft,Private room,8,4,Gym|Workspace|Heating|TV,211.14,1,365,4.55,4.49,4.31,4.47,4.44,4.44,4.24,False
524,"Private room in Malate, Manila",1084,2020-01-02,Manila,within a few hours,56,55,False,7,True,True,Malate,Central,Manila,14.588029,120.998471,Serviced apartment,Private room,2,1,Kitchen|Gym|Workspace|Wifi|Washer|Elevator|TV,153.76,1,30,4.13,4.15,4.13,4.06,4.35,4.37,4.0,False
525,"Private room in Tiong Bahru, Singapore",1085,2025-01-23,Singapore,within a day,83,82,True,12,True,False,Tiong Bahru,East,Singapore,1.387086,103.792693,House,Private room,8,4,TV|Iron|Heating|Free parking|Wifi|Gym|Elevator|Workspace|Washer|Air conditioning|Kitchen,225.55,3,365,4.16,4.35,3.98,4.43,4.23,3.9,3.77,False
526,"Entire home/apt in Kemang, Jakarta",1086,2017-01-06,Jakarta,a few days or more,92,90,False,1,True,True,Kemang,West,Jakarta,-6.223192,106.826506,House,Entire home/apt,2,1,Gym|Air conditioning|Iron|Kitchen|Elevator|Pool|Free parking|TV|Heating|Workspace|Washer|Wifi,184.58,1,1125,4.03,3.91,4.06,3.96,4.23,4.2,3.84,True
527,"Private room in Jurong East, Singapore",1087,2022-07-24,Singapore,a few days or more,94,90,False,5,True,True,Jurong East,South,Singapore,1.367416,103.812976,Serviced apartment,Private room,3,2,Workspace|Gym|Pool|Air conditioning|Elevator|Free parking|Heating|Washer,153.81,2,365,3.53,3.5,3.56,3.8,3.54,3.39,3.39,True
528,"Private room in Menteng, Jakarta",1088,2016-10-16,Jakarta,within an hour,77,58,False,5,True,True,Menteng,North,Jakarta,-6.222695,106.8303,Condominium,Private room,2,1,Free parking|TV|Iron|Kitchen|Wifi|Workspace|Gym|Air conditioning|Heating,120.23,2,60,4.16,4.36,4.21,4.18,4.25,4.11,4.07,True
529,"Shared room in Bukit Bintang, Kuala Lumpur",1089,2023-06-27,Kuala Lumpur,within an hour,75,71,False,13,True,True,Bukit Bintang,Central,Kuala Lumpur,3.142211,101.66762,Condominium,Shared room,2,1,Iron|Kitchen|Washer|Gym|Air conditioning|Elevator|TV|Heating|Free parking|Wifi|Pool|Workspace,101.26,1,90,4.97,5.0,4.74,4.92,4.84,4.74,4.62,True
530,"Entire home/apt in Tiong Bahru, Singapore",1090,2015-09-16,Singapore,within an hour,75,79,False,14,True,True,Tiong Bahru,South,Singapore,1.391717,103.791752,House,Entire home/apt,7,4,TV|Kitchen|Free parking|Workspace,257.11,1,30,4.23,4.07,4.1,4.24,4.45,3.99,3.94,True
531,"Private room in Chinatown, Bangkok",1091,2021-01-14,Bangkok,within an hour,57,57,False,10,True,False,Chinatown,East,Bangkok,13.785302,100.526303,Loft,Private room,7,4,Gym|Heating|TV|Elevator|Free parking|Iron|Washer|Workspace|Kitchen|Pool|Wifi|Air conditioning,203.91,7,1125,3.81,3.85,3.45,3.95,3.85,3.73,3.76,True
532,"Entire home/apt in Katong, Singapore",1092,2023-03-02,Singapore,within an hour,53,51,True,10,True,False,Katong,South,Singapore,1.371219,103.825228,Apartment,Entire home/apt,2,1,Gym|Washer|Workspace|Pool|Iron|Elevator|TV|Air conditioning|Wifi|Kitchen|Free parking,162.24,2,60,3.79,3.64,3.97,3.72,3.61,4.04,3.89,False
533,"Private room in Bangsar, Kuala Lumpur",1093,2015-07-24,Kuala Lumpur,within a day,99,70,False,4,True,True,Bangsar,East,Kuala Lumpur,3.149514,101.677472,Serviced apartment,Private room,7,4,Pool|Gym|Workspace|Elevator|TV|Kitchen|Free parking,222.36,3,1125,4.81,4.52,4.49,5.0,4.79,4.99,4.85,False
534,"Private room in Chinatown, Bangkok",1094,2022-02-04,Bangkok,within a day,61,98,False,13,True,True,Chinatown,North,Bangkok,13.784408,100.524639,House,Private room,1,1,Wifi|Iron|Gym,73.96,2,365,3.49,3.54,3.37,3.49,3.67,3.56,3.29,True
535,"Entire home/apt in Thonglor, Bangkok",1095,2020-10-18,Bangkok,a few days or more,100,50,False,15,True,False,Thonglor,West,Bangkok,13.753241,100.555168,Apartment,Entire home/apt,5,2,Wifi|Air conditioning|Elevator|TV|Gym|Washer|Pool|Heating|Iron|Workspace|Kitchen,208.34,2,60,3.51,3.71,3.36,3.44,3.39,3.7,3.15,False
536,"Entire home/apt in Sukhumvit, Bangkok",1096,2024-12-01,Bangkok,within a few hours,82,70,False,15,True,True,Sukhumvit,West,Bangkok,13.753462,100.464236,Condominium,Entire home/apt,4,2,Workspace|Gym|TV|Wifi|Elevator|Free parking|Kitchen|Air conditioning|Pool|Iron|Heating|Washer,238.45,2,90,3.43,3.15,3.44,3.44,3.38,3.35,3.36,True
537,"Entire home/apt in Silom, Bangkok",1097,2022-12-30,Bangkok,a few days or more,60,51,False,4,True,True,Silom,South,Bangkok,13.775203,100.466064,Apartment,Entire home/apt,4,2,Iron|Heating|Air conditioning|Elevator|TV|Gym|Washer|Workspace|Free parking|Kitchen,181.48,3,365,3.73,3.77,3.82,3.98,3.71,3.44,3.6,False
538,"Shared room in Orchard, Singapore",1098,2023-01-06,Singapore,within a day,50,52,False,14,True,True,Orchard,Central,Singapore,1.364561,103.812672,Loft,Shared room,1,1,Pool|TV|Iron|Kitchen|Free parking|Elevator,52.02,3,30,4.81,4.87,4.65,4.85,4.75,5.0,4.83,True
539,"Entire home/apt in Thonglor, Bangkok",1099,2019-10-18,Bangkok,within a day,65,91,True,10,True,True,Thonglor,Central,Bangkok,13.75433,100.552934,House,Entire home/apt,6,3,Workspace|Air conditioning|Elevator|Washer|Heating|Pool|Free parking|Wifi,221.39,1,1125,3.23,3.16,3.13,3.36,3.47,3.37,3.23,False
540,"Entire home/apt in Senayan, Jakarta",1100,2023-07-28,Jakarta,a few days or more,95,66,False,3,False,True,Senayan,West,Jakarta,-6.207963,106.81637,Serviced apartment,Entire home/apt,3,2,Elevator|Heating|Kitchen|Workspace|Air conditioning|Iron|Washer|TV,240.66,1,60,3.66,3.78,3.65,3.76,3.54,3.5,3.54,True
541,"Entire home/apt in Orchard, Singapore",1101,2021-05-09,Singapore,within an hour,50,61,True,4,True,True,Orchard,East,Singapore,1.362602,103.811371,Loft,Entire home/apt,3,2,Workspace|Heating|TV,218.9,1,30,4.86,4.59,4.77,4.89,4.85,4.59,4.47,False
542,"Private room in Malate, Manila",1102,2016-05-13,Manila,within an hour,100,80,True,5,True,True,Malate,North,Manila,14.585885,120.993005,Serviced apartment,Private room,8,4,Gym|Air conditioning|Free parking|Wifi|Washer|Heating|Kitchen|Pool,240.32,3,60,4.37,4.17,4.16,4.6,4.46,4.57,4.37,True
543,"Private room in Sukhumvit, Bangkok",1103,2015-01-15,Bangkok,a few days or more,73,69,False,14,True,False,Sukhumvit,Central,Bangkok,13.746287,100.466759,Loft,Private room,7,4,Gym|Elevator|Air conditioning|Pool|Wifi|TV|Iron|Washer|Free parking|Kitchen|Heating|Workspace,220.38,7,30,3.68,3.73,3.82,3.95,3.97,3.38,3.5,True
544,"Entire home/apt in Senayan, Jakarta",1104,2021-11-24,Jakarta,within a few hours,84,77,True,9,True,True,Senayan,South,Jakarta,-6.203471,106.816066,Serviced apartment,Entire home/apt,8,4,Gym|TV|Washer|Free parking|Kitchen|Heating|Iron|Pool|Workspace,268.31,3,1125,3.49,3.25,3.41,3.63,3.61,3.66,3.13,True
545,"Entire home/apt in BGC, Manila",1105,2025-01-21,Manila,within a few hours,74,50,False,5,True,True,BGC,Central,Manila,14.583894,120.963728,Condominium,Entire home/apt,2,1,Air conditioning|Kitchen|Gym,195.31,3,30,4.79,4.87,4.98,4.88,5.0,5.0,4.78,True
546,"Entire home/apt in BGC, Manila",1106,2016-01-05,Manila,within a day,82,87,False,2,True,True,BGC,North,Manila,14.576417,120.970743,Apartment,Entire home/apt,8,4,Kitchen|Air conditioning|Iron|TV|Workspace|Elevator|Wifi|Free parking|Washer|Pool|Heating|Gym,256.99,1,90,3.52,3.58,3.34,3.78,3.37,3.55,3.46,True
547,"Private room in Katong, Singapore",1107,2021-06-25,Singapore,within a few hours,95,71,True,7,True,False,Katong,West,Singapore,1.364622,103.828266,Loft,Private room,3,2,Workspace|Heating|Wifi,102.16,1,365,4.89,4.68,4.99,4.83,5.0,5.0,4.74,False
548,"Entire home/apt in BGC, Manila",1108,2022-04-24,Manila,within a day,50,80,False,2,True,False,BGC,Central,Manila,14.585934,120.970517,House,Entire home/apt,2,1,Workspace|Elevator|Washer|Air conditioning|Kitchen|Heating|Wifi,165.7,2,1125,3.9,3.92,3.95,3.73,3.76,3.82,3.5,True
549,"Entire home/apt in Menteng, Jakarta",1109,2024-11-13,Jakarta,within a day,94,91,True,2,True,True,Menteng,South,Jakarta,-6.228911,106.835762,Apartment,Entire home/apt,7,4,Wifi|Heating|Kitchen|Washer|Workspace|Elevator|TV|Gym|Pool|Iron,239.45,3,90,3.77,3.75,3.57,3.72,3.98,3.55,3.65,True
550,"Entire home/apt in Malate, Manila",1110,2021-09-03,Manila,within an hour,66,71,False,1,True,False,Malate,East,Manila,14.587437,121.001265,Serviced apartment,Entire home/apt,7,4,Workspace|Air conditioning|Heating|TV|Kitchen|Washer|Iron|Elevator|Wifi,278.95,2,1125,3.58,3.61,3.42,3.72,3.41,3.82,3.29,False
551,"Entire home/apt in KLCC, Kuala Lumpur",1111,2025-04-19,Kuala Lumpur,within a day,84,82,True,4,True,True,KLCC,South,Kuala Lumpur,3.125512,101.698778,House,Entire home/apt,4,2,TV|Gym|Wifi|Iron|Elevator|Air conditioning|Free parking,191.56,2,60,4.19,4.05,3.93,4.45,4.39,4.27,4.21,True
552,"Entire home/apt in Sukhumvit, Bangkok",1112,2025-05-25,Bangkok,within an hour,52,81,False,11,True,True,Sukhumvit,West,Bangkok,13.749401,100.465088,House,Entire home/apt,8,4,Pool|Workspace|Air conditioning|Iron|Gym|Heating|Elevator|Free parking|TV|Kitchen|Wifi|Washer,285.9,7,30,4.17,4.2,4.13,4.41,4.02,3.92,3.82,False
553,"Shared room in Menteng, Jakarta",1113,2024-01-13,Jakarta,within a few hours,70,67,False,12,True,False,Menteng,Central,Jakarta,-6.224214,106.83173,Serviced apartment,Shared room,1,1,Iron|Kitchen|Workspace,70.83,7,60,4.34,4.54,4.48,4.47,4.23,4.58,4.33,False
554,"Entire home/apt in Bukit Bintang, Kuala Lumpur",1114,2022-11-05,Kuala Lumpur,within an hour,81,56,False,13,True,True,Bukit Bintang,North,Kuala Lumpur,3.145763,101.669822,Apartment,Entire home/apt,7,4,Workspace|Kitchen|Pool|Free parking|Elevator|Heating,276.78,7,60,4.8,4.92,4.68,4.88,5.0,4.92,4.69,True
555,"Entire home/apt in Tiong Bahru, Singapore",1115,2022-08-07,Singapore,within a few hours,77,52,False,9,True,False,Tiong Bahru,South,Singapore,1.389336,103.802502,Apartment,Entire home/apt,7,4,Washer|Heating|Air conditioning,250.83,7,90,3.21,2.94,3.14,3.32,3.46,3.48,3.31,True
556,"Shared room in Malate, Manila",1116,2023-05-31,Manila,within an hour,91,51,False,7,True,True,Malate,South,Manila,14.589756,120.998817,Condominium,Shared room,6,3,Wifi|Pool|Gym|Air conditioning|Workspace,156.04,2,1125,3.31,3.04,3.24,3.47,3.35,3.04,3.26,True
557,"Private room in Senayan, Jakarta",1117,2017-06-11,Jakarta,within an hour,54,81,False,4,True,True,Senayan,North,Jakarta,-6.208826,106.810823,House,Private room,3,2,Workspace|Pool|Washer|Wifi|TV|Heating|Gym|Iron|Free parking|Elevator|Air conditioning|Kitchen,141.42,2,90,3.21,2.98,3.04,3.15,3.24,3.06,3.1,False
558,"Entire home/apt in Malate, Manila",1118,2024-08-07,Manila,a few days or more,75,78,True,4,True,True,Malate,East,Manila,14.588828,120.993384,Condominium,Entire home/apt,4,2,Wifi|Iron|Gym|Workspace|Pool|Air conditioning|TV|Free parking|Washer|Kitchen|Heating|Elevator,214.92,3,30,3.23,3.07,3.24,3.51,3.49,3.2,3.21,False
559,"Entire home/apt in Malate, Manila",1119,2021-08-27,Manila,a few days or more,79,51,False,12,True,True,Malate,South,Manila,14.584439,120.992917,Loft,Entire home/apt,3,2,Wifi|Washer|Iron|Gym|Kitchen|TV|Workspace|Air conditioning|Heating,171.82,1,30,3.87,4.02,3.54,4.07,4.09,3.71,3.85,True
560,"Entire home/apt in Chinatown, Bangkok",1120,2025-03-03,Bangkok,within a day,86,97,False,8,True,True,Chinatown,North,Bangkok,13.786155,100.529147,Condominium,Entire home/apt,3,2,Workspace|Wifi|Pool|Air conditioning|Gym|Iron|Elevator|Free parking|Washer|Heating,195.71,1,30,4.16,4.05,4.07,4.31,4.34,4.32,4.22,True
561,"Entire home/apt in Makati, Manila",1121,2016-09-25,Manila,within a few hours,90,64,False,3,True,True,Makati,East,Manila,14.56836,120.980551,Apartment,Entire home/apt,7,4,Free parking|Pool|Workspace|Wifi|Air conditioning|Heating|Elevator|Iron|Washer|TV|Kitchen,268.48,1,90,3.3,3.04,3.07,3.59,3.43,3.44,3.36,False
562,"Shared room in Bugis, Singapore",1122,2022-12-20,Singapore,within a few hours,64,58,True,3,True,True,Bugis,North,Singapore,1.388914,103.837532,Loft,Shared room,6,3,Kitchen|Wifi|Washer,143.75,2,90,4.96,5.0,4.64,5.0,4.88,5.0,4.58,False
563,"Entire home/apt in Sukhumvit, Bangkok",1123,2019-06-10,Bangkok,within a few hours,99,54,True,11,True,True,Sukhumvit,Central,Bangkok,13.746552,100.462347,Loft,Entire home/apt,1,1,Workspace|Heating|Washer|Elevator|TV|Iron|Kitchen|Gym,155.39,7,60,4.83,5.0,4.48,4.97,5.0,5.0,4.47,True
564,"Private room in Makati, Manila",1124,2023-10-22,Manila,a few days or more,85,73,True,14,True,True,Makati,North,Manila,14.561914,120.973841,Condominium,Private room,4,2,Free parking|Air conditioning|Heating|Gym|TV|Iron|Elevator|Workspace|Wifi|Washer|Kitchen,139.56,2,365,3.96,4.14,4.09,3.78,3.88,3.9,3.64,False
565,"Entire home/apt in Kemang, Jakarta",1125,2023-10-14,Jakarta,within a few hours,58,60,False,7,True,True,Kemang,East,Jakarta,-6.224964,106.82157,House,Entire home/apt,5,2,Gym|Washer|Free parking|Iron|TV|Heating|Elevator|Kitchen|Wifi,221.83,2,30,3.74,3.48,3.92,3.67,3.93,3.84,3.8,False
566,"Entire home/apt in Malate, Manila",1126,2020-10-09,Manila,within a few hours,62,85,False,6,True,True,Malate,East,Manila,14.585042,120.996547,House,Entire home/apt,3,2,Workspace|Elevator|Heating|Air conditioning|Gym|TV|Pool|Iron|Kitchen|Washer|Wifi,172.58,1,90,4.38,4.55,4.56,4.27,4.36,4.11,4.25,True
567,"Private room in Bukit Bintang, Kuala Lumpur",1127,2022-12-03,Kuala Lumpur,within a day,96,99,False,15,True,False,Bukit Bintang,West,Kuala Lumpur,3.151238,101.669382,Apartment,Private room,4,2,Wifi|Pool|Free parking|Iron|Elevator|Gym|TV|Washer|Kitchen,112.27,1,90,4.1,4.28,3.96,4.18,4.4,3.96,3.89,False
568,"Entire home/apt in BGC, Manila",1128,2016-12-26,Manila,within a day,61,98,False,7,True,True,BGC,South,Manila,14.578403,120.960477,Apartment,Entire home/apt,5,2,Heating|Pool|Workspace,185.96,1,90,4.85,4.94,4.67,4.84,4.8,4.82,4.51,False
569,"Entire home/apt in Jurong East, Singapore",1129,2021-08-07,Singapore,within a day,69,63,False,12,True,True,Jurong East,Central,Singapore,1.369535,103.80597,House,Entire home/apt,6,3,Wifi|Iron|Free parking|TV|Washer|Air conditioning|Gym,249.73,2,1125,4.89,4.8,4.88,4.92,4.74,5.0,4.94,True
570,"Private room in Jurong East, Singapore",1130,2016-05-07,Singapore,a few days or more,53,57,True,8,True,True,Jurong East,East,Singapore,1.369865,103.810164,Serviced apartment,Private room,3,2,Free parking|Pool|Kitchen|Washer|Iron|Gym|Elevator|Heating|Air conditioning|TV|Workspace,134.81,7,60,3.67,3.8,3.83,3.81,3.82,3.62,3.44,False
571,"Entire home/apt in Silom, Bangkok",1131,2019-06-28,Bangkok,within a day,59,78,False,15,True,True,Silom,South,Bangkok,13.768065,100.466315,Loft,Entire home/apt,3,2,Air conditioning|Free parking|Wifi,198.75,1,30,4.36,4.52,4.18,4.48,4.49,4.09,3.97,True
572,"Entire home/apt in Silom, Bangkok",1132,2024-06-30,Bangkok,within an hour,62,57,False,4,True,True,Silom,North,Bangkok,13.773437,100.459131,Apartment,Entire home/apt,6,3,Washer|Heating|Air conditioning|Workspace|Gym|Free parking|Pool,232.47,3,90,4.45,4.33,4.14,4.64,4.34,4.58,4.35,True
573,"Entire home/apt in Menteng, Jakarta",1133,2018-12-13,Jakarta,within a few hours,50,68,False,6,True,False,Menteng,North,Jakarta,-6.218364,106.831519,House,Entire home/apt,6,3,Kitchen|Workspace|Iron|Elevator|Washer|Pool,260.15,7,60,4.31,4.4,4.05,4.22,4.32,4.31,4.4,True
574,"Shared room in Bugis, Singapore",1134,2019-05-13,Singapore,within a few hours,85,93,False,9,True,True,Bugis,East,Singapore,1.395734,103.838842,Serviced apartment,Shared room,1,1,Kitchen|Washer|Gym|Wifi|Air conditioning|TV|Iron|Heating|Elevator|Pool|Free parking,91.13,7,30,3.84,4.02,3.74,4.04,3.96,4.09,3.82,False
575,"Entire home/apt in KLCC, Kuala Lumpur",1135,2016-06-20,Kuala Lumpur,within a day,85,92,True,14,True,False,KLCC,South,Kuala Lumpur,3.117139,101.698786,Loft,Entire home/apt,8,4,Kitchen|Workspace|TV|Wifi|Air conditioning,282.46,1,60,4.56,4.35,4.74,4.56,4.55,4.75,4.47,False
576,"Private room in Thonglor, Bangkok",1136,2022-02-15,Bangkok,within an hour,65,50,False,8,True,True,Thonglor,West,Bangkok,13.754299,100.549768,Apartment,Private room,4,2,Iron|Air conditioning|TV|Wifi,153.82,1,1125,3.69,3.86,3.75,3.82,3.65,3.4,3.62,True
577,"Private room in Menteng, Jakarta",1137,2017-07-27,Jakarta,within a day,55,77,False,12,True,True,Menteng,West,Jakarta,-6.217846,106.832194,Loft,Private room,5,2,Air conditioning|Pool|Free parking|Elevator|Wifi|Kitchen|Gym|Iron|TV,150.52,1,30,4.64,4.62,4.79,4.61,4.65,4.35,4.71,True
578,"Private room in Senayan, Jakarta",1138,2019-01-05,Jakarta,a few days or more,56,58,False,12,True,True,Senayan,Central,Jakarta,-6.2099,106.81705,Condominium,Private room,8,4,Wifi|Free parking|Kitchen|Gym|Heating,231.09,1,90,4.4,4.14,4.12,4.32,4.56,4.64,4.31,True
579,"Entire home/apt in Malate, Manila",1139,2016-11-06,Manila,within a day,62,57,False,10,True,False,Malate,Central,Manila,14.58584,120.99448,Loft,Entire home/apt,8,4,Kitchen|Workspace|Elevator|Gym|Wifi|Washer|Iron|Free parking|TV|Pool|Air conditioning|Heating,252.86,7,365,3.63,3.49,3.34,3.91,3.77,3.8,3.55,True
580,"Entire home/apt in Tiong Bahru, Singapore",1140,2015-04-07,Singapore,a few days or more,75,69,False,5,True,True,Tiong Bahru,South,Singapore,1.386841,103.802868,Apartment,Entire home/apt,2,1,Heating|Iron|Elevator|Free parking|Workspace|Wifi|Pool,158.36,7,365,3.29,3.24,3.07,3.31,3.32,3.18,3.36,True
581,"Entire home/apt in Chinatown, Bangkok",1141,2018-09-16,Bangkok,within an hour,57,90,True,10,True,True,Chinatown,West,Bangkok,13.784405,100.528113,House,Entire home/apt,1,1,Elevator|Washer|Wifi|Gym|Free parking|Workspace,147.13,1,1125,3.97,4.02,3.7,3.87,4.12,4.03,3.93,True
582,"Entire home/apt in Bukit Bintang, Kuala Lumpur",1142,2017-04-25,Kuala Lumpur,within a day,71,98,False,5,True,True,Bukit Bintang,West,Kuala Lumpur,3.146653,101.669781,Condominium,Entire home/apt,8,4,Heating|Free parking|TV|Workspace|Pool|Iron|Washer|Kitchen,288.74,7,60,4.86,4.71,4.61,4.7,5.0,4.93,4.66,False
583,"Entire home/apt in Makati, Manila",1143,2020-01-21,Manila,within a few hours,86,92,False,14,True,True,Makati,South,Manila,14.563285,120.981846,Serviced apartment,Entire home/apt,5,2,Free parking|Wifi|TV|Heating|Kitchen|Air conditioning|Gym|Iron|Elevator,219.17,7,1125,4.1,4.09,4.26,3.95,3.98,4.38,4.2,False
584,"Private room in Menteng, Jakarta",1144,2023-07-17,Jakarta,a few days or more,69,74,True,15,True,True,Menteng,Central,Jakarta,-6.228573,106.827616,Apartment,Private room,2,1,Pool|Washer|Free parking|Gym|Workspace|Kitchen|Iron|Heating|Air conditioning|Wifi|TV,121.32,1,1125,3.64,3.45,3.27,3.45,3.89,3.86,3.29,False
585,"Private room in Chinatown, Bangkok",1145,2021-09-02,Bangkok,within an hour,54,64,False,15,True,True,Chinatown,South,Bangkok,13.786095,100.527195,House,Private room,6,3,Wifi|TV|Gym|Air conditioning|Washer|Workspace|Kitchen|Pool|Free parking|Heating,171.08,3,90,3.67,3.39,3.39,3.92,3.57,3.61,3.74,False
586,"Entire home/apt in Tiong Bahru, Singapore",1146,2019-07-24,Singapore,within a few hours,86,67,True,7,True,True,Tiong Bahru,South,Singapore,1.397021,103.799064,Condominium,Entire home/apt,5,2,Workspace|Heating|Gym|TV|Iron|Elevator|Free parking|Wifi|Pool|Kitchen,214.07,1,60,4.62,4.76,4.61,4.74,4.91,4.58,4.36,True
587,"Entire home/apt in Sukhumvit, Bangkok",1147,2017-07-24,Bangkok,within a few hours,78,98,False,6,True,True,Sukhumvit,East,Bangkok,13.748765,100.46059,House,Entire home/apt,6,3,Kitchen|Workspace|TV,210.21,1,60,4.3,4.07,4.5,4.41,4.22,4.08,3.97,True
588,"Private room in Tiong Bahru, Singapore",1148,2017-03-19,Singapore,within a few hours,99,80,False,10,True,True,Tiong Bahru,South,Singapore,1.385286,103.801521,Condominium,Private room,4,2,Iron|Gym|Elevator|Pool,134.21,2,90,4.88,4.7,4.93,4.77,5.0,4.71,4.52,False
589,"Entire home/apt in Thonglor, Bangkok",1149,2023-01-14,Bangkok,a few days or more,66,92,False,15,True,True,Thonglor,South,Bangkok,13.756668,100.544568,Loft,Entire home/apt,1,1,Free parking|Elevator|Air conditioning|Wifi|Heating|Washer|Pool|Iron|Workspace|Kitchen|TV,144.92,2,30,3.73,3.85,3.62,3.85,3.78,3.92,3.54,False
590,"Entire home/apt in Makati, Manila",1150,2017-07-20,Manila,within a day,95,66,False,15,True,False,Makati,South,Manila,14.565865,120.977901,House,Entire home/apt,6,3,Iron|Kitchen|Pool|TV|Air conditioning|Elevator|Gym|Workspace|Wifi|Free parking,242.19,7,60,4.61,4.78,4.5,4.72,4.64,4.77,4.25,True
591,"Shared room in Sukhumvit, Bangkok",1151,2020-10-04,Bangkok,within a day,56,87,True,10,False,True,Sukhumvit,South,Bangkok,13.756591,100.463079,Apartment,Shared room,2,1,Gym|Heating|Wifi|Air conditioning|Elevator|Workspace|Iron|Washer|Kitchen|Free parking|Pool,73.2,2,90,4.64,4.43,4.43,4.88,4.82,4.64,4.33,True
592,"Entire home/apt in Kemang, Jakarta",1152,2015-03-29,Jakarta,within a day,68,69,False,8,True,True,Kemang,Central,Jakarta,-6.222421,106.821991,House,Entire home/apt,8,4,Kitchen|Gym|Pool|Free parking|Iron|Elevator|Air conditioning|Heating|Wifi,251.0,2,1125,4.45,4.57,4.35,4.55,4.71,4.16,4.28,False
593,"Private room in Katong, Singapore",1153,2023-08-04,Singapore,a few days or more,81,80,False,6,True,True,Katong,East,Singapore,1.368994,103.823897,Serviced apartment,Private room,6,3,Free parking|Heating|Kitchen|Gym|TV|Pool|Elevator|Air conditioning|Workspace|Iron,170.93,1,90,4.53,4.51,4.14,4.37,4.53,4.56,4.2,False
594,"Private room in Katong, Singapore",1154,2018-03-16,Singapore,within a few hours,91,76,True,3,True,True,Katong,South,Singapore,1.366957,103.828701,Serviced apartment,Private room,3,2,Washer|Wifi|Kitchen|Pool|TV|Gym|Elevator|Free parking|Workspace,135.3,7,90,3.62,3.65,3.79,3.44,3.61,3.52,3.35,False
595,"Entire home/apt in BGC, Manila",1155,2021-01-13,Manila,within an hour,95,73,False,9,True,True,BGC,East,Manila,14.580863,120.970367,Apartment,Entire home/apt,2,1,Washer|Kitchen|Air conditioning|Heating|Iron|Gym|TV|Wifi|Pool|Free parking|Workspace,151.27,2,1125,4.55,4.46,4.45,4.55,4.8,4.31,4.44,False
596,"Entire home/apt in Bangsar, Kuala Lumpur",1156,2023-05-31,Kuala Lumpur,a few days or more,90,75,True,5,True,False,Bangsar,North,Kuala Lumpur,3.148909,101.677393,Serviced apartment,Entire home/apt,5,2,Kitchen|Heating|TV|Elevator|Iron|Pool|Free parking|Washer|Air conditioning,258.39,7,90,4.7,4.79,4.37,4.72,4.56,4.58,4.39,False
597,"Entire home/apt in Menteng, Jakarta",1157,2022-09-27,Jakarta,within an hour,91,60,True,9,True,True,Menteng,East,Jakarta,-6.221959,106.831634,Condominium,Entire home/apt,3,2,Washer|Air conditioning|Free parking|Elevator|Iron|Wifi|Workspace|Heating|Pool|Gym|TV,192.94,1,1125,4.26,3.97,3.99,4.28,4.26,4.4,4.23,False
598,"Private room in Bugis, Singapore",1158,2017-03-03,Singapore,within a few hours,76,89,False,3,True,True,Bugis,South,Singapore,1.385613,103.833222,House,Private room,3,2,Iron|Wifi|Pool|Kitchen|Free parking|Air conditioning|Elevator|Gym,131.66,3,30,4.19,3.92,4.03,4.34,4.07,4.16,4.01,True
599,"Shared room in Silom, Bangkok",1159,2020-08-16,Bangkok,a few days or more,61,75,False,8,True,True,Silom,Central,Bangkok,13.775078,100.463665,Serviced apartment,Shared room,4,2,Washer|Elevator|Gym|Air conditioning|Pool|Iron,151.51,1,365,3.41,3.39,3.59,3.26,3.7,3.22,3.34,False
600,"Entire home/apt in Silom, Bangkok",1160,2017-02-04,Bangkok,within an hour,91,67,False,4,True,True,Silom,Central,Bangkok,13.76951,100.464775,Serviced apartment,Entire home/apt,4,2,Elevator|Pool|Wifi|Gym|Workspace|Washer|TV|Heating|Free parking|Air conditioning|Kitchen,217.21,3,60,4.69,4.62,4.56,4.69,4.72,4.69,4.35,False
