city,neighbourhood,property_type,room_type,instant_bookable,host_is_superhost,host_identity_verified,latitude,longitude,accommodates,bedrooms,minimum_nights,review_scores_rating,host_total_listings_count,amenities,price
Bangkok,Synthetic District 1,Entire apartment,Private room,t,t,f,13.792041,100.465436,1,1,1,76,1,"[""Sample amenity 1"", ""Sample amenity 2"", ""Sample amenity 3"", ""Sample amenity 4""]",1394.74
Bangkok,Synthetic District 2,House,Entire place,f,f,t,13.723325,100.486046,2,1,2,77,2,"[""Sample amenity 1"", ""Sample amenity 2"", ""Sample amenity 3"", ""Sample amenity 4"", ""Sample amenity 5""]",1783.59
Bangkok,Synthetic District 3,Guest suite,Entire place,t,f,t,13.725019,100.477018,3,2,3,78,3,"[""Sample amenity 1"", ""Sample amenity 2"", ""Sample amenity 3"", ""Sample amenity 4"", ""Sample amenity 5"", ""Sample amenity 6""]",2064.37
Bangkok,Synthetic District 4,Entire apartment,Private room,f,f,t,13.737713,100.499421,4,2,4,79,4,"[""Sample amenity 1"", ""Sample amenity 2"", ""Sample amenity 3"", ""Sample amenity 4"", ""Sample amenity 5"", ""Sample amenity 6"", ""Sample amenity 7""]",1936.03
Bangkok,Synthetic District 5,House,Entire place,t,t,t,13.753844,100.513815,5,3,5,80,5,"[""Sample amenity 1"", ""Sample amenity 2"", ""Sample amenity 3"", ""Sample amenity 4"", ""Sample amenity 5"", ""Sample amenity 6"", ""Sample amenity 7"", ""Sample amenity 8""]",2586.7
Bangkok,Synthetic District 1,Guest suite,Entire place,f,f,f,13.782162,100.540103,6,3,6,81,6,"[""Sample amenity 1"", ""Sample amenity 2"", ""Sample amenity 3"", ""Sample amenity 4"", ""Sample amenity 5"", ""Sample amenity 6"", ""Sample amenity 7"", ""Sample amenity 8"", ""Sample amenity 9""]",2729.53
Bangkok,Synthetic District 2,Entire apartment,Private room,t,f,t,13.784866,100.535955,1,1,7,82,7,"[""Sample amenity 1"", ""Sample amenity 2"", ""Sample amenity 3"", ""Sample amenity 4"", ""Sample amenity 5"", ""Sample amenity 6"", ""Sample amenity 7"", ""Sample amenity 8"", ""Sample amenity 9"", ""Sample amenity 10""]",1470.77
Bangkok,Synthetic District 3,House,Entire place,f,f,t,13.780081,100.519197,2,1,1,83,8,"[""Sample amenity 1"", ""Sample amenity 2"", ""Sample amenity 3"", ""Sample amenity 4"", ""Sample amenity 5"", ""Sample amenity 6"", ""Sample amenity 7"", ""Sample amenity 8"", ""Sample amenity 9"", ""Sample amenity 10"", ""Sample amenity 11""]",2078.82
Bangkok,Synthetic District 4,Guest suite,Entire place,t,t,t,13.720176,100.469324,3,2,2,84,1,"[""Sample amenity 1"", ""Sample amenity 2"", ""Sample amenity 3"", ""Sample amenity 4"", ""Sample amenity 5"", ""Sample amenity 6"", ""Sample amenity 7"", ""Sample amenity 8"", ""Sample amenity 9"", ""Sample amenity 10"", ""Sample amenity 11"", ""Sample amenity 12""]",2408.04
Bangkok,Synthetic District 5,Entire apartment,Private room,f,f,t,13.741064,100.540377,4,2,3,85,2,"[""Sample amenity 1"", ""Sample amenity 2"", ""Sample amenity 3"", ""Sample amenity 4"", ""Sample amenity 5"", ""Sample amenity 6"", ""Sample amenity 7"", ""Sample amenity 8"", ""Sample amenity 9"", ""Sample amenity 10"", ""Sample amenity 11"", ""Sample amenity 12"", ""Sample amenity 13""]",2113.97
Bangkok,Synthetic District 1,House,Entire place,t,f,f,13.739509,100.478549,5,3,4,86,3,"[""Sample amenity 1"", ""Sample amenity 2"", ""Sample amenity 3"", ""Sample amenity 4"", ""Sample amenity 5"", ""Sample amenity 6"", ""Sample amenity 7"", ""Sample amenity 8"", ""Sample amenity 9"", ""Sample amenity 10"", ""Sample amenity 11"", ""Sample amenity 12"", ""Sample amenity 13"", ""Sample amenity 14""]",2622.73
Bangkok,Synthetic District 2,Guest suite,Entire place,f,f,t,13.795625,100.53442,6,3,5,87,4,"[""Sample amenity 1"", ""Sample amenity 2"", ""Sample amenity 3"", ""Sample amenity 4"", ""Sample amenity 5"", ""Sample amenity 6"", ""Sample amenity 7"", ""Sample amenity 8"", ""Sample amenity 9"", ""Sample amenity 10"", ""Sample amenity 11"", ""Sample amenity 12"", ""Sample amenity 13"", ""Sample amenity 14"", ""Sample amenity 15""]",3010.67
Bangkok,Synthetic District 3,Entire apartment,Private room,t,t,t,13.72281,100.491484,1,1,6,88,5,"[""Sample amenity 1"", ""Sample amenity 2"", ""Sample amenity 3"", ""Sample amenity 4"", ""Sample amenity 5"", ""Sample amenity 6"", ""Sample amenity 7"", ""Sample amenity 8"", ""Sample amenity 9"", ""Sample amenity 10"", ""Sample amenity 11"", ""Sample amenity 12"", ""Sample amenity 13"", ""Sample amenity 14"", ""Sample amenity 15"", ""Sample amenity 16""]",1695.08
Bangkok,Synthetic District 4,House,Entire place,f,f,t,13.72441,100.517737,2,1,7,89,6,"[""Sample amenity 1"", ""Sample amenity 2"", ""Sample amenity 3"", ""Sample amenity 4"", ""Sample amenity 5"", ""Sample amenity 6"", ""Sample amenity 7"", ""Sample amenity 8"", ""Sample amenity 9"", ""Sample amenity 10"", ""Sample amenity 11"", ""Sample amenity 12"", ""Sample amenity 13"", ""Sample amenity 14"", ""Sample amenity 15"", ""Sample amenity 16"", ""Sample amenity 17""]",2012.13
Bangkok,Synthetic District 5,Guest suite,Entire place,t,f,t,13.780158,100.509428,3,2,1,90,7,"[""Sample amenity 1"", ""Sample amenity 2"", ""Sample amenity 3"", ""Sample amenity 4""]",2134.17
Bangkok,Synthetic District 1,Entire apartment,Private room,f,f,f,13.782078,100.491772,4,2,2,91,8,"[""Sample amenity 1"", ""Sample amenity 2"", ""Sample amenity 3"", ""Sample amenity 4"", ""Sample amenity 5""]",1953.83
Bangkok,Synthetic District 2,House,Entire place,t,t,t,13.783268,100.482763,5,3,3,92,1,"[""Sample amenity 1"", ""Sample amenity 2"", ""Sample amenity 3"", ""Sample amenity 4"", ""Sample amenity 5"", ""Sample amenity 6""]",2732.38
Bangkok,Synthetic District 3,Guest suite,Entire place,f,f,t,13.735466,100.474925,6,3,4,93,2,"[""Sample amenity 1"", ""Sample amenity 2"", ""Sample amenity 3"", ""Sample amenity 4"", ""Sample amenity 5"", ""Sample amenity 6"", ""Sample amenity 7""]",2759.73
Bangkok,Synthetic District 4,Entire apartment,Private room,t,f,t,13.729148,100.487485,1,1,5,94,3,"[""Sample amenity 1"", ""Sample amenity 2"", ""Sample amenity 3"", ""Sample amenity 4"", ""Sample amenity 5"", ""Sample amenity 6"", ""Sample amenity 7"", ""Sample amenity 8""]",1390.76
Bangkok,Synthetic District 5,House,Entire place,f,f,t,13.758736,100.492688,2,1,6,95,4,"[""Sample amenity 1"", ""Sample amenity 2"", ""Sample amenity 3"", ""Sample amenity 4"", ""Sample amenity 5"", ""Sample amenity 6"", ""Sample amenity 7"", ""Sample amenity 8"", ""Sample amenity 9""]",1904.55
Bangkok,Synthetic District 1,Guest suite,Entire place,t,t,f,13.772998,100.533581,3,2,7,96,5,"[""Sample amenity 1"", ""Sample amenity 2"", ""Sample amenity 3"", ""Sample amenity 4"", ""Sample amenity 5"", ""Sample amenity 6"", ""Sample amenity 7"", ""Sample amenity 8"", ""Sample amenity 9"", ""Sample amenity 10""]",2217.51
Bangkok,Synthetic District 2,Entire apartment,Private room,f,f,t,13.770675,100.496235,4,2,1,97,6,"[""Sample amenity 1"", ""Sample amenity 2"", ""Sample amenity 3"", ""Sample amenity 4"", ""Sample amenity 5"", ""Sample amenity 6"", ""Sample amenity 7"", ""Sample amenity 8"", ""Sample amenity 9"", ""Sample amenity 10"", ""Sample amenity 11""]",2060.57
Bangkok,Synthetic District 3,House,Entire place,t,f,t,13.796062,100.484117,5,3,2,98,7,"[""Sample amenity 1"", ""Sample amenity 2"", ""Sample amenity 3"", ""Sample amenity 4"", ""Sample amenity 5"", ""Sample amenity 6"", ""Sample amenity 7"", ""Sample amenity 8"", ""Sample amenity 9"", ""Sample amenity 10"", ""Sample amenity 11"", ""Sample amenity 12""]",2705.64
Bangkok,Synthetic District 4,Guest suite,Entire place,f,f,t,13.761468,100.528353,6,3,3,99,8,"[""Sample amenity 1"", ""Sample amenity 2"", ""Sample amenity 3"", ""Sample amenity 4"", ""Sample amenity 5"", ""Sample amenity 6"", ""Sample amenity 7"", ""Sample amenity 8"", ""Sample amenity 9"", ""Sample amenity 10"", ""Sample amenity 11"", ""Sample amenity 12"", ""Sample amenity 13""]",2801.54
Bangkok,Synthetic District 5,Entire apartment,Private room,t,t,t,13.732192,100.512897,1,1,4,76,1,"[""Sample amenity 1"", ""Sample amenity 2"", ""Sample amenity 3"", ""Sample amenity 4"", ""Sample amenity 5"", ""Sample amenity 6"", ""Sample amenity 7"", ""Sample amenity 8"", ""Sample amenity 9"", ""Sample amenity 10"", ""Sample amenity 11"", ""Sample amenity 12"", ""Sample amenity 13"", ""Sample amenity 14""]",1572.12
Bangkok,Synthetic District 1,House,Entire place,f,f,f,13.765308,100.52678,2,1,5,77,2,"[""Sample amenity 1"", ""Sample amenity 2"", ""Sample amenity 3"", ""Sample amenity 4"", ""Sample amenity 5"", ""Sample amenity 6"", ""Sample amenity 7"", ""Sample amenity 8"", ""Sample amenity 9"", ""Sample amenity 10"", ""Sample amenity 11"", ""Sample amenity 12"", ""Sample amenity 13"", ""Sample amenity 14"", ""Sample amenity 15""]",2153.01
Bangkok,Synthetic District 2,Guest suite,Entire place,t,f,t,13.767146,100.511254,3,2,6,78,3,"[""Sample amenity 1"", ""Sample amenity 2"", ""Sample amenity 3"", ""Sample amenity 4"", ""Sample amenity 5"", ""Sample amenity 6"", ""Sample amenity 7"", ""Sample amenity 8"", ""Sample amenity 9"", ""Sample amenity 10"", ""Sample amenity 11"", ""Sample amenity 12"", ""Sample amenity 13"", ""Sample amenity 14"", ""Sample amenity 15"", ""Sample amenity 16""]",2279.13
Bangkok,Synthetic District 3,Entire apartment,Private room,f,f,t,13.786446,100.465014,4,2,7,79,4,"[""Sample amenity 1"", ""Sample amenity 2"", ""Sample amenity 3"", ""Sample amenity 4"", ""Sample amenity 5"", ""Sample amenity 6"", ""Sample amenity 7"", ""Sample amenity 8"", ""Sample amenity 9"", ""Sample amenity 10"", ""Sample amenity 11"", ""Sample amenity 12"", ""Sample amenity 13"", ""Sample amenity 14"", ""Sample amenity 15"", ""Sample amenity 16"", ""Sample amenity 17""]",2291.28
Bangkok,Synthetic District 4,House,Entire place,t,t,t,13.771572,100.471469,5,3,1,80,5,"[""Sample amenity 1"", ""Sample amenity 2"", ""Sample amenity 3"", ""Sample amenity 4""]",2597.21
Bangkok,Synthetic District 5,Guest suite,Entire place,f,f,t,13.721203,100.504476,6,3,2,81,6,"[""Sample amenity 1"", ""Sample amenity 2"", ""Sample amenity 3"", ""Sample amenity 4"", ""Sample amenity 5""]",2770.03
Bangkok,Synthetic District 1,Entire apartment,Private room,t,f,f,13.779231,100.491222,1,1,3,82,7,"[""Sample amenity 1"", ""Sample amenity 2"", ""Sample amenity 3"", ""Sample amenity 4"", ""Sample amenity 5"", ""Sample amenity 6""]",1430.77
Bangkok,Synthetic District 2,House,Entire place,f,f,t,13.757855,100.497034,2,1,4,83,8,"[""Sample amenity 1"", ""Sample amenity 2"", ""Sample amenity 3"", ""Sample amenity 4"", ""Sample amenity 5"", ""Sample amenity 6"", ""Sample amenity 7""]",1800.08
Bangkok,Synthetic District 3,Guest suite,Entire place,t,t,t,13.754517,100.461849,3,2,5,84,1,"[""Sample amenity 1"", ""Sample amenity 2"", ""Sample amenity 3"", ""Sample amenity 4"", ""Sample amenity 5"", ""Sample amenity 6"", ""Sample amenity 7"", ""Sample amenity 8""]",2184.69
Bangkok,Synthetic District 4,Entire apartment,Private room,f,f,t,13.751767,100.474149,4,2,6,85,2,"[""Sample amenity 1"", ""Sample amenity 2"", ""Sample amenity 3"", ""Sample amenity 4"", ""Sample amenity 5"", ""Sample amenity 6"", ""Sample amenity 7"", ""Sample amenity 8"", ""Sample amenity 9""]",2049.58
Bangkok,Synthetic District 5,House,Entire place,t,f,t,13.718998,100.48513,5,3,7,86,3,"[""Sample amenity 1"", ""Sample amenity 2"", ""Sample amenity 3"", ""Sample amenity 4"", ""Sample amenity 5"", ""Sample amenity 6"", ""Sample amenity 7"", ""Sample amenity 8"", ""Sample amenity 9"", ""Sample amenity 10""]",2606.2
Bangkok,Synthetic District 1,Guest suite,Entire place,f,f,f,13.793101,100.507463,6,3,1,87,4,"[""Sample amenity 1"", ""Sample amenity 2"", ""Sample amenity 3"", ""Sample amenity 4"", ""Sample amenity 5"", ""Sample amenity 6"", ""Sample amenity 7"", ""Sample amenity 8"", ""Sample amenity 9"", ""Sample amenity 10"", ""Sample amenity 11""]",2904.26
Bangkok,Synthetic District 2,Entire apartment,Private room,t,t,t,13.765897,100.501269,1,1,2,88,5,"[""Sample amenity 1"", ""Sample amenity 2"", ""Sample amenity 3"", ""Sample amenity 4"", ""Sample amenity 5"", ""Sample amenity 6"", ""Sample amenity 7"", ""Sample amenity 8"", ""Sample amenity 9"", ""Sample amenity 10"", ""Sample amenity 11"", ""Sample amenity 12""]",1479.54
Bangkok,Synthetic District 3,House,Entire place,f,f,t,13.788947,100.491709,2,1,3,89,6,"[""Sample amenity 1"", ""Sample amenity 2"", ""Sample amenity 3"", ""Sample amenity 4"", ""Sample amenity 5"", ""Sample amenity 6"", ""Sample amenity 7"", ""Sample amenity 8"", ""Sample amenity 9"", ""Sample amenity 10"", ""Sample amenity 11"", ""Sample amenity 12"", ""Sample amenity 13""]",2058.97
Bangkok,Synthetic District 4,Guest suite,Entire place,t,f,t,13.719197,100.466573,3,2,4,90,7,"[""Sample amenity 1"", ""Sample amenity 2"", ""Sample amenity 3"", ""Sample amenity 4"", ""Sample amenity 5"", ""Sample amenity 6"", ""Sample amenity 7"", ""Sample amenity 8"", ""Sample amenity 9"", ""Sample amenity 10"", ""Sample amenity 11"", ""Sample amenity 12"", ""Sample amenity 13"", ""Sample amenity 14""]",2299.4
Bangkok,Synthetic District 5,Entire apartment,Private room,f,f,t,13.779275,100.490169,4,2,5,91,8,"[""Sample amenity 1"", ""Sample amenity 2"", ""Sample amenity 3"", ""Sample amenity 4"", ""Sample amenity 5"", ""Sample amenity 6"", ""Sample amenity 7"", ""Sample amenity 8"", ""Sample amenity 9"", ""Sample amenity 10"", ""Sample amenity 11"", ""Sample amenity 12"", ""Sample amenity 13"", ""Sample amenity 14"", ""Sample amenity 15""]",2126.63
Bangkok,Synthetic District 1,House,Entire place,t,t,f,13.765865,100.535259,5,3,6,92,1,"[""Sample amenity 1"", ""Sample amenity 2"", ""Sample amenity 3"", ""Sample amenity 4"", ""Sample amenity 5"", ""Sample amenity 6"", ""Sample amenity 7"", ""Sample amenity 8"", ""Sample amenity 9"", ""Sample amenity 10"", ""Sample amenity 11"", ""Sample amenity 12"", ""Sample amenity 13"", ""Sample amenity 14"", ""Sample amenity 15"", ""Sample amenity 16""]",2937.72
Bangkok,Synthetic District 2,Guest suite,Entire place,f,f,t,13.725153,100.52476,6,3,7,93,2,"[""Sample amenity 1"", ""Sample amenity 2"", ""Sample amenity 3"", ""Sample amenity 4"", ""Sample amenity 5"", ""Sample amenity 6"", ""Sample amenity 7"", ""Sample amenity 8"", ""Sample amenity 9"", ""Sample amenity 10"", ""Sample amenity 11"", ""Sample amenity 12"", ""Sample amenity 13"", ""Sample amenity 14"", ""Sample amenity 15"", ""Sample amenity 16"", ""Sample amenity 17""]",2918.31
Bangkok,Synthetic District 3,Entire apartment,Private room,t,f,t,13.75791,100.505602,1,1,1,94,3,"[""Sample amenity 1"", ""Sample amenity 2"", ""Sample amenity 3"", ""Sample amenity 4""]",1187.37
Bangkok,Synthetic District 4,House,Entire place,f,f,t,13.765479,100.47574,2,1,2,95,4,"[""Sample amenity 1"", ""Sample amenity 2"", ""Sample amenity 3"", ""Sample amenity 4"", ""Sample amenity 5""]",1917.81
Bangkok,Synthetic District 5,Guest suite,Entire place,t,t,t,13.773437,100.476726,3,2,3,96,5,"[""Sample amenity 1"", ""Sample amenity 2"", ""Sample amenity 3"", ""Sample amenity 4"", ""Sample amenity 5"", ""Sample amenity 6""]",2242.75
Bangkok,Synthetic District 1,Entire apartment,Private room,f,f,f,13.766106,100.512199,4,2,4,97,6,"[""Sample amenity 1"", ""Sample amenity 2"", ""Sample amenity 3"", ""Sample amenity 4"", ""Sample amenity 5"", ""Sample amenity 6"", ""Sample amenity 7""]",2096.03
Bangkok,Synthetic District 2,House,Entire place,t,f,t,13.783225,100.519408,5,3,5,98,7,"[""Sample amenity 1"", ""Sample amenity 2"", ""Sample amenity 3"", ""Sample amenity 4"", ""Sample amenity 5"", ""Sample amenity 6"", ""Sample amenity 7"", ""Sample amenity 8""]",2651.5
Bangkok,Synthetic District 3,Guest suite,Entire place,f,f,t,13.724129,100.522846,6,3,6,99,8,"[""Sample amenity 1"", ""Sample amenity 2"", ""Sample amenity 3"", ""Sample amenity 4"", ""Sample amenity 5"", ""Sample amenity 6"", ""Sample amenity 7"", ""Sample amenity 8"", ""Sample amenity 9""]",2792.91
Bangkok,Synthetic District 4,Entire apartment,Private room,t,t,t,13.785657,100.52474,1,1,7,76,1,"[""Sample amenity 1"", ""Sample amenity 2"", ""Sample amenity 3"", ""Sample amenity 4"", ""Sample amenity 5"", ""Sample amenity 6"", ""Sample amenity 7"", ""Sample amenity 8"", ""Sample amenity 9"", ""Sample amenity 10""]",1635.26
Bangkok,Synthetic District 5,House,Entire place,f,f,t,13.767091,100.484384,2,1,1,77,2,"[""Sample amenity 1"", ""Sample amenity 2"", ""Sample amenity 3"", ""Sample amenity 4"", ""Sample amenity 5"", ""Sample amenity 6"", ""Sample amenity 7"", ""Sample amenity 8"", ""Sample amenity 9"", ""Sample amenity 10"", ""Sample amenity 11""]",1877.67
Cape Town,Synthetic District 1,Entire apartment,Private room,t,t,f,-33.949251,18.435247,1,1,1,76,1,"[""Sample amenity 1"", ""Sample amenity 2"", ""Sample amenity 3"", ""Sample amenity 4""]",710.77
Cape Town,Synthetic District 2,House,Entire place,f,f,t,-33.950503,18.451054,2,1,2,77,2,"[""Sample amenity 1"", ""Sample amenity 2"", ""Sample amenity 3"", ""Sample amenity 4"", ""Sample amenity 5""]",970.41
Cape Town,Synthetic District 3,Guest suite,Entire place,t,f,t,-33.922572,18.456389,3,2,3,78,3,"[""Sample amenity 1"", ""Sample amenity 2"", ""Sample amenity 3"", ""Sample amenity 4"", ""Sample amenity 5"", ""Sample amenity 6""]",1039.34
Cape Town,Synthetic District 4,Entire apartment,Private room,f,f,t,-33.959349,18.455766,4,2,4,79,4,"[""Sample amenity 1"", ""Sample amenity 2"", ""Sample amenity 3"", ""Sample amenity 4"", ""Sample amenity 5"", ""Sample amenity 6"", ""Sample amenity 7""]",969.81
Cape Town,Synthetic District 5,House,Entire place,t,t,t,-33.924456,18.413998,5,3,5,80,5,"[""Sample amenity 1"", ""Sample amenity 2"", ""Sample amenity 3"", ""Sample amenity 4"", ""Sample amenity 5"", ""Sample amenity 6"", ""Sample amenity 7"", ""Sample amenity 8""]",1314.23
Cape Town,Synthetic District 1,Guest suite,Entire place,f,f,f,-33.963122,18.413324,6,3,6,81,6,"[""Sample amenity 1"", ""Sample amenity 2"", ""Sample amenity 3"", ""Sample amenity 4"", ""Sample amenity 5"", ""Sample amenity 6"", ""Sample amenity 7"", ""Sample amenity 8"", ""Sample amenity 9""]",1400.9
Cape Town,Synthetic District 2,Entire apartment,Private room,t,f,t,-33.937985,18.451404,1,1,7,82,7,"[""Sample amenity 1"", ""Sample amenity 2"", ""Sample amenity 3"", ""Sample amenity 4"", ""Sample amenity 5"", ""Sample amenity 6"", ""Sample amenity 7"", ""Sample amenity 8"", ""Sample amenity 9"", ""Sample amenity 10""]",711.82
Cape Town,Synthetic District 3,House,Entire place,f,f,t,-33.934433,18.395736,2,1,1,83,8,"[""Sample amenity 1"", ""Sample amenity 2"", ""Sample amenity 3"", ""Sample amenity 4"", ""Sample amenity 5"", ""Sample amenity 6"", ""Sample amenity 7"", ""Sample amenity 8"", ""Sample amenity 9"", ""Sample amenity 10"", ""Sample amenity 11""]",1008.64
Cape Town,Synthetic District 4,Guest suite,Entire place,t,t,t,-33.958607,18.445464,3,2,2,84,1,"[""Sample amenity 1"", ""Sample amenity 2"", ""Sample amenity 3"", ""Sample amenity 4"", ""Sample amenity 5"", ""Sample amenity 6"", ""Sample amenity 7"", ""Sample amenity 8"", ""Sample amenity 9"", ""Sample amenity 10"", ""Sample amenity 11"", ""Sample amenity 12""]",1124.27
Cape Town,Synthetic District 5,Entire apartment,Private room,f,f,t,-33.885379,18.463002,4,2,3,85,2,"[""Sample amenity 1"", ""Sample amenity 2"", ""Sample amenity 3"", ""Sample amenity 4"", ""Sample amenity 5"", ""Sample amenity 6"", ""Sample amenity 7"", ""Sample amenity 8"", ""Sample amenity 9"", ""Sample amenity 10"", ""Sample amenity 11"", ""Sample amenity 12"", ""Sample amenity 13""]",1103.43
Cape Town,Synthetic District 1,House,Entire place,t,f,f,-33.925221,18.395279,5,3,4,86,3,"[""Sample amenity 1"", ""Sample amenity 2"", ""Sample amenity 3"", ""Sample amenity 4"", ""Sample amenity 5"", ""Sample amenity 6"", ""Sample amenity 7"", ""Sample amenity 8"", ""Sample amenity 9"", ""Sample amenity 10"", ""Sample amenity 11"", ""Sample amenity 12"", ""Sample amenity 13"", ""Sample amenity 14""]",1325.72
Cape Town,Synthetic District 2,Guest suite,Entire place,f,f,t,-33.903535,18.43111,6,3,5,87,4,"[""Sample amenity 1"", ""Sample amenity 2"", ""Sample amenity 3"", ""Sample amenity 4"", ""Sample amenity 5"", ""Sample amenity 6"", ""Sample amenity 7"", ""Sample amenity 8"", ""Sample amenity 9"", ""Sample amenity 10"", ""Sample amenity 11"", ""Sample amenity 12"", ""Sample amenity 13"", ""Sample amenity 14"", ""Sample amenity 15""]",1425.46
Cape Town,Synthetic District 3,Entire apartment,Private room,t,t,t,-33.900362,18.446004,1,1,6,88,5,"[""Sample amenity 1"", ""Sample amenity 2"", ""Sample amenity 3"", ""Sample amenity 4"", ""Sample amenity 5"", ""Sample amenity 6"", ""Sample amenity 7"", ""Sample amenity 8"", ""Sample amenity 9"", ""Sample amenity 10"", ""Sample amenity 11"", ""Sample amenity 12"", ""Sample amenity 13"", ""Sample amenity 14"", ""Sample amenity 15"", ""Sample amenity 16""]",859.47
Cape Town,Synthetic District 4,House,Entire place,f,f,t,-33.919995,18.416421,2,1,7,89,6,"[""Sample amenity 1"", ""Sample amenity 2"", ""Sample amenity 3"", ""Sample amenity 4"", ""Sample amenity 5"", ""Sample amenity 6"", ""Sample amenity 7"", ""Sample amenity 8"", ""Sample amenity 9"", ""Sample amenity 10"", ""Sample amenity 11"", ""Sample amenity 12"", ""Sample amenity 13"", ""Sample amenity 14"", ""Sample amenity 15"", ""Sample amenity 16"", ""Sample amenity 17""]",1070.24
Cape Town,Synthetic District 5,Guest suite,Entire place,t,f,t,-33.906341,18.394034,3,2,1,90,7,"[""Sample amenity 1"", ""Sample amenity 2"", ""Sample amenity 3"", ""Sample amenity 4""]",1013.99
Cape Town,Synthetic District 1,Entire apartment,Private room,f,f,f,-33.891797,18.432356,4,2,2,91,8,"[""Sample amenity 1"", ""Sample amenity 2"", ""Sample amenity 3"", ""Sample amenity 4"", ""Sample amenity 5""]",1024.4
Cape Town,Synthetic District 2,House,Entire place,t,t,t,-33.926453,18.422335,5,3,3,92,1,"[""Sample amenity 1"", ""Sample amenity 2"", ""Sample amenity 3"", ""Sample amenity 4"", ""Sample amenity 5"", ""Sample amenity 6""]",1309.67
Cape Town,Synthetic District 3,Guest suite,Entire place,f,f,t,-33.923214,18.416021,6,3,4,93,2,"[""Sample amenity 1"", ""Sample amenity 2"", ""Sample amenity 3"", ""Sample amenity 4"", ""Sample amenity 5"", ""Sample amenity 6"", ""Sample amenity 7""]",1351.63
Cape Town,Synthetic District 4,Entire apartment,Private room,t,f,t,-33.906609,18.396845,1,1,5,94,3,"[""Sample amenity 1"", ""Sample amenity 2"", ""Sample amenity 3"", ""Sample amenity 4"", ""Sample amenity 5"", ""Sample amenity 6"", ""Sample amenity 7"", ""Sample amenity 8""]",670.89
Cape Town,Synthetic District 5,House,Entire place,f,f,t,-33.918765,18.463432,2,1,6,95,4,"[""Sample amenity 1"", ""Sample amenity 2"", ""Sample amenity 3"", ""Sample amenity 4"", ""Sample amenity 5"", ""Sample amenity 6"", ""Sample amenity 7"", ""Sample amenity 8"", ""Sample amenity 9""]",983.34
Cape Town,Synthetic District 1,Guest suite,Entire place,t,t,f,-33.904929,18.46166,3,2,7,96,5,"[""Sample amenity 1"", ""Sample amenity 2"", ""Sample amenity 3"", ""Sample amenity 4"", ""Sample amenity 5"", ""Sample amenity 6"", ""Sample amenity 7"", ""Sample amenity 8"", ""Sample amenity 9"", ""Sample amenity 10""]",1146.38
Cape Town,Synthetic District 2,Entire apartment,Private room,f,f,t,-33.943969,18.441331,4,2,1,97,6,"[""Sample amenity 1"", ""Sample amenity 2"", ""Sample amenity 3"", ""Sample amenity 4"", ""Sample amenity 5"", ""Sample amenity 6"", ""Sample amenity 7"", ""Sample amenity 8"", ""Sample amenity 9"", ""Sample amenity 10"", ""Sample amenity 11""]",1053.27
Cape Town,Synthetic District 3,House,Entire place,t,f,t,-33.899568,18.392069,5,3,2,98,7,"[""Sample amenity 1"", ""Sample amenity 2"", ""Sample amenity 3"", ""Sample amenity 4"", ""Sample amenity 5"", ""Sample amenity 6"", ""Sample amenity 7"", ""Sample amenity 8"", ""Sample amenity 9"", ""Sample amenity 10"", ""Sample amenity 11"", ""Sample amenity 12""]",1323.7
Cape Town,Synthetic District 4,Guest suite,Entire place,f,f,t,-33.955713,18.399483,6,3,3,99,8,"[""Sample amenity 1"", ""Sample amenity 2"", ""Sample amenity 3"", ""Sample amenity 4"", ""Sample amenity 5"", ""Sample amenity 6"", ""Sample amenity 7"", ""Sample amenity 8"", ""Sample amenity 9"", ""Sample amenity 10"", ""Sample amenity 11"", ""Sample amenity 12"", ""Sample amenity 13""]",1394.12
Cape Town,Synthetic District 5,Entire apartment,Private room,t,t,t,-33.954437,18.411012,1,1,4,76,1,"[""Sample amenity 1"", ""Sample amenity 2"", ""Sample amenity 3"", ""Sample amenity 4"", ""Sample amenity 5"", ""Sample amenity 6"", ""Sample amenity 7"", ""Sample amenity 8"", ""Sample amenity 9"", ""Sample amenity 10"", ""Sample amenity 11"", ""Sample amenity 12"", ""Sample amenity 13"", ""Sample amenity 14""]",766.78
Cape Town,Synthetic District 1,House,Entire place,f,f,f,-33.910055,18.3931,2,1,5,77,2,"[""Sample amenity 1"", ""Sample amenity 2"", ""Sample amenity 3"", ""Sample amenity 4"", ""Sample amenity 5"", ""Sample amenity 6"", ""Sample amenity 7"", ""Sample amenity 8"", ""Sample amenity 9"", ""Sample amenity 10"", ""Sample amenity 11"", ""Sample amenity 12"", ""Sample amenity 13"", ""Sample amenity 14"", ""Sample amenity 15""]",1034.59
Cape Town,Synthetic District 2,Guest suite,Entire place,t,f,t,-33.894272,18.407219,3,2,6,78,3,"[""Sample amenity 1"", ""Sample amenity 2"", ""Sample amenity 3"", ""Sample amenity 4"", ""Sample amenity 5"", ""Sample amenity 6"", ""Sample amenity 7"", ""Sample amenity 8"", ""Sample amenity 9"", ""Sample amenity 10"", ""Sample amenity 11"", ""Sample amenity 12"", ""Sample amenity 13"", ""Sample amenity 14"", ""Sample amenity 15"", ""Sample amenity 16""]",1195.66
Cape Town,Synthetic District 3,Entire apartment,Private room,f,f,t,-33.892611,18.443535,4,2,7,79,4,"[""Sample amenity 1"", ""Sample amenity 2"", ""Sample amenity 3"", ""Sample amenity 4"", ""Sample amenity 5"", ""Sample amenity 6"", ""Sample amenity 7"", ""Sample amenity 8"", ""Sample amenity 9"", ""Sample amenity 10"", ""Sample amenity 11"", ""Sample amenity 12"", ""Sample amenity 13"", ""Sample amenity 14"", ""Sample amenity 15"", ""Sample amenity 16"", ""Sample amenity 17""]",1063.6
Cape Town,Synthetic District 4,House,Entire place,t,t,t,-33.950958,18.446962,5,3,1,80,5,"[""Sample amenity 1"", ""Sample amenity 2"", ""Sample amenity 3"", ""Sample amenity 4""]",1262.6
Cape Town,Synthetic District 5,Guest suite,Entire place,f,f,t,-33.963351,18.445465,6,3,2,81,6,"[""Sample amenity 1"", ""Sample amenity 2"", ""Sample amenity 3"", ""Sample amenity 4"", ""Sample amenity 5""]",1406.2
Cape Town,Synthetic District 1,Entire apartment,Private room,t,f,f,-33.88601,18.410073,1,1,3,82,7,"[""Sample amenity 1"", ""Sample amenity 2"", ""Sample amenity 3"", ""Sample amenity 4"", ""Sample amenity 5"", ""Sample amenity 6""]",708.51
Cape Town,Synthetic District 2,House,Entire place,f,f,t,-33.885893,18.438818,2,1,4,83,8,"[""Sample amenity 1"", ""Sample amenity 2"", ""Sample amenity 3"", ""Sample amenity 4"", ""Sample amenity 5"", ""Sample amenity 6"", ""Sample amenity 7""]",928.3
Cape Town,Synthetic District 3,Guest suite,Entire place,t,t,t,-33.931303,18.40892,3,2,5,84,1,"[""Sample amenity 1"", ""Sample amenity 2"", ""Sample amenity 3"", ""Sample amenity 4"", ""Sample amenity 5"", ""Sample amenity 6"", ""Sample amenity 7"", ""Sample amenity 8""]",1150.8
Cape Town,Synthetic District 4,Entire apartment,Private room,f,f,t,-33.944846,18.455478,4,2,6,85,2,"[""Sample amenity 1"", ""Sample amenity 2"", ""Sample amenity 3"", ""Sample amenity 4"", ""Sample amenity 5"", ""Sample amenity 6"", ""Sample amenity 7"", ""Sample amenity 8"", ""Sample amenity 9""]",977.7
Cape Town,Synthetic District 5,House,Entire place,t,f,t,-33.930971,18.440081,5,3,7,86,3,"[""Sample amenity 1"", ""Sample amenity 2"", ""Sample amenity 3"", ""Sample amenity 4"", ""Sample amenity 5"", ""Sample amenity 6"", ""Sample amenity 7"", ""Sample amenity 8"", ""Sample amenity 9"", ""Sample amenity 10""]",1321.99
Cape Town,Synthetic District 1,Guest suite,Entire place,f,f,f,-33.944444,18.434035,6,3,1,87,4,"[""Sample amenity 1"", ""Sample amenity 2"", ""Sample amenity 3"", ""Sample amenity 4"", ""Sample amenity 5"", ""Sample amenity 6"", ""Sample amenity 7"", ""Sample amenity 8"", ""Sample amenity 9"", ""Sample amenity 10"", ""Sample amenity 11""]",1395.45
Cape Town,Synthetic District 2,Entire apartment,Private room,t,t,t,-33.890113,18.46096,1,1,2,88,5,"[""Sample amenity 1"", ""Sample amenity 2"", ""Sample amenity 3"", ""Sample amenity 4"", ""Sample amenity 5"", ""Sample amenity 6"", ""Sample amenity 7"", ""Sample amenity 8"", ""Sample amenity 9"", ""Sample amenity 10"", ""Sample amenity 11"", ""Sample amenity 12""]",812.29
Cape Town,Synthetic District 3,House,Entire place,f,f,t,-33.944498,18.429434,2,1,3,89,6,"[""Sample amenity 1"", ""Sample amenity 2"", ""Sample amenity 3"", ""Sample amenity 4"", ""Sample amenity 5"", ""Sample amenity 6"", ""Sample amenity 7"", ""Sample amenity 8"", ""Sample amenity 9"", ""Sample amenity 10"", ""Sample amenity 11"", ""Sample amenity 12"", ""Sample amenity 13""]",980.86
Cape Town,Synthetic District 4,Guest suite,Entire place,t,f,t,-33.93779,18.416698,3,2,4,90,7,"[""Sample amenity 1"", ""Sample amenity 2"", ""Sample amenity 3"", ""Sample amenity 4"", ""Sample amenity 5"", ""Sample amenity 6"", ""Sample amenity 7"", ""Sample amenity 8"", ""Sample amenity 9"", ""Sample amenity 10"", ""Sample amenity 11"", ""Sample amenity 12"", ""Sample amenity 13"", ""Sample amenity 14""]",1147.2
Cape Town,Synthetic District 5,Entire apartment,Private room,f,f,t,-33.924045,18.384769,4,2,5,91,8,"[""Sample amenity 1"", ""Sample amenity 2"", ""Sample amenity 3"", ""Sample amenity 4"", ""Sample amenity 5"", ""Sample amenity 6"", ""Sample amenity 7"", ""Sample amenity 8"", ""Sample amenity 9"", ""Sample amenity 10"", ""Sample amenity 11"", ""Sample amenity 12"", ""Sample amenity 13"", ""Sample amenity 14"", ""Sample amenity 15""]",1096.17
Cape Town,Synthetic District 1,House,Entire place,t,t,f,-33.898762,18.412425,5,3,6,92,1,"[""Sample amenity 1"", ""Sample amenity 2"", ""Sample amenity 3"", ""Sample amenity 4"", ""Sample amenity 5"", ""Sample amenity 6"", ""Sample amenity 7"", ""Sample amenity 8"", ""Sample amenity 9"", ""Sample amenity 10"", ""Sample amenity 11"", ""Sample amenity 12"", ""Sample amenity 13"", ""Sample amenity 14"", ""Sample amenity 15"", ""Sample amenity 16""]",1450.64
Cape Town,Synthetic District 2,Guest suite,Entire place,f,f,t,-33.947462,18.442177,6,3,7,93,2,"[""Sample amenity 1"", ""Sample amenity 2"", ""Sample amenity 3"", ""Sample amenity 4"", ""Sample amenity 5"", ""Sample amenity 6"", ""Sample amenity 7"", ""Sample amenity 8"", ""Sample amenity 9"", ""Sample amenity 10"", ""Sample amenity 11"", ""Sample amenity 12"", ""Sample amenity 13"", ""Sample amenity 14"", ""Sample amenity 15"", ""Sample amenity 16"", ""Sample amenity 17""]",1519.08
Cape Town,Synthetic District 3,Entire apartment,Private room,t,f,t,-33.944486,18.39402,1,1,1,94,3,"[""Sample amenity 1"", ""Sample amenity 2"", ""Sample amenity 3"", ""Sample amenity 4""]",602.04
Cape Town,Synthetic District 4,House,Entire place,f,f,t,-33.921946,18.409315,2,1,2,95,4,"[""Sample amenity 1"", ""Sample amenity 2"", ""Sample amenity 3"", ""Sample amenity 4"", ""Sample amenity 5""]",932.48
Cape Town,Synthetic District 5,Guest suite,Entire place,t,t,t,-33.962345,18.463526,3,2,3,96,5,"[""Sample amenity 1"", ""Sample amenity 2"", ""Sample amenity 3"", ""Sample amenity 4"", ""Sample amenity 5"", ""Sample amenity 6""]",1065.76
Cape Town,Synthetic District 1,Entire apartment,Private room,f,f,f,-33.917569,18.419562,4,2,4,97,6,"[""Sample amenity 1"", ""Sample amenity 2"", ""Sample amenity 3"", ""Sample amenity 4"", ""Sample amenity 5"", ""Sample amenity 6"", ""Sample amenity 7""]",1050.57
Cape Town,Synthetic District 2,House,Entire place,t,f,t,-33.946811,18.446603,5,3,5,98,7,"[""Sample amenity 1"", ""Sample amenity 2"", ""Sample amenity 3"", ""Sample amenity 4"", ""Sample amenity 5"", ""Sample amenity 6"", ""Sample amenity 7"", ""Sample amenity 8""]",1311.05
Cape Town,Synthetic District 3,Guest suite,Entire place,f,f,t,-33.923955,18.386464,6,3,6,99,8,"[""Sample amenity 1"", ""Sample amenity 2"", ""Sample amenity 3"", ""Sample amenity 4"", ""Sample amenity 5"", ""Sample amenity 6"", ""Sample amenity 7"", ""Sample amenity 8"", ""Sample amenity 9""]",1448.05
Cape Town,Synthetic District 4,Entire apartment,Private room,t,t,t,-33.956337,18.393681,1,1,7,76,1,"[""Sample amenity 1"", ""Sample amenity 2"", ""Sample amenity 3"", ""Sample amenity 4"", ""Sample amenity 5"", ""Sample amenity 6"", ""Sample amenity 7"", ""Sample amenity 8"", ""Sample amenity 9"", ""Sample amenity 10""]",719.02
Cape Town,Synthetic District 5,House,Entire place,f,f,t,-33.945102,18.450199,2,1,1,77,2,"[""Sample amenity 1"", ""Sample amenity 2"", ""Sample amenity 3"", ""Sample amenity 4"", ""Sample amenity 5"", ""Sample amenity 6"", ""Sample amenity 7"", ""Sample amenity 8"", ""Sample amenity 9"", ""Sample amenity 10"", ""Sample amenity 11""]",1004.14
Hong Kong,Synthetic District 1,Entire apartment,Private room,t,t,f,22.29819,114.206639,1,1,1,76,1,"[""Sample amenity 1"", ""Sample amenity 2"", ""Sample amenity 3"", ""Sample amenity 4""]",509.99
Hong Kong,Synthetic District 2,House,Entire place,f,f,t,22.338977,114.149291,2,1,2,77,2,"[""Sample amenity 1"", ""Sample amenity 2"", ""Sample amenity 3"", ""Sample amenity 4"", ""Sample amenity 5""]",704.95
Hong Kong,Synthetic District 3,Guest suite,Entire place,t,f,t,22.332702,114.164386,3,2,3,78,3,"[""Sample amenity 1"", ""Sample amenity 2"", ""Sample amenity 3"", ""Sample amenity 4"", ""Sample amenity 5"", ""Sample amenity 6""]",742.88
Hong Kong,Synthetic District 4,Entire apartment,Private room,f,f,t,22.28386,114.173509,4,2,4,79,4,"[""Sample amenity 1"", ""Sample amenity 2"", ""Sample amenity 3"", ""Sample amenity 4"", ""Sample amenity 5"", ""Sample amenity 6"", ""Sample amenity 7""]",740.64
Hong Kong,Synthetic District 5,House,Entire place,t,t,t,22.344882,114.161191,5,3,5,80,5,"[""Sample amenity 1"", ""Sample amenity 2"", ""Sample amenity 3"", ""Sample amenity 4"", ""Sample amenity 5"", ""Sample amenity 6"", ""Sample amenity 7"", ""Sample amenity 8""]",989.46
Hong Kong,Synthetic District 1,Guest suite,Entire place,f,f,f,22.294677,114.146799,6,3,6,81,6,"[""Sample amenity 1"", ""Sample amenity 2"", ""Sample amenity 3"", ""Sample amenity 4"", ""Sample amenity 5"", ""Sample amenity 6"", ""Sample amenity 7"", ""Sample amenity 8"", ""Sample amenity 9""]",1042.29
Hong Kong,Synthetic District 2,Entire apartment,Private room,t,f,t,22.297169,114.162727,1,1,7,82,7,"[""Sample amenity 1"", ""Sample amenity 2"", ""Sample amenity 3"", ""Sample amenity 4"", ""Sample amenity 5"", ""Sample amenity 6"", ""Sample amenity 7"", ""Sample amenity 8"", ""Sample amenity 9"", ""Sample amenity 10""]",483.51
Hong Kong,Synthetic District 3,House,Entire place,f,f,t,22.321904,114.174323,2,1,1,83,8,"[""Sample amenity 1"", ""Sample amenity 2"", ""Sample amenity 3"", ""Sample amenity 4"", ""Sample amenity 5"", ""Sample amenity 6"", ""Sample amenity 7"", ""Sample amenity 8"", ""Sample amenity 9"", ""Sample amenity 10"", ""Sample amenity 11""]",712.6
Hong Kong,Synthetic District 4,Guest suite,Entire place,t,t,t,22.29797,114.207146,3,2,2,84,1,"[""Sample amenity 1"", ""Sample amenity 2"", ""Sample amenity 3"", ""Sample amenity 4"", ""Sample amenity 5"", ""Sample amenity 6"", ""Sample amenity 7"", ""Sample amenity 8"", ""Sample amenity 9"", ""Sample amenity 10"", ""Sample amenity 11"", ""Sample amenity 12""]",804.87
Hong Kong,Synthetic District 5,Entire apartment,Private room,f,f,t,22.284639,114.191664,4,2,3,85,2,"[""Sample amenity 1"", ""Sample amenity 2"", ""Sample amenity 3"", ""Sample amenity 4"", ""Sample amenity 5"", ""Sample amenity 6"", ""Sample amenity 7"", ""Sample amenity 8"", ""Sample amenity 9"", ""Sample amenity 10"", ""Sample amenity 11"", ""Sample amenity 12"", ""Sample amenity 13""]",768.49
Hong Kong,Synthetic District 1,House,Entire place,t,f,f,22.345812,114.173366,5,3,4,86,3,"[""Sample amenity 1"", ""Sample amenity 2"", ""Sample amenity 3"", ""Sample amenity 4"", ""Sample amenity 5"", ""Sample amenity 6"", ""Sample amenity 7"", ""Sample amenity 8"", ""Sample amenity 9"", ""Sample amenity 10"", ""Sample amenity 11"", ""Sample amenity 12"", ""Sample amenity 13"", ""Sample amenity 14""]",957.37
Hong Kong,Synthetic District 2,Guest suite,Entire place,f,f,t,22.337477,114.205796,6,3,5,87,4,"[""Sample amenity 1"", ""Sample amenity 2"", ""Sample amenity 3"", ""Sample amenity 4"", ""Sample amenity 5"", ""Sample amenity 6"", ""Sample amenity 7"", ""Sample amenity 8"", ""Sample amenity 9"", ""Sample amenity 10"", ""Sample amenity 11"", ""Sample amenity 12"", ""Sample amenity 13"", ""Sample amenity 14"", ""Sample amenity 15""]",1047.44
Hong Kong,Synthetic District 3,Entire apartment,Private room,t,t,t,22.304594,114.1666,1,1,6,88,5,"[""Sample amenity 1"", ""Sample amenity 2"", ""Sample amenity 3"", ""Sample amenity 4"", ""Sample amenity 5"", ""Sample amenity 6"", ""Sample amenity 7"", ""Sample amenity 8"", ""Sample amenity 9"", ""Sample amenity 10"", ""Sample amenity 11"", ""Sample amenity 12"", ""Sample amenity 13"", ""Sample amenity 14"", ""Sample amenity 15"", ""Sample amenity 16""]",606.8
Hong Kong,Synthetic District 4,House,Entire place,f,f,t,22.358704,114.194664,2,1,7,89,6,"[""Sample amenity 1"", ""Sample amenity 2"", ""Sample amenity 3"", ""Sample amenity 4"", ""Sample amenity 5"", ""Sample amenity 6"", ""Sample amenity 7"", ""Sample amenity 8"", ""Sample amenity 9"", ""Sample amenity 10"", ""Sample amenity 11"", ""Sample amenity 12"", ""Sample amenity 13"", ""Sample amenity 14"", ""Sample amenity 15"", ""Sample amenity 16"", ""Sample amenity 17""]",801.01
Hong Kong,Synthetic District 5,Guest suite,Entire place,t,f,t,22.34876,114.174545,3,2,1,90,7,"[""Sample amenity 1"", ""Sample amenity 2"", ""Sample amenity 3"", ""Sample amenity 4""]",727.95
Hong Kong,Synthetic District 1,Entire apartment,Private room,f,f,f,22.279969,114.146504,4,2,2,91,8,"[""Sample amenity 1"", ""Sample amenity 2"", ""Sample amenity 3"", ""Sample amenity 4"", ""Sample amenity 5""]",736.91
Hong Kong,Synthetic District 2,House,Entire place,t,t,t,22.354712,114.193606,5,3,3,92,1,"[""Sample amenity 1"", ""Sample amenity 2"", ""Sample amenity 3"", ""Sample amenity 4"", ""Sample amenity 5"", ""Sample amenity 6""]",923.1
Hong Kong,Synthetic District 3,Guest suite,Entire place,f,f,t,22.31828,114.14024,6,3,4,93,2,"[""Sample amenity 1"", ""Sample amenity 2"", ""Sample amenity 3"", ""Sample amenity 4"", ""Sample amenity 5"", ""Sample amenity 6"", ""Sample amenity 7""]",966.77
Hong Kong,Synthetic District 4,Entire apartment,Private room,t,f,t,22.318384,114.188758,1,1,5,94,3,"[""Sample amenity 1"", ""Sample amenity 2"", ""Sample amenity 3"", ""Sample amenity 4"", ""Sample amenity 5"", ""Sample amenity 6"", ""Sample amenity 7"", ""Sample amenity 8""]",461.4
Hong Kong,Synthetic District 5,House,Entire place,f,f,t,22.307247,114.166983,2,1,6,95,4,"[""Sample amenity 1"", ""Sample amenity 2"", ""Sample amenity 3"", ""Sample amenity 4"", ""Sample amenity 5"", ""Sample amenity 6"", ""Sample amenity 7"", ""Sample amenity 8"", ""Sample amenity 9""]",724.07
Hong Kong,Synthetic District 1,Guest suite,Entire place,t,t,f,22.332954,114.151609,3,2,7,96,5,"[""Sample amenity 1"", ""Sample amenity 2"", ""Sample amenity 3"", ""Sample amenity 4"", ""Sample amenity 5"", ""Sample amenity 6"", ""Sample amenity 7"", ""Sample amenity 8"", ""Sample amenity 9"", ""Sample amenity 10""]",829.13
Hong Kong,Synthetic District 2,Entire apartment,Private room,f,f,t,22.302162,114.150574,4,2,1,97,6,"[""Sample amenity 1"", ""Sample amenity 2"", ""Sample amenity 3"", ""Sample amenity 4"", ""Sample amenity 5"", ""Sample amenity 6"", ""Sample amenity 7"", ""Sample amenity 8"", ""Sample amenity 9"", ""Sample amenity 10"", ""Sample amenity 11""]",722.46
Hong Kong,Synthetic District 3,House,Entire place,t,f,t,22.358923,114.205728,5,3,2,98,7,"[""Sample amenity 1"", ""Sample amenity 2"", ""Sample amenity 3"", ""Sample amenity 4"", ""Sample amenity 5"", ""Sample amenity 6"", ""Sample amenity 7"", ""Sample amenity 8"", ""Sample amenity 9"", ""Sample amenity 10"", ""Sample amenity 11"", ""Sample amenity 12""]",919.89
Hong Kong,Synthetic District 4,Guest suite,Entire place,f,f,t,22.332583,114.140837,6,3,3,99,8,"[""Sample amenity 1"", ""Sample amenity 2"", ""Sample amenity 3"", ""Sample amenity 4"", ""Sample amenity 5"", ""Sample amenity 6"", ""Sample amenity 7"", ""Sample amenity 8"", ""Sample amenity 9"", ""Sample amenity 10"", ""Sample amenity 11"", ""Sample amenity 12"", ""Sample amenity 13""]",1049.82
Hong Kong,Synthetic District 5,Entire apartment,Private room,t,t,t,22.306838,114.187818,1,1,4,76,1,"[""Sample amenity 1"", ""Sample amenity 2"", ""Sample amenity 3"", ""Sample amenity 4"", ""Sample amenity 5"", ""Sample amenity 6"", ""Sample amenity 7"", ""Sample amenity 8"", ""Sample amenity 9"", ""Sample amenity 10"", ""Sample amenity 11"", ""Sample amenity 12"", ""Sample amenity 13"", ""Sample amenity 14""]",562.2
Hong Kong,Synthetic District 1,House,Entire place,f,f,f,22.285312,114.153711,2,1,5,77,2,"[""Sample amenity 1"", ""Sample amenity 2"", ""Sample amenity 3"", ""Sample amenity 4"", ""Sample amenity 5"", ""Sample amenity 6"", ""Sample amenity 7"", ""Sample amenity 8"", ""Sample amenity 9"", ""Sample amenity 10"", ""Sample amenity 11"", ""Sample amenity 12"", ""Sample amenity 13"", ""Sample amenity 14"", ""Sample amenity 15""]",785.79
Hong Kong,Synthetic District 2,Guest suite,Entire place,t,f,t,22.35139,114.168311,3,2,6,78,3,"[""Sample amenity 1"", ""Sample amenity 2"", ""Sample amenity 3"", ""Sample amenity 4"", ""Sample amenity 5"", ""Sample amenity 6"", ""Sample amenity 7"", ""Sample amenity 8"", ""Sample amenity 9"", ""Sample amenity 10"", ""Sample amenity 11"", ""Sample amenity 12"", ""Sample amenity 13"", ""Sample amenity 14"", ""Sample amenity 15"", ""Sample amenity 16""]",804.81
Hong Kong,Synthetic District 3,Entire apartment,Private room,f,f,t,22.304537,114.206097,4,2,7,79,4,"[""Sample amenity 1"", ""Sample amenity 2"", ""Sample amenity 3"", ""Sample amenity 4"", ""Sample amenity 5"", ""Sample amenity 6"", ""Sample amenity 7"", ""Sample amenity 8"", ""Sample amenity 9"", ""Sample amenity 10"", ""Sample amenity 11"", ""Sample amenity 12"", ""Sample amenity 13"", ""Sample amenity 14"", ""Sample amenity 15"", ""Sample amenity 16"", ""Sample amenity 17""]",821.39
Hong Kong,Synthetic District 4,House,Entire place,t,t,t,22.289955,114.178578,5,3,1,80,5,"[""Sample amenity 1"", ""Sample amenity 2"", ""Sample amenity 3"", ""Sample amenity 4""]",950.62
Hong Kong,Synthetic District 5,Guest suite,Entire place,f,f,t,22.348274,114.137063,6,3,2,81,6,"[""Sample amenity 1"", ""Sample amenity 2"", ""Sample amenity 3"", ""Sample amenity 4"", ""Sample amenity 5""]",984.44
Hong Kong,Synthetic District 1,Entire apartment,Private room,t,f,f,22.34312,114.16578,1,1,3,82,7,"[""Sample amenity 1"", ""Sample amenity 2"", ""Sample amenity 3"", ""Sample amenity 4"", ""Sample amenity 5"", ""Sample amenity 6""]",456.31
Hong Kong,Synthetic District 2,House,Entire place,f,f,t,22.311291,114.196167,2,1,4,83,8,"[""Sample amenity 1"", ""Sample amenity 2"", ""Sample amenity 3"", ""Sample amenity 4"", ""Sample amenity 5"", ""Sample amenity 6"", ""Sample amenity 7""]",705.09
Hong Kong,Synthetic District 3,Guest suite,Entire place,t,t,t,22.305716,114.185595,3,2,5,84,1,"[""Sample amenity 1"", ""Sample amenity 2"", ""Sample amenity 3"", ""Sample amenity 4"", ""Sample amenity 5"", ""Sample amenity 6"", ""Sample amenity 7"", ""Sample amenity 8""]",816.14
Hong Kong,Synthetic District 4,Entire apartment,Private room,f,f,t,22.312317,114.147512,4,2,6,85,2,"[""Sample amenity 1"", ""Sample amenity 2"", ""Sample amenity 3"", ""Sample amenity 4"", ""Sample amenity 5"", ""Sample amenity 6"", ""Sample amenity 7"", ""Sample amenity 8"", ""Sample amenity 9""]",717.43
Hong Kong,Synthetic District 5,House,Entire place,t,f,t,22.286519,114.156557,5,3,7,86,3,"[""Sample amenity 1"", ""Sample amenity 2"", ""Sample amenity 3"", ""Sample amenity 4"", ""Sample amenity 5"", ""Sample amenity 6"", ""Sample amenity 7"", ""Sample amenity 8"", ""Sample amenity 9"", ""Sample amenity 10""]",933.37
Hong Kong,Synthetic District 1,Guest suite,Entire place,f,f,f,22.285237,114.137896,6,3,1,87,4,"[""Sample amenity 1"", ""Sample amenity 2"", ""Sample amenity 3"", ""Sample amenity 4"", ""Sample amenity 5"", ""Sample amenity 6"", ""Sample amenity 7"", ""Sample amenity 8"", ""Sample amenity 9"", ""Sample amenity 10"", ""Sample amenity 11""]",992.31
Hong Kong,Synthetic District 2,Entire apartment,Private room,t,t,t,22.28827,114.160958,1,1,2,88,5,"[""Sample amenity 1"", ""Sample amenity 2"", ""Sample amenity 3"", ""Sample amenity 4"", ""Sample amenity 5"", ""Sample amenity 6"", ""Sample amenity 7"", ""Sample amenity 8"", ""Sample amenity 9"", ""Sample amenity 10"", ""Sample amenity 11"", ""Sample amenity 12""]",539.89
Hong Kong,Synthetic District 3,House,Entire place,f,f,t,22.285628,114.131151,2,1,3,89,6,"[""Sample amenity 1"", ""Sample amenity 2"", ""Sample amenity 3"", ""Sample amenity 4"", ""Sample amenity 5"", ""Sample amenity 6"", ""Sample amenity 7"", ""Sample amenity 8"", ""Sample amenity 9"", ""Sample amenity 10"", ""Sample amenity 11"", ""Sample amenity 12"", ""Sample amenity 13""]",767.99
Hong Kong,Synthetic District 4,Guest suite,Entire place,t,f,t,22.289698,114.14527,3,2,4,90,7,"[""Sample amenity 1"", ""Sample amenity 2"", ""Sample amenity 3"", ""Sample amenity 4"", ""Sample amenity 5"", ""Sample amenity 6"", ""Sample amenity 7"", ""Sample amenity 8"", ""Sample amenity 9"", ""Sample amenity 10"", ""Sample amenity 11"", ""Sample amenity 12"", ""Sample amenity 13"", ""Sample amenity 14""]",812.45
Hong Kong,Synthetic District 5,Entire apartment,Private room,f,f,t,22.296264,114.176881,4,2,5,91,8,"[""Sample amenity 1"", ""Sample amenity 2"", ""Sample amenity 3"", ""Sample amenity 4"", ""Sample amenity 5"", ""Sample amenity 6"", ""Sample amenity 7"", ""Sample amenity 8"", ""Sample amenity 9"", ""Sample amenity 10"", ""Sample amenity 11"", ""Sample amenity 12"", ""Sample amenity 13"", ""Sample amenity 14"", ""Sample amenity 15""]",768.12
Hong Kong,Synthetic District 1,House,Entire place,t,t,f,22.307427,114.192808,5,3,6,92,1,"[""Sample amenity 1"", ""Sample amenity 2"", ""Sample amenity 3"", ""Sample amenity 4"", ""Sample amenity 5"", ""Sample amenity 6"", ""Sample amenity 7"", ""Sample amenity 8"", ""Sample amenity 9"", ""Sample amenity 10"", ""Sample amenity 11"", ""Sample amenity 12"", ""Sample amenity 13"", ""Sample amenity 14"", ""Sample amenity 15"", ""Sample amenity 16""]",1034.28
Hong Kong,Synthetic District 2,Guest suite,Entire place,f,f,t,22.296664,114.144662,6,3,7,93,2,"[""Sample amenity 1"", ""Sample amenity 2"", ""Sample amenity 3"", ""Sample amenity 4"", ""Sample amenity 5"", ""Sample amenity 6"", ""Sample amenity 7"", ""Sample amenity 8"", ""Sample amenity 9"", ""Sample amenity 10"", ""Sample amenity 11"", ""Sample amenity 12"", ""Sample amenity 13"", ""Sample amenity 14"", ""Sample amenity 15"", ""Sample amenity 16"", ""Sample amenity 17""]",1041.56
Hong Kong,Synthetic District 3,Entire apartment,Private room,t,f,t,22.30307,114.149259,1,1,1,94,3,"[""Sample amenity 1"", ""Sample amenity 2"", ""Sample amenity 3"", ""Sample amenity 4""]",504.0
Hong Kong,Synthetic District 4,House,Entire place,f,f,t,22.281805,114.144771,2,1,2,95,4,"[""Sample amenity 1"", ""Sample amenity 2"", ""Sample amenity 3"", ""Sample amenity 4"", ""Sample amenity 5""]",702.61
Hong Kong,Synthetic District 5,Guest suite,Entire place,t,t,t,22.357436,114.192841,3,2,3,96,5,"[""Sample amenity 1"", ""Sample amenity 2"", ""Sample amenity 3"", ""Sample amenity 4"", ""Sample amenity 5"", ""Sample amenity 6""]",760.35
Hong Kong,Synthetic District 1,Entire apartment,Private room,f,f,f,22.302383,114.164393,4,2,4,97,6,"[""Sample amenity 1"", ""Sample amenity 2"", ""Sample amenity 3"", ""Sample amenity 4"", ""Sample amenity 5"", ""Sample amenity 6"", ""Sample amenity 7""]",742.7
Hong Kong,Synthetic District 2,House,Entire place,t,f,t,22.350316,114.194732,5,3,5,98,7,"[""Sample amenity 1"", ""Sample amenity 2"", ""Sample amenity 3"", ""Sample amenity 4"", ""Sample amenity 5"", ""Sample amenity 6"", ""Sample amenity 7"", ""Sample amenity 8""]",963.28
Hong Kong,Synthetic District 3,Guest suite,Entire place,f,f,t,22.301445,114.205803,6,3,6,99,8,"[""Sample amenity 1"", ""Sample amenity 2"", ""Sample amenity 3"", ""Sample amenity 4"", ""Sample amenity 5"", ""Sample amenity 6"", ""Sample amenity 7"", ""Sample amenity 8"", ""Sample amenity 9""]",1016.14
Hong Kong,Synthetic District 4,Entire apartment,Private room,t,t,t,22.326922,114.190295,1,1,7,76,1,"[""Sample amenity 1"", ""Sample amenity 2"", ""Sample amenity 3"", ""Sample amenity 4"", ""Sample amenity 5"", ""Sample amenity 6"", ""Sample amenity 7"", ""Sample amenity 8"", ""Sample amenity 9"", ""Sample amenity 10""]",574.09
Hong Kong,Synthetic District 5,House,Entire place,f,f,t,22.302031,114.157944,2,1,1,77,2,"[""Sample amenity 1"", ""Sample amenity 2"", ""Sample amenity 3"", ""Sample amenity 4"", ""Sample amenity 5"", ""Sample amenity 6"", ""Sample amenity 7"", ""Sample amenity 8"", ""Sample amenity 9"", ""Sample amenity 10"", ""Sample amenity 11""]",748.79
Istanbul,Synthetic District 1,Entire apartment,Private room,t,t,f,41.034731,28.980623,1,1,1,76,1,"[""Sample amenity 1"", ""Sample amenity 2"", ""Sample amenity 3"", ""Sample amenity 4""]",1130.8
Istanbul,Synthetic District 2,House,Entire place,f,f,t,41.033384,28.961813,2,1,2,77,2,"[""Sample amenity 1"", ""Sample amenity 2"", ""Sample amenity 3"", ""Sample amenity 4"", ""Sample amenity 5""]",1472.91
Istanbul,Synthetic District 3,Guest suite,Entire place,t,f,t,40.994364,28.964004,3,2,3,78,3,"[""Sample amenity 1"", ""Sample amenity 2"", ""Sample amenity 3"", ""Sample amenity 4"", ""Sample amenity 5"", ""Sample amenity 6""]",1586.81
Istanbul,Synthetic District 4,Entire apartment,Private room,f,f,t,41.047389,28.947894,4,2,4,79,4,"[""Sample amenity 1"", ""Sample amenity 2"", ""Sample amenity 3"", ""Sample amenity 4"", ""Sample amenity 5"", ""Sample amenity 6"", ""Sample amenity 7""]",1591.41
Istanbul,Synthetic District 5,House,Entire place,t,t,t,41.012147,28.972217,5,3,5,80,5,"[""Sample amenity 1"", ""Sample amenity 2"", ""Sample amenity 3"", ""Sample amenity 4"", ""Sample amenity 5"", ""Sample amenity 6"", ""Sample amenity 7"", ""Sample amenity 8""]",2100.05
Istanbul,Synthetic District 1,Guest suite,Entire place,f,f,f,41.021514,28.954417,6,3,6,81,6,"[""Sample amenity 1"", ""Sample amenity 2"", ""Sample amenity 3"", ""Sample amenity 4"", ""Sample amenity 5"", ""Sample amenity 6"", ""Sample amenity 7"", ""Sample amenity 8"", ""Sample amenity 9""]",2165.69
Istanbul,Synthetic District 2,Entire apartment,Private room,t,f,t,41.026927,29.014348,1,1,7,82,7,"[""Sample amenity 1"", ""Sample amenity 2"", ""Sample amenity 3"", ""Sample amenity 4"", ""Sample amenity 5"", ""Sample amenity 6"", ""Sample amenity 7"", ""Sample amenity 8"", ""Sample amenity 9"", ""Sample amenity 10""]",1170.19
Istanbul,Synthetic District 3,House,Entire place,f,f,t,40.969851,29.00207,2,1,1,83,8,"[""Sample amenity 1"", ""Sample amenity 2"", ""Sample amenity 3"", ""Sample amenity 4"", ""Sample amenity 5"", ""Sample amenity 6"", ""Sample amenity 7"", ""Sample amenity 8"", ""Sample amenity 9"", ""Sample amenity 10"", ""Sample amenity 11""]",1605.59
Istanbul,Synthetic District 4,Guest suite,Entire place,t,t,t,41.036066,28.974198,3,2,2,84,1,"[""Sample amenity 1"", ""Sample amenity 2"", ""Sample amenity 3"", ""Sample amenity 4"", ""Sample amenity 5"", ""Sample amenity 6"", ""Sample amenity 7"", ""Sample amenity 8"", ""Sample amenity 9"", ""Sample amenity 10"", ""Sample amenity 11"", ""Sample amenity 12""]",1796.46
Istanbul,Synthetic District 5,Entire apartment,Private room,f,f,t,41.038953,29.014645,4,2,3,85,2,"[""Sample amenity 1"", ""Sample amenity 2"", ""Sample amenity 3"", ""Sample amenity 4"", ""Sample amenity 5"", ""Sample amenity 6"", ""Sample amenity 7"", ""Sample amenity 8"", ""Sample amenity 9"", ""Sample amenity 10"", ""Sample amenity 11"", ""Sample amenity 12"", ""Sample amenity 13""]",1707.23
Istanbul,Synthetic District 1,House,Entire place,t,f,f,41.017043,29.017571,5,3,4,86,3,"[""Sample amenity 1"", ""Sample amenity 2"", ""Sample amenity 3"", ""Sample amenity 4"", ""Sample amenity 5"", ""Sample amenity 6"", ""Sample amenity 7"", ""Sample amenity 8"", ""Sample amenity 9"", ""Sample amenity 10"", ""Sample amenity 11"", ""Sample amenity 12"", ""Sample amenity 13"", ""Sample amenity 14""]",2150.25
Istanbul,Synthetic District 2,Guest suite,Entire place,f,f,t,40.99102,28.956662,6,3,5,87,4,"[""Sample amenity 1"", ""Sample amenity 2"", ""Sample amenity 3"", ""Sample amenity 4"", ""Sample amenity 5"", ""Sample amenity 6"", ""Sample amenity 7"", ""Sample amenity 8"", ""Sample amenity 9"", ""Sample amenity 10"", ""Sample amenity 11"", ""Sample amenity 12"", ""Sample amenity 13"", ""Sample amenity 14"", ""Sample amenity 15""]",2274.76
Istanbul,Synthetic District 3,Entire apartment,Private room,t,t,t,40.976041,28.978813,1,1,6,88,5,"[""Sample amenity 1"", ""Sample amenity 2"", ""Sample amenity 3"", ""Sample amenity 4"", ""Sample amenity 5"", ""Sample amenity 6"", ""Sample amenity 7"", ""Sample amenity 8"", ""Sample amenity 9"", ""Sample amenity 10"", ""Sample amenity 11"", ""Sample amenity 12"", ""Sample amenity 13"", ""Sample amenity 14"", ""Sample amenity 15"", ""Sample amenity 16""]",1369.56
Istanbul,Synthetic District 4,House,Entire place,f,f,t,40.969515,28.990358,2,1,7,89,6,"[""Sample amenity 1"", ""Sample amenity 2"", ""Sample amenity 3"", ""Sample amenity 4"", ""Sample amenity 5"", ""Sample amenity 6"", ""Sample amenity 7"", ""Sample amenity 8"", ""Sample amenity 9"", ""Sample amenity 10"", ""Sample amenity 11"", ""Sample amenity 12"", ""Sample amenity 13"", ""Sample amenity 14"", ""Sample amenity 15"", ""Sample amenity 16"", ""Sample amenity 17""]",1717.38
Istanbul,Synthetic District 5,Guest suite,Entire place,t,f,t,40.993648,28.941783,3,2,1,90,7,"[""Sample amenity 1"", ""Sample amenity 2"", ""Sample amenity 3"", ""Sample amenity 4""]",1648.98
Istanbul,Synthetic District 1,Entire apartment,Private room,f,f,f,41.015125,28.992156,4,2,2,91,8,"[""Sample amenity 1"", ""Sample amenity 2"", ""Sample amenity 3"", ""Sample amenity 4"", ""Sample amenity 5""]",1575.23
Istanbul,Synthetic District 2,House,Entire place,t,t,t,41.009301,28.953913,5,3,3,92,1,"[""Sample amenity 1"", ""Sample amenity 2"", ""Sample amenity 3"", ""Sample amenity 4"", ""Sample amenity 5"", ""Sample amenity 6""]",2109.02
Istanbul,Synthetic District 3,Guest suite,Entire place,f,f,t,40.994513,29.000192,6,3,4,93,2,"[""Sample amenity 1"", ""Sample amenity 2"", ""Sample amenity 3"", ""Sample amenity 4"", ""Sample amenity 5"", ""Sample amenity 6"", ""Sample amenity 7""]",2068.1
Istanbul,Synthetic District 4,Entire apartment,Private room,t,f,t,40.998002,28.940268,1,1,5,94,3,"[""Sample amenity 1"", ""Sample amenity 2"", ""Sample amenity 3"", ""Sample amenity 4"", ""Sample amenity 5"", ""Sample amenity 6"", ""Sample amenity 7"", ""Sample amenity 8""]",1070.7
Istanbul,Synthetic District 5,House,Entire place,f,f,t,41.028085,28.944167,2,1,6,95,4,"[""Sample amenity 1"", ""Sample amenity 2"", ""Sample amenity 3"", ""Sample amenity 4"", ""Sample amenity 5"", ""Sample amenity 6"", ""Sample amenity 7"", ""Sample amenity 8"", ""Sample amenity 9""]",1444.77
Istanbul,Synthetic District 1,Guest suite,Entire place,t,t,f,41.04546,29.001438,3,2,7,96,5,"[""Sample amenity 1"", ""Sample amenity 2"", ""Sample amenity 3"", ""Sample amenity 4"", ""Sample amenity 5"", ""Sample amenity 6"", ""Sample amenity 7"", ""Sample amenity 8"", ""Sample amenity 9"", ""Sample amenity 10""]",1761.57
Istanbul,Synthetic District 2,Entire apartment,Private room,f,f,t,41.026583,28.948954,4,2,1,97,6,"[""Sample amenity 1"", ""Sample amenity 2"", ""Sample amenity 3"", ""Sample amenity 4"", ""Sample amenity 5"", ""Sample amenity 6"", ""Sample amenity 7"", ""Sample amenity 8"", ""Sample amenity 9"", ""Sample amenity 10"", ""Sample amenity 11""]",1574.23
Istanbul,Synthetic District 3,House,Entire place,t,f,t,41.040925,29.009292,5,3,2,98,7,"[""Sample amenity 1"", ""Sample amenity 2"", ""Sample amenity 3"", ""Sample amenity 4"", ""Sample amenity 5"", ""Sample amenity 6"", ""Sample amenity 7"", ""Sample amenity 8"", ""Sample amenity 9"", ""Sample amenity 10"", ""Sample amenity 11"", ""Sample amenity 12""]",2121.64
Istanbul,Synthetic District 4,Guest suite,Entire place,f,f,t,41.008698,28.944816,6,3,3,99,8,"[""Sample amenity 1"", ""Sample amenity 2"", ""Sample amenity 3"", ""Sample amenity 4"", ""Sample amenity 5"", ""Sample amenity 6"", ""Sample amenity 7"", ""Sample amenity 8"", ""Sample amenity 9"", ""Sample amenity 10"", ""Sample amenity 11"", ""Sample amenity 12"", ""Sample amenity 13""]",2200.83
Istanbul,Synthetic District 5,Entire apartment,Private room,t,t,t,41.035135,29.011444,1,1,4,76,1,"[""Sample amenity 1"", ""Sample amenity 2"", ""Sample amenity 3"", ""Sample amenity 4"", ""Sample amenity 5"", ""Sample amenity 6"", ""Sample amenity 7"", ""Sample amenity 8"", ""Sample amenity 9"", ""Sample amenity 10"", ""Sample amenity 11"", ""Sample amenity 12"", ""Sample amenity 13"", ""Sample amenity 14""]",1235.26
Istanbul,Synthetic District 1,House,Entire place,f,f,f,41.032617,29.001268,2,1,5,77,2,"[""Sample amenity 1"", ""Sample amenity 2"", ""Sample amenity 3"", ""Sample amenity 4"", ""Sample amenity 5"", ""Sample amenity 6"", ""Sample amenity 7"", ""Sample amenity 8"", ""Sample amenity 9"", ""Sample amenity 10"", ""Sample amenity 11"", ""Sample amenity 12"", ""Sample amenity 13"", ""Sample amenity 14"", ""Sample amenity 15""]",1551.28
Istanbul,Synthetic District 2,Guest suite,Entire place,t,f,t,41.016103,28.946569,3,2,6,78,3,"[""Sample amenity 1"", ""Sample amenity 2"", ""Sample amenity 3"", ""Sample amenity 4"", ""Sample amenity 5"", ""Sample amenity 6"", ""Sample amenity 7"", ""Sample amenity 8"", ""Sample amenity 9"", ""Sample amenity 10"", ""Sample amenity 11"", ""Sample amenity 12"", ""Sample amenity 13"", ""Sample amenity 14"", ""Sample amenity 15"", ""Sample amenity 16""]",1808.18
Istanbul,Synthetic District 3,Entire apartment,Private room,f,f,t,41.03813,28.968696,4,2,7,79,4,"[""Sample amenity 1"", ""Sample amenity 2"", ""Sample amenity 3"", ""Sample amenity 4"", ""Sample amenity 5"", ""Sample amenity 6"", ""Sample amenity 7"", ""Sample amenity 8"", ""Sample amenity 9"", ""Sample amenity 10"", ""Sample amenity 11"", ""Sample amenity 12"", ""Sample amenity 13"", ""Sample amenity 14"", ""Sample amenity 15"", ""Sample amenity 16"", ""Sample amenity 17""]",1733.21
Istanbul,Synthetic District 4,House,Entire place,t,t,t,40.98002,28.947271,5,3,1,80,5,"[""Sample amenity 1"", ""Sample amenity 2"", ""Sample amenity 3"", ""Sample amenity 4""]",2045.09
Istanbul,Synthetic District 5,Guest suite,Entire place,f,f,t,41.028224,29.009329,6,3,2,81,6,"[""Sample amenity 1"", ""Sample amenity 2"", ""Sample amenity 3"", ""Sample amenity 4"", ""Sample amenity 5""]",2136.32
Istanbul,Synthetic District 1,Entire apartment,Private room,t,f,f,41.03012,28.949557,1,1,3,82,7,"[""Sample amenity 1"", ""Sample amenity 2"", ""Sample amenity 3"", ""Sample amenity 4"", ""Sample amenity 5"", ""Sample amenity 6""]",1045.48
Istanbul,Synthetic District 2,House,Entire place,f,f,t,41.014803,28.980091,2,1,4,83,8,"[""Sample amenity 1"", ""Sample amenity 2"", ""Sample amenity 3"", ""Sample amenity 4"", ""Sample amenity 5"", ""Sample amenity 6"", ""Sample amenity 7""]",1446.9
Istanbul,Synthetic District 3,Guest suite,Entire place,t,t,t,41.018336,28.998167,3,2,5,84,1,"[""Sample amenity 1"", ""Sample amenity 2"", ""Sample amenity 3"", ""Sample amenity 4"", ""Sample amenity 5"", ""Sample amenity 6"", ""Sample amenity 7"", ""Sample amenity 8""]",1731.76
Istanbul,Synthetic District 4,Entire apartment,Private room,f,f,t,40.972653,28.941914,4,2,6,85,2,"[""Sample amenity 1"", ""Sample amenity 2"", ""Sample amenity 3"", ""Sample amenity 4"", ""Sample amenity 5"", ""Sample amenity 6"", ""Sample amenity 7"", ""Sample amenity 8"", ""Sample amenity 9""]",1571.04
Istanbul,Synthetic District 5,House,Entire place,t,f,t,40.98919,28.99237,5,3,7,86,3,"[""Sample amenity 1"", ""Sample amenity 2"", ""Sample amenity 3"", ""Sample amenity 4"", ""Sample amenity 5"", ""Sample amenity 6"", ""Sample amenity 7"", ""Sample amenity 8"", ""Sample amenity 9"", ""Sample amenity 10""]",2056.38
Istanbul,Synthetic District 1,Guest suite,Entire place,f,f,f,41.02381,28.981048,6,3,1,87,4,"[""Sample amenity 1"", ""Sample amenity 2"", ""Sample amenity 3"", ""Sample amenity 4"", ""Sample amenity 5"", ""Sample amenity 6"", ""Sample amenity 7"", ""Sample amenity 8"", ""Sample amenity 9"", ""Sample amenity 10"", ""Sample amenity 11""]",2242.79
Istanbul,Synthetic District 2,Entire apartment,Private room,t,t,t,40.977354,28.940439,1,1,2,88,5,"[""Sample amenity 1"", ""Sample amenity 2"", ""Sample amenity 3"", ""Sample amenity 4"", ""Sample amenity 5"", ""Sample amenity 6"", ""Sample amenity 7"", ""Sample amenity 8"", ""Sample amenity 9"", ""Sample amenity 10"", ""Sample amenity 11"", ""Sample amenity 12""]",1217.13
Istanbul,Synthetic District 3,House,Entire place,f,f,t,40.980935,28.990603,2,1,3,89,6,"[""Sample amenity 1"", ""Sample amenity 2"", ""Sample amenity 3"", ""Sample amenity 4"", ""Sample amenity 5"", ""Sample amenity 6"", ""Sample amenity 7"", ""Sample amenity 8"", ""Sample amenity 9"", ""Sample amenity 10"", ""Sample amenity 11"", ""Sample amenity 12"", ""Sample amenity 13""]",1587.95
Istanbul,Synthetic District 4,Guest suite,Entire place,t,f,t,41.002831,29.009271,3,2,4,90,7,"[""Sample amenity 1"", ""Sample amenity 2"", ""Sample amenity 3"", ""Sample amenity 4"", ""Sample amenity 5"", ""Sample amenity 6"", ""Sample amenity 7"", ""Sample amenity 8"", ""Sample amenity 9"", ""Sample amenity 10"", ""Sample amenity 11"", ""Sample amenity 12"", ""Sample amenity 13"", ""Sample amenity 14""]",1829.95
Istanbul,Synthetic District 5,Entire apartment,Private room,f,f,t,40.992331,28.974254,4,2,5,91,8,"[""Sample amenity 1"", ""Sample amenity 2"", ""Sample amenity 3"", ""Sample amenity 4"", ""Sample amenity 5"", ""Sample amenity 6"", ""Sample amenity 7"", ""Sample amenity 8"", ""Sample amenity 9"", ""Sample amenity 10"", ""Sample amenity 11"", ""Sample amenity 12"", ""Sample amenity 13"", ""Sample amenity 14"", ""Sample amenity 15""]",1685.69
Istanbul,Synthetic District 1,House,Entire place,t,t,f,41.006952,28.991909,5,3,6,92,1,"[""Sample amenity 1"", ""Sample amenity 2"", ""Sample amenity 3"", ""Sample amenity 4"", ""Sample amenity 5"", ""Sample amenity 6"", ""Sample amenity 7"", ""Sample amenity 8"", ""Sample amenity 9"", ""Sample amenity 10"", ""Sample amenity 11"", ""Sample amenity 12"", ""Sample amenity 13"", ""Sample amenity 14"", ""Sample amenity 15"", ""Sample amenity 16""]",2240.67
Istanbul,Synthetic District 2,Guest suite,Entire place,f,f,t,41.038147,28.98002,6,3,7,93,2,"[""Sample amenity 1"", ""Sample amenity 2"", ""Sample amenity 3"", ""Sample amenity 4"", ""Sample amenity 5"", ""Sample amenity 6"", ""Sample amenity 7"", ""Sample amenity 8"", ""Sample amenity 9"", ""Sample amenity 10"", ""Sample amenity 11"", ""Sample amenity 12"", ""Sample amenity 13"", ""Sample amenity 14"", ""Sample amenity 15"", ""Sample amenity 16"", ""Sample amenity 17""]",2359.14
Istanbul,Synthetic District 3,Entire apartment,Private room,t,f,t,40.991399,29.010669,1,1,1,94,3,"[""Sample amenity 1"", ""Sample amenity 2"", ""Sample amenity 3"", ""Sample amenity 4""]",1055.87
Istanbul,Synthetic District 4,House,Entire place,f,f,t,41.003028,28.982671,2,1,2,95,4,"[""Sample amenity 1"", ""Sample amenity 2"", ""Sample amenity 3"", ""Sample amenity 4"", ""Sample amenity 5""]",1362.66
Istanbul,Synthetic District 5,Guest suite,Entire place,t,t,t,40.9791,28.993186,3,2,3,96,5,"[""Sample amenity 1"", ""Sample amenity 2"", ""Sample amenity 3"", ""Sample amenity 4"", ""Sample amenity 5"", ""Sample amenity 6""]",1754.74
Istanbul,Synthetic District 1,Entire apartment,Private room,f,f,f,40.988652,28.940632,4,2,4,97,6,"[""Sample amenity 1"", ""Sample amenity 2"", ""Sample amenity 3"", ""Sample amenity 4"", ""Sample amenity 5"", ""Sample amenity 6"", ""Sample amenity 7""]",1579.91
Istanbul,Synthetic District 2,House,Entire place,t,f,t,40.988487,28.954664,5,3,5,98,7,"[""Sample amenity 1"", ""Sample amenity 2"", ""Sample amenity 3"", ""Sample amenity 4"", ""Sample amenity 5"", ""Sample amenity 6"", ""Sample amenity 7"", ""Sample amenity 8""]",1959.3
Istanbul,Synthetic District 3,Guest suite,Entire place,f,f,t,40.985924,28.941581,6,3,6,99,8,"[""Sample amenity 1"", ""Sample amenity 2"", ""Sample amenity 3"", ""Sample amenity 4"", ""Sample amenity 5"", ""Sample amenity 6"", ""Sample amenity 7"", ""Sample amenity 8"", ""Sample amenity 9""]",2107.51
Istanbul,Synthetic District 4,Entire apartment,Private room,t,t,t,41.014016,28.994767,1,1,7,76,1,"[""Sample amenity 1"", ""Sample amenity 2"", ""Sample amenity 3"", ""Sample amenity 4"", ""Sample amenity 5"", ""Sample amenity 6"", ""Sample amenity 7"", ""Sample amenity 8"", ""Sample amenity 9"", ""Sample amenity 10""]",1114.87
Istanbul,Synthetic District 5,House,Entire place,f,f,t,40.976497,29.005152,2,1,1,77,2,"[""Sample amenity 1"", ""Sample amenity 2"", ""Sample amenity 3"", ""Sample amenity 4"", ""Sample amenity 5"", ""Sample amenity 6"", ""Sample amenity 7"", ""Sample amenity 8"", ""Sample amenity 9"", ""Sample amenity 10"", ""Sample amenity 11""]",1483.48
Mexico City,Synthetic District 1,Entire apartment,Private room,t,t,f,19.406361,-99.165309,1,1,1,76,1,"[""Sample amenity 1"", ""Sample amenity 2"", ""Sample amenity 3"", ""Sample amenity 4""]",920.34
Mexico City,Synthetic District 2,House,Entire place,f,f,t,19.448099,-99.093593,2,1,2,77,2,"[""Sample amenity 1"", ""Sample amenity 2"", ""Sample amenity 3"", ""Sample amenity 4"", ""Sample amenity 5""]",1175.91
Mexico City,Synthetic District 3,Guest suite,Entire place,t,f,t,19.430321,-99.132005,3,2,3,78,3,"[""Sample amenity 1"", ""Sample amenity 2"", ""Sample amenity 3"", ""Sample amenity 4"", ""Sample amenity 5"", ""Sample amenity 6""]",1284.78
Mexico City,Synthetic District 4,Entire apartment,Private room,f,f,t,19.440986,-99.127457,4,2,4,79,4,"[""Sample amenity 1"", ""Sample amenity 2"", ""Sample amenity 3"", ""Sample amenity 4"", ""Sample amenity 5"", ""Sample amenity 6"", ""Sample amenity 7""]",1159.49
Mexico City,Synthetic District 5,House,Entire place,t,t,t,19.439883,-99.135498,5,3,5,80,5,"[""Sample amenity 1"", ""Sample amenity 2"", ""Sample amenity 3"", ""Sample amenity 4"", ""Sample amenity 5"", ""Sample amenity 6"", ""Sample amenity 7"", ""Sample amenity 8""]",1670.29
Mexico City,Synthetic District 1,Guest suite,Entire place,f,f,f,19.439186,-99.141178,6,3,6,81,6,"[""Sample amenity 1"", ""Sample amenity 2"", ""Sample amenity 3"", ""Sample amenity 4"", ""Sample amenity 5"", ""Sample amenity 6"", ""Sample amenity 7"", ""Sample amenity 8"", ""Sample amenity 9""]",1703.6
Mexico City,Synthetic District 2,Entire apartment,Private room,t,f,t,19.396294,-99.173077,1,1,7,82,7,"[""Sample amenity 1"", ""Sample amenity 2"", ""Sample amenity 3"", ""Sample amenity 4"", ""Sample amenity 5"", ""Sample amenity 6"", ""Sample amenity 7"", ""Sample amenity 8"", ""Sample amenity 9"", ""Sample amenity 10""]",887.67
Mexico City,Synthetic District 3,House,Entire place,f,f,t,19.443965,-99.097978,2,1,1,83,8,"[""Sample amenity 1"", ""Sample amenity 2"", ""Sample amenity 3"", ""Sample amenity 4"", ""Sample amenity 5"", ""Sample amenity 6"", ""Sample amenity 7"", ""Sample amenity 8"", ""Sample amenity 9"", ""Sample amenity 10"", ""Sample amenity 11""]",1217.82
Mexico City,Synthetic District 4,Guest suite,Entire place,t,t,t,19.424094,-99.109454,3,2,2,84,1,"[""Sample amenity 1"", ""Sample amenity 2"", ""Sample amenity 3"", ""Sample amenity 4"", ""Sample amenity 5"", ""Sample amenity 6"", ""Sample amenity 7"", ""Sample amenity 8"", ""Sample amenity 9"", ""Sample amenity 10"", ""Sample amenity 11"", ""Sample amenity 12""]",1381.61
Mexico City,Synthetic District 5,Entire apartment,Private room,f,f,t,19.436071,-99.151942,4,2,3,85,2,"[""Sample amenity 1"", ""Sample amenity 2"", ""Sample amenity 3"", ""Sample amenity 4"", ""Sample amenity 5"", ""Sample amenity 6"", ""Sample amenity 7"", ""Sample amenity 8"", ""Sample amenity 9"", ""Sample amenity 10"", ""Sample amenity 11"", ""Sample amenity 12"", ""Sample amenity 13""]",1331.1
Mexico City,Synthetic District 1,House,Entire place,t,f,f,19.41312,-99.097227,5,3,4,86,3,"[""Sample amenity 1"", ""Sample amenity 2"", ""Sample amenity 3"", ""Sample amenity 4"", ""Sample amenity 5"", ""Sample amenity 6"", ""Sample amenity 7"", ""Sample amenity 8"", ""Sample amenity 9"", ""Sample amenity 10"", ""Sample amenity 11"", ""Sample amenity 12"", ""Sample amenity 13"", ""Sample amenity 14""]",1633.72
Mexico City,Synthetic District 2,Guest suite,Entire place,f,f,t,19.417197,-99.1081,6,3,5,87,4,"[""Sample amenity 1"", ""Sample amenity 2"", ""Sample amenity 3"", ""Sample amenity 4"", ""Sample amenity 5"", ""Sample amenity 6"", ""Sample amenity 7"", ""Sample amenity 8"", ""Sample amenity 9"", ""Sample amenity 10"", ""Sample amenity 11"", ""Sample amenity 12"", ""Sample amenity 13"", ""Sample amenity 14"", ""Sample amenity 15""]",1742.11
Mexico City,Synthetic District 3,Entire apartment,Private room,t,t,t,19.394482,-99.162688,1,1,6,88,5,"[""Sample amenity 1"", ""Sample amenity 2"", ""Sample amenity 3"", ""Sample amenity 4"", ""Sample amenity 5"", ""Sample amenity 6"", ""Sample amenity 7"", ""Sample amenity 8"", ""Sample amenity 9"", ""Sample amenity 10"", ""Sample amenity 11"", ""Sample amenity 12"", ""Sample amenity 13"", ""Sample amenity 14"", ""Sample amenity 15"", ""Sample amenity 16""]",1031.99
Mexico City,Synthetic District 4,House,Entire place,f,f,t,19.421898,-99.160198,2,1,7,89,6,"[""Sample amenity 1"", ""Sample amenity 2"", ""Sample amenity 3"", ""Sample amenity 4"", ""Sample amenity 5"", ""Sample amenity 6"", ""Sample amenity 7"", ""Sample amenity 8"", ""Sample amenity 9"", ""Sample amenity 10"", ""Sample amenity 11"", ""Sample amenity 12"", ""Sample amenity 13"", ""Sample amenity 14"", ""Sample amenity 15"", ""Sample amenity 16"", ""Sample amenity 17""]",1240.75
Mexico City,Synthetic District 5,Guest suite,Entire place,t,f,t,19.450674,-99.149677,3,2,1,90,7,"[""Sample amenity 1"", ""Sample amenity 2"", ""Sample amenity 3"", ""Sample amenity 4""]",1300.47
Mexico City,Synthetic District 1,Entire apartment,Private room,f,f,f,19.428346,-99.094516,4,2,2,91,8,"[""Sample amenity 1"", ""Sample amenity 2"", ""Sample amenity 3"", ""Sample amenity 4"", ""Sample amenity 5""]",1153.48
Mexico City,Synthetic District 2,House,Entire place,t,t,t,19.403963,-99.159019,5,3,3,92,1,"[""Sample amenity 1"", ""Sample amenity 2"", ""Sample amenity 3"", ""Sample amenity 4"", ""Sample amenity 5"", ""Sample amenity 6""]",1667.03
Mexico City,Synthetic District 3,Guest suite,Entire place,f,f,t,19.394453,-99.122049,6,3,4,93,2,"[""Sample amenity 1"", ""Sample amenity 2"", ""Sample amenity 3"", ""Sample amenity 4"", ""Sample amenity 5"", ""Sample amenity 6"", ""Sample amenity 7""]",1624.94
Mexico City,Synthetic District 4,Entire apartment,Private room,t,f,t,19.397841,-99.129991,1,1,5,94,3,"[""Sample amenity 1"", ""Sample amenity 2"", ""Sample amenity 3"", ""Sample amenity 4"", ""Sample amenity 5"", ""Sample amenity 6"", ""Sample amenity 7"", ""Sample amenity 8""]",796.76
Mexico City,Synthetic District 5,House,Entire place,f,f,t,19.447323,-99.102965,2,1,6,95,4,"[""Sample amenity 1"", ""Sample amenity 2"", ""Sample amenity 3"", ""Sample amenity 4"", ""Sample amenity 5"", ""Sample amenity 6"", ""Sample amenity 7"", ""Sample amenity 8"", ""Sample amenity 9""]",1190.2
Mexico City,Synthetic District 1,Guest suite,Entire place,t,t,f,19.437553,-99.172778,3,2,7,96,5,"[""Sample amenity 1"", ""Sample amenity 2"", ""Sample amenity 3"", ""Sample amenity 4"", ""Sample amenity 5"", ""Sample amenity 6"", ""Sample amenity 7"", ""Sample amenity 8"", ""Sample amenity 9"", ""Sample amenity 10""]",1360.6
Mexico City,Synthetic District 2,Entire apartment,Private room,f,f,t,19.464818,-99.096217,4,2,1,97,6,"[""Sample amenity 1"", ""Sample amenity 2"", ""Sample amenity 3"", ""Sample amenity 4"", ""Sample amenity 5"", ""Sample amenity 6"", ""Sample amenity 7"", ""Sample amenity 8"", ""Sample amenity 9"", ""Sample amenity 10"", ""Sample amenity 11""]",1232.95
Mexico City,Synthetic District 3,House,Entire place,t,f,t,19.445287,-99.152914,5,3,2,98,7,"[""Sample amenity 1"", ""Sample amenity 2"", ""Sample amenity 3"", ""Sample amenity 4"", ""Sample amenity 5"", ""Sample amenity 6"", ""Sample amenity 7"", ""Sample amenity 8"", ""Sample amenity 9"", ""Sample amenity 10"", ""Sample amenity 11"", ""Sample amenity 12""]",1673.55
Mexico City,Synthetic District 4,Guest suite,Entire place,f,f,t,19.403423,-99.144812,6,3,3,99,8,"[""Sample amenity 1"", ""Sample amenity 2"", ""Sample amenity 3"", ""Sample amenity 4"", ""Sample amenity 5"", ""Sample amenity 6"", ""Sample amenity 7"", ""Sample amenity 8"", ""Sample amenity 9"", ""Sample amenity 10"", ""Sample amenity 11"", ""Sample amenity 12"", ""Sample amenity 13""]",1772.97
Mexico City,Synthetic District 5,Entire apartment,Private room,t,t,t,19.453562,-99.123552,1,1,4,76,1,"[""Sample amenity 1"", ""Sample amenity 2"", ""Sample amenity 3"", ""Sample amenity 4"", ""Sample amenity 5"", ""Sample amenity 6"", ""Sample amenity 7"", ""Sample amenity 8"", ""Sample amenity 9"", ""Sample amenity 10"", ""Sample amenity 11"", ""Sample amenity 12"", ""Sample amenity 13"", ""Sample amenity 14""]",1028.31
Mexico City,Synthetic District 1,House,Entire place,f,f,f,19.462084,-99.096583,2,1,5,77,2,"[""Sample amenity 1"", ""Sample amenity 2"", ""Sample amenity 3"", ""Sample amenity 4"", ""Sample amenity 5"", ""Sample amenity 6"", ""Sample amenity 7"", ""Sample amenity 8"", ""Sample amenity 9"", ""Sample amenity 10"", ""Sample amenity 11"", ""Sample amenity 12"", ""Sample amenity 13"", ""Sample amenity 14"", ""Sample amenity 15""]",1280.31
Mexico City,Synthetic District 2,Guest suite,Entire place,t,f,t,19.437949,-99.098578,3,2,6,78,3,"[""Sample amenity 1"", ""Sample amenity 2"", ""Sample amenity 3"", ""Sample amenity 4"", ""Sample amenity 5"", ""Sample amenity 6"", ""Sample amenity 7"", ""Sample amenity 8"", ""Sample amenity 9"", ""Sample amenity 10"", ""Sample amenity 11"", ""Sample amenity 12"", ""Sample amenity 13"", ""Sample amenity 14"", ""Sample amenity 15"", ""Sample amenity 16""]",1425.65
Mexico City,Synthetic District 3,Entire apartment,Private room,f,f,t,19.444515,-99.159031,4,2,7,79,4,"[""Sample amenity 1"", ""Sample amenity 2"", ""Sample amenity 3"", ""Sample amenity 4"", ""Sample amenity 5"", ""Sample amenity 6"", ""Sample amenity 7"", ""Sample amenity 8"", ""Sample amenity 9"", ""Sample amenity 10"", ""Sample amenity 11"", ""Sample amenity 12"", ""Sample amenity 13"", ""Sample amenity 14"", ""Sample amenity 15"", ""Sample amenity 16"", ""Sample amenity 17""]",1311.7
Mexico City,Synthetic District 4,House,Entire place,t,t,t,19.396937,-99.099176,5,3,1,80,5,"[""Sample amenity 1"", ""Sample amenity 2"", ""Sample amenity 3"", ""Sample amenity 4""]",1583.16
Mexico City,Synthetic District 5,Guest suite,Entire place,f,f,t,19.460358,-99.097312,6,3,2,81,6,"[""Sample amenity 1"", ""Sample amenity 2"", ""Sample amenity 3"", ""Sample amenity 4"", ""Sample amenity 5""]",1641.76
Mexico City,Synthetic District 1,Entire apartment,Private room,t,f,f,19.47061,-99.102627,1,1,3,82,7,"[""Sample amenity 1"", ""Sample amenity 2"", ""Sample amenity 3"", ""Sample amenity 4"", ""Sample amenity 5"", ""Sample amenity 6""]",879.96
Mexico City,Synthetic District 2,House,Entire place,f,f,t,19.466868,-99.155673,2,1,4,83,8,"[""Sample amenity 1"", ""Sample amenity 2"", ""Sample amenity 3"", ""Sample amenity 4"", ""Sample amenity 5"", ""Sample amenity 6"", ""Sample amenity 7""]",1109.05
Mexico City,Synthetic District 3,Guest suite,Entire place,t,t,t,19.441584,-99.152085,3,2,5,84,1,"[""Sample amenity 1"", ""Sample amenity 2"", ""Sample amenity 3"", ""Sample amenity 4"", ""Sample amenity 5"", ""Sample amenity 6"", ""Sample amenity 7"", ""Sample amenity 8""]",1362.11
Mexico City,Synthetic District 4,Entire apartment,Private room,f,f,t,19.463848,-99.16106,4,2,6,85,2,"[""Sample amenity 1"", ""Sample amenity 2"", ""Sample amenity 3"", ""Sample amenity 4"", ""Sample amenity 5"", ""Sample amenity 6"", ""Sample amenity 7"", ""Sample amenity 8"", ""Sample amenity 9""]",1305.15
Mexico City,Synthetic District 5,House,Entire place,t,f,t,19.414072,-99.160514,5,3,7,86,3,"[""Sample amenity 1"", ""Sample amenity 2"", ""Sample amenity 3"", ""Sample amenity 4"", ""Sample amenity 5"", ""Sample amenity 6"", ""Sample amenity 7"", ""Sample amenity 8"", ""Sample amenity 9"", ""Sample amenity 10""]",1566.13
Mexico City,Synthetic District 1,Guest suite,Entire place,f,f,f,19.453323,-99.156365,6,3,1,87,4,"[""Sample amenity 1"", ""Sample amenity 2"", ""Sample amenity 3"", ""Sample amenity 4"", ""Sample amenity 5"", ""Sample amenity 6"", ""Sample amenity 7"", ""Sample amenity 8"", ""Sample amenity 9"", ""Sample amenity 10"", ""Sample amenity 11""]",1794.68
Mexico City,Synthetic District 2,Entire apartment,Private room,t,t,t,19.400209,-99.133811,1,1,2,88,5,"[""Sample amenity 1"", ""Sample amenity 2"", ""Sample amenity 3"", ""Sample amenity 4"", ""Sample amenity 5"", ""Sample amenity 6"", ""Sample amenity 7"", ""Sample amenity 8"", ""Sample amenity 9"", ""Sample amenity 10"", ""Sample amenity 11"", ""Sample amenity 12""]",899.6
Mexico City,Synthetic District 3,House,Entire place,f,f,t,19.410761,-99.167871,2,1,3,89,6,"[""Sample amenity 1"", ""Sample amenity 2"", ""Sample amenity 3"", ""Sample amenity 4"", ""Sample amenity 5"", ""Sample amenity 6"", ""Sample amenity 7"", ""Sample amenity 8"", ""Sample amenity 9"", ""Sample amenity 10"", ""Sample amenity 11"", ""Sample amenity 12"", ""Sample amenity 13""]",1227.36
Mexico City,Synthetic District 4,Guest suite,Entire place,t,f,t,19.400938,-99.09397,3,2,4,90,7,"[""Sample amenity 1"", ""Sample amenity 2"", ""Sample amenity 3"", ""Sample amenity 4"", ""Sample amenity 5"", ""Sample amenity 6"", ""Sample amenity 7"", ""Sample amenity 8"", ""Sample amenity 9"", ""Sample amenity 10"", ""Sample amenity 11"", ""Sample amenity 12"", ""Sample amenity 13"", ""Sample amenity 14""]",1413.92
Mexico City,Synthetic District 5,Entire apartment,Private room,f,f,t,19.44762,-99.147018,4,2,5,91,8,"[""Sample amenity 1"", ""Sample amenity 2"", ""Sample amenity 3"", ""Sample amenity 4"", ""Sample amenity 5"", ""Sample amenity 6"", ""Sample amenity 7"", ""Sample amenity 8"", ""Sample amenity 9"", ""Sample amenity 10"", ""Sample amenity 11"", ""Sample amenity 12"", ""Sample amenity 13"", ""Sample amenity 14"", ""Sample amenity 15""]",1330.87
Mexico City,Synthetic District 1,House,Entire place,t,t,f,19.434169,-99.126944,5,3,6,92,1,"[""Sample amenity 1"", ""Sample amenity 2"", ""Sample amenity 3"", ""Sample amenity 4"", ""Sample amenity 5"", ""Sample amenity 6"", ""Sample amenity 7"", ""Sample amenity 8"", ""Sample amenity 9"", ""Sample amenity 10"", ""Sample amenity 11"", ""Sample amenity 12"", ""Sample amenity 13"", ""Sample amenity 14"", ""Sample amenity 15"", ""Sample amenity 16""]",1728.84
Mexico City,Synthetic District 2,Guest suite,Entire place,f,f,t,19.4636,-99.122261,6,3,7,93,2,"[""Sample amenity 1"", ""Sample amenity 2"", ""Sample amenity 3"", ""Sample amenity 4"", ""Sample amenity 5"", ""Sample amenity 6"", ""Sample amenity 7"", ""Sample amenity 8"", ""Sample amenity 9"", ""Sample amenity 10"", ""Sample amenity 11"", ""Sample amenity 12"", ""Sample amenity 13"", ""Sample amenity 14"", ""Sample amenity 15"", ""Sample amenity 16"", ""Sample amenity 17""]",1880.82
Mexico City,Synthetic District 3,Entire apartment,Private room,t,f,t,19.411764,-99.104684,1,1,1,94,3,"[""Sample amenity 1"", ""Sample amenity 2"", ""Sample amenity 3"", ""Sample amenity 4""]",837.42
Mexico City,Synthetic District 4,House,Entire place,f,f,t,19.451332,-99.140652,2,1,2,95,4,"[""Sample amenity 1"", ""Sample amenity 2"", ""Sample amenity 3"", ""Sample amenity 4"", ""Sample amenity 5""]",1087.22
Mexico City,Synthetic District 5,Guest suite,Entire place,t,t,t,19.415668,-99.116533,3,2,3,96,5,"[""Sample amenity 1"", ""Sample amenity 2"", ""Sample amenity 3"", ""Sample amenity 4"", ""Sample amenity 5"", ""Sample amenity 6""]",1295.18
Mexico City,Synthetic District 1,Entire apartment,Private room,f,f,f,19.46,-99.157509,4,2,4,97,6,"[""Sample amenity 1"", ""Sample amenity 2"", ""Sample amenity 3"", ""Sample amenity 4"", ""Sample amenity 5"", ""Sample amenity 6"", ""Sample amenity 7""]",1286.27
Mexico City,Synthetic District 2,House,Entire place,t,f,t,19.433945,-99.101364,5,3,5,98,7,"[""Sample amenity 1"", ""Sample amenity 2"", ""Sample amenity 3"", ""Sample amenity 4"", ""Sample amenity 5"", ""Sample amenity 6"", ""Sample amenity 7"", ""Sample amenity 8""]",1629.4
Mexico City,Synthetic District 3,Guest suite,Entire place,f,f,t,19.420522,-99.168103,6,3,6,99,8,"[""Sample amenity 1"", ""Sample amenity 2"", ""Sample amenity 3"", ""Sample amenity 4"", ""Sample amenity 5"", ""Sample amenity 6"", ""Sample amenity 7"", ""Sample amenity 8"", ""Sample amenity 9""]",1674.34
Mexico City,Synthetic District 4,Entire apartment,Private room,t,t,t,19.443128,-99.110196,1,1,7,76,1,"[""Sample amenity 1"", ""Sample amenity 2"", ""Sample amenity 3"", ""Sample amenity 4"", ""Sample amenity 5"", ""Sample amenity 6"", ""Sample amenity 7"", ""Sample amenity 8"", ""Sample amenity 9"", ""Sample amenity 10""]",991.41
Mexico City,Synthetic District 5,House,Entire place,f,f,t,19.469338,-99.113453,2,1,1,77,2,"[""Sample amenity 1"", ""Sample amenity 2"", ""Sample amenity 3"", ""Sample amenity 4"", ""Sample amenity 5"", ""Sample amenity 6"", ""Sample amenity 7"", ""Sample amenity 8"", ""Sample amenity 9"", ""Sample amenity 10"", ""Sample amenity 11""]",1160.24
New York,Synthetic District 1,Entire apartment,Private room,t,t,f,40.682837,-74.005834,1,1,1,76,1,"[""Sample amenity 1"", ""Sample amenity 2"", ""Sample amenity 3"", ""Sample amenity 4""]",142.36
New York,Synthetic District 2,House,Entire place,f,f,t,40.690889,-74.03395,2,1,2,77,2,"[""Sample amenity 1"", ""Sample amenity 2"", ""Sample amenity 3"", ""Sample amenity 4"", ""Sample amenity 5""]",205.04
New York,Synthetic District 3,Guest suite,Entire place,t,f,t,40.688465,-74.026916,3,2,3,78,3,"[""Sample amenity 1"", ""Sample amenity 2"", ""Sample amenity 3"", ""Sample amenity 4"", ""Sample amenity 5"", ""Sample amenity 6""]",230.29
New York,Synthetic District 4,Entire apartment,Private room,f,f,t,40.692974,-73.987495,4,2,4,79,4,"[""Sample amenity 1"", ""Sample amenity 2"", ""Sample amenity 3"", ""Sample amenity 4"", ""Sample amenity 5"", ""Sample amenity 6"", ""Sample amenity 7""]",206.29
New York,Synthetic District 5,House,Entire place,t,t,t,40.725147,-74.029833,5,3,5,80,5,"[""Sample amenity 1"", ""Sample amenity 2"", ""Sample amenity 3"", ""Sample amenity 4"", ""Sample amenity 5"", ""Sample amenity 6"", ""Sample amenity 7"", ""Sample amenity 8""]",274.97
New York,Synthetic District 1,Guest suite,Entire place,f,f,f,40.732926,-74.02848,6,3,6,81,6,"[""Sample amenity 1"", ""Sample amenity 2"", ""Sample amenity 3"", ""Sample amenity 4"", ""Sample amenity 5"", ""Sample amenity 6"", ""Sample amenity 7"", ""Sample amenity 8"", ""Sample amenity 9""]",307.1
New York,Synthetic District 2,Entire apartment,Private room,t,f,t,40.719946,-74.027147,1,1,7,82,7,"[""Sample amenity 1"", ""Sample amenity 2"", ""Sample amenity 3"", ""Sample amenity 4"", ""Sample amenity 5"", ""Sample amenity 6"", ""Sample amenity 7"", ""Sample amenity 8"", ""Sample amenity 9"", ""Sample amenity 10""]",140.53
New York,Synthetic District 3,House,Entire place,f,f,t,40.746357,-73.977179,2,1,1,83,8,"[""Sample amenity 1"", ""Sample amenity 2"", ""Sample amenity 3"", ""Sample amenity 4"", ""Sample amenity 5"", ""Sample amenity 6"", ""Sample amenity 7"", ""Sample amenity 8"", ""Sample amenity 9"", ""Sample amenity 10"", ""Sample amenity 11""]",211.74
New York,Synthetic District 4,Guest suite,Entire place,t,t,t,40.739642,-73.968456,3,2,2,84,1,"[""Sample amenity 1"", ""Sample amenity 2"", ""Sample amenity 3"", ""Sample amenity 4"", ""Sample amenity 5"", ""Sample amenity 6"", ""Sample amenity 7"", ""Sample amenity 8"", ""Sample amenity 9"", ""Sample amenity 10"", ""Sample amenity 11"", ""Sample amenity 12""]",245.26
New York,Synthetic District 5,Entire apartment,Private room,f,f,t,40.747695,-74.027517,4,2,3,85,2,"[""Sample amenity 1"", ""Sample amenity 2"", ""Sample amenity 3"", ""Sample amenity 4"", ""Sample amenity 5"", ""Sample amenity 6"", ""Sample amenity 7"", ""Sample amenity 8"", ""Sample amenity 9"", ""Sample amenity 10"", ""Sample amenity 11"", ""Sample amenity 12"", ""Sample amenity 13""]",234.89
New York,Synthetic District 1,House,Entire place,t,f,f,40.742957,-74.044433,5,3,4,86,3,"[""Sample amenity 1"", ""Sample amenity 2"", ""Sample amenity 3"", ""Sample amenity 4"", ""Sample amenity 5"", ""Sample amenity 6"", ""Sample amenity 7"", ""Sample amenity 8"", ""Sample amenity 9"", ""Sample amenity 10"", ""Sample amenity 11"", ""Sample amenity 12"", ""Sample amenity 13"", ""Sample amenity 14""]",286.4
New York,Synthetic District 2,Guest suite,Entire place,f,f,t,40.709557,-74.025244,6,3,5,87,4,"[""Sample amenity 1"", ""Sample amenity 2"", ""Sample amenity 3"", ""Sample amenity 4"", ""Sample amenity 5"", ""Sample amenity 6"", ""Sample amenity 7"", ""Sample amenity 8"", ""Sample amenity 9"", ""Sample amenity 10"", ""Sample amenity 11"", ""Sample amenity 12"", ""Sample amenity 13"", ""Sample amenity 14"", ""Sample amenity 15""]",299.34
New York,Synthetic District 3,Entire apartment,Private room,t,t,t,40.70917,-74.002121,1,1,6,88,5,"[""Sample amenity 1"", ""Sample amenity 2"", ""Sample amenity 3"", ""Sample amenity 4"", ""Sample amenity 5"", ""Sample amenity 6"", ""Sample amenity 7"", ""Sample amenity 8"", ""Sample amenity 9"", ""Sample amenity 10"", ""Sample amenity 11"", ""Sample amenity 12"", ""Sample amenity 13"", ""Sample amenity 14"", ""Sample amenity 15"", ""Sample amenity 16""]",167.29
New York,Synthetic District 4,House,Entire place,f,f,t,40.706803,-73.968344,2,1,7,89,6,"[""Sample amenity 1"", ""Sample amenity 2"", ""Sample amenity 3"", ""Sample amenity 4"", ""Sample amenity 5"", ""Sample amenity 6"", ""Sample amenity 7"", ""Sample amenity 8"", ""Sample amenity 9"", ""Sample amenity 10"", ""Sample amenity 11"", ""Sample amenity 12"", ""Sample amenity 13"", ""Sample amenity 14"", ""Sample amenity 15"", ""Sample amenity 16"", ""Sample amenity 17""]",218.93
New York,Synthetic District 5,Guest suite,Entire place,t,f,t,40.689769,-73.987218,3,2,1,90,7,"[""Sample amenity 1"", ""Sample amenity 2"", ""Sample amenity 3"", ""Sample amenity 4""]",212.15
New York,Synthetic District 1,Entire apartment,Private room,f,f,f,40.721106,-73.985077,4,2,2,91,8,"[""Sample amenity 1"", ""Sample amenity 2"", ""Sample amenity 3"", ""Sample amenity 4"", ""Sample amenity 5""]",207.18
New York,Synthetic District 2,House,Entire place,t,t,t,40.749461,-73.998508,5,3,3,92,1,"[""Sample amenity 1"", ""Sample amenity 2"", ""Sample amenity 3"", ""Sample amenity 4"", ""Sample amenity 5"", ""Sample amenity 6""]",280.62
New York,Synthetic District 3,Guest suite,Entire place,f,f,t,40.730271,-74.038742,6,3,4,93,2,"[""Sample amenity 1"", ""Sample amenity 2"", ""Sample amenity 3"", ""Sample amenity 4"", ""Sample amenity 5"", ""Sample amenity 6"", ""Sample amenity 7""]",283.38
New York,Synthetic District 4,Entire apartment,Private room,t,f,t,40.696352,-73.98179,1,1,5,94,3,"[""Sample amenity 1"", ""Sample amenity 2"", ""Sample amenity 3"", ""Sample amenity 4"", ""Sample amenity 5"", ""Sample amenity 6"", ""Sample amenity 7"", ""Sample amenity 8""]",136.79
New York,Synthetic District 5,House,Entire place,f,f,t,40.690573,-73.976495,2,1,6,95,4,"[""Sample amenity 1"", ""Sample amenity 2"", ""Sample amenity 3"", ""Sample amenity 4"", ""Sample amenity 5"", ""Sample amenity 6"", ""Sample amenity 7"", ""Sample amenity 8"", ""Sample amenity 9""]",202.77
New York,Synthetic District 1,Guest suite,Entire place,t,t,f,40.673823,-74.004017,3,2,7,96,5,"[""Sample amenity 1"", ""Sample amenity 2"", ""Sample amenity 3"", ""Sample amenity 4"", ""Sample amenity 5"", ""Sample amenity 6"", ""Sample amenity 7"", ""Sample amenity 8"", ""Sample amenity 9"", ""Sample amenity 10""]",245.38
New York,Synthetic District 2,Entire apartment,Private room,f,f,t,40.748588,-74.043181,4,2,1,97,6,"[""Sample amenity 1"", ""Sample amenity 2"", ""Sample amenity 3"", ""Sample amenity 4"", ""Sample amenity 5"", ""Sample amenity 6"", ""Sample amenity 7"", ""Sample amenity 8"", ""Sample amenity 9"", ""Sample amenity 10"", ""Sample amenity 11""]",218.59
New York,Synthetic District 3,House,Entire place,t,f,t,40.745851,-74.036149,5,3,2,98,7,"[""Sample amenity 1"", ""Sample amenity 2"", ""Sample amenity 3"", ""Sample amenity 4"", ""Sample amenity 5"", ""Sample amenity 6"", ""Sample amenity 7"", ""Sample amenity 8"", ""Sample amenity 9"", ""Sample amenity 10"", ""Sample amenity 11"", ""Sample amenity 12""]",275.86
New York,Synthetic District 4,Guest suite,Entire place,f,f,t,40.722444,-73.993709,6,3,3,99,8,"[""Sample amenity 1"", ""Sample amenity 2"", ""Sample amenity 3"", ""Sample amenity 4"", ""Sample amenity 5"", ""Sample amenity 6"", ""Sample amenity 7"", ""Sample amenity 8"", ""Sample amenity 9"", ""Sample amenity 10"", ""Sample amenity 11"", ""Sample amenity 12"", ""Sample amenity 13""]",315.66
New York,Synthetic District 5,Entire apartment,Private room,t,t,t,40.738447,-74.029315,1,1,4,76,1,"[""Sample amenity 1"", ""Sample amenity 2"", ""Sample amenity 3"", ""Sample amenity 4"", ""Sample amenity 5"", ""Sample amenity 6"", ""Sample amenity 7"", ""Sample amenity 8"", ""Sample amenity 9"", ""Sample amenity 10"", ""Sample amenity 11"", ""Sample amenity 12"", ""Sample amenity 13"", ""Sample amenity 14""]",163.39
New York,Synthetic District 1,House,Entire place,f,f,f,40.733995,-74.040162,2,1,5,77,2,"[""Sample amenity 1"", ""Sample amenity 2"", ""Sample amenity 3"", ""Sample amenity 4"", ""Sample amenity 5"", ""Sample amenity 6"", ""Sample amenity 7"", ""Sample amenity 8"", ""Sample amenity 9"", ""Sample amenity 10"", ""Sample amenity 11"", ""Sample amenity 12"", ""Sample amenity 13"", ""Sample amenity 14"", ""Sample amenity 15""]",209.99
New York,Synthetic District 2,Guest suite,Entire place,t,f,t,40.743325,-73.998862,3,2,6,78,3,"[""Sample amenity 1"", ""Sample amenity 2"", ""Sample amenity 3"", ""Sample amenity 4"", ""Sample amenity 5"", ""Sample amenity 6"", ""Sample amenity 7"", ""Sample amenity 8"", ""Sample amenity 9"", ""Sample amenity 10"", ""Sample amenity 11"", ""Sample amenity 12"", ""Sample amenity 13"", ""Sample amenity 14"", ""Sample amenity 15"", ""Sample amenity 16""]",243.45
New York,Synthetic District 3,Entire apartment,Private room,f,f,t,40.701385,-73.993066,4,2,7,79,4,"[""Sample amenity 1"", ""Sample amenity 2"", ""Sample amenity 3"", ""Sample amenity 4"", ""Sample amenity 5"", ""Sample amenity 6"", ""Sample amenity 7"", ""Sample amenity 8"", ""Sample amenity 9"", ""Sample amenity 10"", ""Sample amenity 11"", ""Sample amenity 12"", ""Sample amenity 13"", ""Sample amenity 14"", ""Sample amenity 15"", ""Sample amenity 16"", ""Sample amenity 17""]",238.68
New York,Synthetic District 4,House,Entire place,t,t,t,40.698577,-74.004413,5,3,1,80,5,"[""Sample amenity 1"", ""Sample amenity 2"", ""Sample amenity 3"", ""Sample amenity 4""]",266.07
New York,Synthetic District 5,Guest suite,Entire place,f,f,t,40.678437,-73.978255,6,3,2,81,6,"[""Sample amenity 1"", ""Sample amenity 2"", ""Sample amenity 3"", ""Sample amenity 4"", ""Sample amenity 5""]",296.74
New York,Synthetic District 1,Entire apartment,Private room,t,f,f,40.745079,-74.001798,1,1,3,82,7,"[""Sample amenity 1"", ""Sample amenity 2"", ""Sample amenity 3"", ""Sample amenity 4"", ""Sample amenity 5"", ""Sample amenity 6""]",131.99
New York,Synthetic District 2,House,Entire place,f,f,t,40.722393,-74.029299,2,1,4,83,8,"[""Sample amenity 1"", ""Sample amenity 2"", ""Sample amenity 3"", ""Sample amenity 4"", ""Sample amenity 5"", ""Sample amenity 6"", ""Sample amenity 7""]",190.77
New York,Synthetic District 3,Guest suite,Entire place,t,t,t,40.721883,-73.970965,3,2,5,84,1,"[""Sample amenity 1"", ""Sample amenity 2"", ""Sample amenity 3"", ""Sample amenity 4"", ""Sample amenity 5"", ""Sample amenity 6"", ""Sample amenity 7"", ""Sample amenity 8""]",239.67
New York,Synthetic District 4,Entire apartment,Private room,f,f,t,40.68112,-73.999518,4,2,6,85,2,"[""Sample amenity 1"", ""Sample amenity 2"", ""Sample amenity 3"", ""Sample amenity 4"", ""Sample amenity 5"", ""Sample amenity 6"", ""Sample amenity 7"", ""Sample amenity 8"", ""Sample amenity 9""]",221.43
New York,Synthetic District 5,House,Entire place,t,f,t,40.727743,-74.003689,5,3,7,86,3,"[""Sample amenity 1"", ""Sample amenity 2"", ""Sample amenity 3"", ""Sample amenity 4"", ""Sample amenity 5"", ""Sample amenity 6"", ""Sample amenity 7"", ""Sample amenity 8"", ""Sample amenity 9"", ""Sample amenity 10""]",284.22
New York,Synthetic District 1,Guest suite,Entire place,f,f,f,40.71201,-74.003514,6,3,1,87,4,"[""Sample amenity 1"", ""Sample amenity 2"", ""Sample amenity 3"", ""Sample amenity 4"", ""Sample amenity 5"", ""Sample amenity 6"", ""Sample amenity 7"", ""Sample amenity 8"", ""Sample amenity 9"", ""Sample amenity 10"", ""Sample amenity 11""]",304.72
New York,Synthetic District 2,Entire apartment,Private room,t,t,t,40.716626,-74.03441,1,1,2,88,5,"[""Sample amenity 1"", ""Sample amenity 2"", ""Sample amenity 3"", ""Sample amenity 4"", ""Sample amenity 5"", ""Sample amenity 6"", ""Sample amenity 7"", ""Sample amenity 8"", ""Sample amenity 9"", ""Sample amenity 10"", ""Sample amenity 11"", ""Sample amenity 12""]",157.66
New York,Synthetic District 3,House,Entire place,f,f,t,40.68683,-74.045848,2,1,3,89,6,"[""Sample amenity 1"", ""Sample amenity 2"", ""Sample amenity 3"", ""Sample amenity 4"", ""Sample amenity 5"", ""Sample amenity 6"", ""Sample amenity 7"", ""Sample amenity 8"", ""Sample amenity 9"", ""Sample amenity 10"", ""Sample amenity 11"", ""Sample amenity 12"", ""Sample amenity 13""]",215.36
New York,Synthetic District 4,Guest suite,Entire place,t,f,t,40.737099,-73.9722,3,2,4,90,7,"[""Sample amenity 1"", ""Sample amenity 2"", ""Sample amenity 3"", ""Sample amenity 4"", ""Sample amenity 5"", ""Sample amenity 6"", ""Sample amenity 7"", ""Sample amenity 8"", ""Sample amenity 9"", ""Sample amenity 10"", ""Sample amenity 11"", ""Sample amenity 12"", ""Sample amenity 13"", ""Sample amenity 14""]",239.71
New York,Synthetic District 5,Entire apartment,Private room,f,f,t,40.744189,-74.002427,4,2,5,91,8,"[""Sample amenity 1"", ""Sample amenity 2"", ""Sample amenity 3"", ""Sample amenity 4"", ""Sample amenity 5"", ""Sample amenity 6"", ""Sample amenity 7"", ""Sample amenity 8"", ""Sample amenity 9"", ""Sample amenity 10"", ""Sample amenity 11"", ""Sample amenity 12"", ""Sample amenity 13"", ""Sample amenity 14"", ""Sample amenity 15""]",222.75
New York,Synthetic District 1,House,Entire place,t,t,f,40.683542,-73.998357,5,3,6,92,1,"[""Sample amenity 1"", ""Sample amenity 2"", ""Sample amenity 3"", ""Sample amenity 4"", ""Sample amenity 5"", ""Sample amenity 6"", ""Sample amenity 7"", ""Sample amenity 8"", ""Sample amenity 9"", ""Sample amenity 10"", ""Sample amenity 11"", ""Sample amenity 12"", ""Sample amenity 13"", ""Sample amenity 14"", ""Sample amenity 15"", ""Sample amenity 16""]",294.62
New York,Synthetic District 2,Guest suite,Entire place,f,f,t,40.679575,-74.029661,6,3,7,93,2,"[""Sample amenity 1"", ""Sample amenity 2"", ""Sample amenity 3"", ""Sample amenity 4"", ""Sample amenity 5"", ""Sample amenity 6"", ""Sample amenity 7"", ""Sample amenity 8"", ""Sample amenity 9"", ""Sample amenity 10"", ""Sample amenity 11"", ""Sample amenity 12"", ""Sample amenity 13"", ""Sample amenity 14"", ""Sample amenity 15"", ""Sample amenity 16"", ""Sample amenity 17""]",305.8
New York,Synthetic District 3,Entire apartment,Private room,t,f,t,40.679207,-73.966019,1,1,1,94,3,"[""Sample amenity 1"", ""Sample amenity 2"", ""Sample amenity 3"", ""Sample amenity 4""]",126.63
New York,Synthetic District 4,House,Entire place,f,f,t,40.743823,-74.010398,2,1,2,95,4,"[""Sample amenity 1"", ""Sample amenity 2"", ""Sample amenity 3"", ""Sample amenity 4"", ""Sample amenity 5""]",205.21
New York,Synthetic District 5,Guest suite,Entire place,t,t,t,40.75108,-73.992601,3,2,3,96,5,"[""Sample amenity 1"", ""Sample amenity 2"", ""Sample amenity 3"", ""Sample amenity 4"", ""Sample amenity 5"", ""Sample amenity 6""]",232.39
New York,Synthetic District 1,Entire apartment,Private room,f,f,f,40.69301,-73.997062,4,2,4,97,6,"[""Sample amenity 1"", ""Sample amenity 2"", ""Sample amenity 3"", ""Sample amenity 4"", ""Sample amenity 5"", ""Sample amenity 6"", ""Sample amenity 7""]",202.06
New York,Synthetic District 2,House,Entire place,t,f,t,40.697602,-73.975487,5,3,5,98,7,"[""Sample amenity 1"", ""Sample amenity 2"", ""Sample amenity 3"", ""Sample amenity 4"", ""Sample amenity 5"", ""Sample amenity 6"", ""Sample amenity 7"", ""Sample amenity 8""]",268.06
New York,Synthetic District 3,Guest suite,Entire place,f,f,t,40.67957,-73.990903,6,3,6,99,8,"[""Sample amenity 1"", ""Sample amenity 2"", ""Sample amenity 3"", ""Sample amenity 4"", ""Sample amenity 5"", ""Sample amenity 6"", ""Sample amenity 7"", ""Sample amenity 8"", ""Sample amenity 9""]",286.97
New York,Synthetic District 4,Entire apartment,Private room,t,t,t,40.749383,-74.039263,1,1,7,76,1,"[""Sample amenity 1"", ""Sample amenity 2"", ""Sample amenity 3"", ""Sample amenity 4"", ""Sample amenity 5"", ""Sample amenity 6"", ""Sample amenity 7"", ""Sample amenity 8"", ""Sample amenity 9"", ""Sample amenity 10""]",159.55
New York,Synthetic District 5,House,Entire place,f,f,t,40.749837,-73.972972,2,1,1,77,2,"[""Sample amenity 1"", ""Sample amenity 2"", ""Sample amenity 3"", ""Sample amenity 4"", ""Sample amenity 5"", ""Sample amenity 6"", ""Sample amenity 7"", ""Sample amenity 8"", ""Sample amenity 9"", ""Sample amenity 10"", ""Sample amenity 11""]",203.51
Paris,Synthetic District 1,Entire apartment,Private room,t,t,f,48.851398,2.374577,1,1,1,76,1,"[""Sample amenity 1"", ""Sample amenity 2"", ""Sample amenity 3"", ""Sample amenity 4""]",100.31
Paris,Synthetic District 2,House,Entire place,f,f,t,48.818491,2.348426,2,1,2,77,2,"[""Sample amenity 1"", ""Sample amenity 2"", ""Sample amenity 3"", ""Sample amenity 4"", ""Sample amenity 5""]",138.16
Paris,Synthetic District 3,Guest suite,Entire place,t,f,t,48.896449,2.369916,3,2,3,78,3,"[""Sample amenity 1"", ""Sample amenity 2"", ""Sample amenity 3"", ""Sample amenity 4"", ""Sample amenity 5"", ""Sample amenity 6""]",144.33
Paris,Synthetic District 4,Entire apartment,Private room,f,f,t,48.820622,2.390174,4,2,4,79,4,"[""Sample amenity 1"", ""Sample amenity 2"", ""Sample amenity 3"", ""Sample amenity 4"", ""Sample amenity 5"", ""Sample amenity 6"", ""Sample amenity 7""]",150.42
Paris,Synthetic District 5,House,Entire place,t,t,t,48.841911,2.39182,5,3,5,80,5,"[""Sample amenity 1"", ""Sample amenity 2"", ""Sample amenity 3"", ""Sample amenity 4"", ""Sample amenity 5"", ""Sample amenity 6"", ""Sample amenity 7"", ""Sample amenity 8""]",195.09
Paris,Synthetic District 1,Guest suite,Entire place,f,f,f,48.853966,2.327333,6,3,6,81,6,"[""Sample amenity 1"", ""Sample amenity 2"", ""Sample amenity 3"", ""Sample amenity 4"", ""Sample amenity 5"", ""Sample amenity 6"", ""Sample amenity 7"", ""Sample amenity 8"", ""Sample amenity 9""]",200.28
Paris,Synthetic District 2,Entire apartment,Private room,t,f,t,48.827319,2.372295,1,1,7,82,7,"[""Sample amenity 1"", ""Sample amenity 2"", ""Sample amenity 3"", ""Sample amenity 4"", ""Sample amenity 5"", ""Sample amenity 6"", ""Sample amenity 7"", ""Sample amenity 8"", ""Sample amenity 9"", ""Sample amenity 10""]",104.93
Paris,Synthetic District 3,House,Entire place,f,f,t,48.832929,2.359192,2,1,1,83,8,"[""Sample amenity 1"", ""Sample amenity 2"", ""Sample amenity 3"", ""Sample amenity 4"", ""Sample amenity 5"", ""Sample amenity 6"", ""Sample amenity 7"", ""Sample amenity 8"", ""Sample amenity 9"", ""Sample amenity 10"", ""Sample amenity 11""]",146.57
Paris,Synthetic District 4,Guest suite,Entire place,t,t,t,48.884568,2.369669,3,2,2,84,1,"[""Sample amenity 1"", ""Sample amenity 2"", ""Sample amenity 3"", ""Sample amenity 4"", ""Sample amenity 5"", ""Sample amenity 6"", ""Sample amenity 7"", ""Sample amenity 8"", ""Sample amenity 9"", ""Sample amenity 10"", ""Sample amenity 11"", ""Sample amenity 12""]",171.78
Paris,Synthetic District 5,Entire apartment,Private room,f,f,t,48.860975,2.32281,4,2,3,85,2,"[""Sample amenity 1"", ""Sample amenity 2"", ""Sample amenity 3"", ""Sample amenity 4"", ""Sample amenity 5"", ""Sample amenity 6"", ""Sample amenity 7"", ""Sample amenity 8"", ""Sample amenity 9"", ""Sample amenity 10"", ""Sample amenity 11"", ""Sample amenity 12"", ""Sample amenity 13""]",154.66
Paris,Synthetic District 1,House,Entire place,t,f,f,48.849939,2.339706,5,3,4,86,3,"[""Sample amenity 1"", ""Sample amenity 2"", ""Sample amenity 3"", ""Sample amenity 4"", ""Sample amenity 5"", ""Sample amenity 6"", ""Sample amenity 7"", ""Sample amenity 8"", ""Sample amenity 9"", ""Sample amenity 10"", ""Sample amenity 11"", ""Sample amenity 12"", ""Sample amenity 13"", ""Sample amenity 14""]",191.54
Paris,Synthetic District 2,Guest suite,Entire place,f,f,t,48.833823,2.322287,6,3,5,87,4,"[""Sample amenity 1"", ""Sample amenity 2"", ""Sample amenity 3"", ""Sample amenity 4"", ""Sample amenity 5"", ""Sample amenity 6"", ""Sample amenity 7"", ""Sample amenity 8"", ""Sample amenity 9"", ""Sample amenity 10"", ""Sample amenity 11"", ""Sample amenity 12"", ""Sample amenity 13"", ""Sample amenity 14"", ""Sample amenity 15""]",217.85
Paris,Synthetic District 3,Entire apartment,Private room,t,t,t,48.827264,2.347646,1,1,6,88,5,"[""Sample amenity 1"", ""Sample amenity 2"", ""Sample amenity 3"", ""Sample amenity 4"", ""Sample amenity 5"", ""Sample amenity 6"", ""Sample amenity 7"", ""Sample amenity 8"", ""Sample amenity 9"", ""Sample amenity 10"", ""Sample amenity 11"", ""Sample amenity 12"", ""Sample amenity 13"", ""Sample amenity 14"", ""Sample amenity 15"", ""Sample amenity 16""]",125.13
Paris,Synthetic District 4,House,Entire place,f,f,t,48.81892,2.333577,2,1,7,89,6,"[""Sample amenity 1"", ""Sample amenity 2"", ""Sample amenity 3"", ""Sample amenity 4"", ""Sample amenity 5"", ""Sample amenity 6"", ""Sample amenity 7"", ""Sample amenity 8"", ""Sample amenity 9"", ""Sample amenity 10"", ""Sample amenity 11"", ""Sample amenity 12"", ""Sample amenity 13"", ""Sample amenity 14"", ""Sample amenity 15"", ""Sample amenity 16"", ""Sample amenity 17""]",145.73
Paris,Synthetic District 5,Guest suite,Entire place,t,f,t,48.845891,2.344635,3,2,1,90,7,"[""Sample amenity 1"", ""Sample amenity 2"", ""Sample amenity 3"", ""Sample amenity 4""]",150.58
Paris,Synthetic District 1,Entire apartment,Private room,f,f,f,48.833256,2.328161,4,2,2,91,8,"[""Sample amenity 1"", ""Sample amenity 2"", ""Sample amenity 3"", ""Sample amenity 4"", ""Sample amenity 5""]",141.21
Paris,Synthetic District 2,House,Entire place,t,t,t,48.88064,2.332153,5,3,3,92,1,"[""Sample amenity 1"", ""Sample amenity 2"", ""Sample amenity 3"", ""Sample amenity 4"", ""Sample amenity 5"", ""Sample amenity 6""]",193.45
Paris,Synthetic District 3,Guest suite,Entire place,f,f,t,48.864043,2.346719,6,3,4,93,2,"[""Sample amenity 1"", ""Sample amenity 2"", ""Sample amenity 3"", ""Sample amenity 4"", ""Sample amenity 5"", ""Sample amenity 6"", ""Sample amenity 7""]",194.25
Paris,Synthetic District 4,Entire apartment,Private room,t,f,t,48.837146,2.349997,1,1,5,94,3,"[""Sample amenity 1"", ""Sample amenity 2"", ""Sample amenity 3"", ""Sample amenity 4"", ""Sample amenity 5"", ""Sample amenity 6"", ""Sample amenity 7"", ""Sample amenity 8""]",103.96
Paris,Synthetic District 5,House,Entire place,f,f,t,48.826314,2.325344,2,1,6,95,4,"[""Sample amenity 1"", ""Sample amenity 2"", ""Sample amenity 3"", ""Sample amenity 4"", ""Sample amenity 5"", ""Sample amenity 6"", ""Sample amenity 7"", ""Sample amenity 8"", ""Sample amenity 9""]",133.0
Paris,Synthetic District 1,Guest suite,Entire place,t,t,f,48.862478,2.342798,3,2,7,96,5,"[""Sample amenity 1"", ""Sample amenity 2"", ""Sample amenity 3"", ""Sample amenity 4"", ""Sample amenity 5"", ""Sample amenity 6"", ""Sample amenity 7"", ""Sample amenity 8"", ""Sample amenity 9"", ""Sample amenity 10""]",157.94
Paris,Synthetic District 2,Entire apartment,Private room,f,f,t,48.850906,2.346507,4,2,1,97,6,"[""Sample amenity 1"", ""Sample amenity 2"", ""Sample amenity 3"", ""Sample amenity 4"", ""Sample amenity 5"", ""Sample amenity 6"", ""Sample amenity 7"", ""Sample amenity 8"", ""Sample amenity 9"", ""Sample amenity 10"", ""Sample amenity 11""]",151.67
Paris,Synthetic District 3,House,Entire place,t,f,t,48.84514,2.352739,5,3,2,98,7,"[""Sample amenity 1"", ""Sample amenity 2"", ""Sample amenity 3"", ""Sample amenity 4"", ""Sample amenity 5"", ""Sample amenity 6"", ""Sample amenity 7"", ""Sample amenity 8"", ""Sample amenity 9"", ""Sample amenity 10"", ""Sample amenity 11"", ""Sample amenity 12""]",197.48
Paris,Synthetic District 4,Guest suite,Entire place,f,f,t,48.829813,2.355354,6,3,3,99,8,"[""Sample amenity 1"", ""Sample amenity 2"", ""Sample amenity 3"", ""Sample amenity 4"", ""Sample amenity 5"", ""Sample amenity 6"", ""Sample amenity 7"", ""Sample amenity 8"", ""Sample amenity 9"", ""Sample amenity 10"", ""Sample amenity 11"", ""Sample amenity 12"", ""Sample amenity 13""]",213.53
Paris,Synthetic District 5,Entire apartment,Private room,t,t,t,48.873299,2.382204,1,1,4,76,1,"[""Sample amenity 1"", ""Sample amenity 2"", ""Sample amenity 3"", ""Sample amenity 4"", ""Sample amenity 5"", ""Sample amenity 6"", ""Sample amenity 7"", ""Sample amenity 8"", ""Sample amenity 9"", ""Sample amenity 10"", ""Sample amenity 11"", ""Sample amenity 12"", ""Sample amenity 13"", ""Sample amenity 14""]",111.34
Paris,Synthetic District 1,House,Entire place,f,f,f,48.827029,2.367275,2,1,5,77,2,"[""Sample amenity 1"", ""Sample amenity 2"", ""Sample amenity 3"", ""Sample amenity 4"", ""Sample amenity 5"", ""Sample amenity 6"", ""Sample amenity 7"", ""Sample amenity 8"", ""Sample amenity 9"", ""Sample amenity 10"", ""Sample amenity 11"", ""Sample amenity 12"", ""Sample amenity 13"", ""Sample amenity 14"", ""Sample amenity 15""]",148.3
Paris,Synthetic District 2,Guest suite,Entire place,t,f,t,48.892977,2.383565,3,2,6,78,3,"[""Sample amenity 1"", ""Sample amenity 2"", ""Sample amenity 3"", ""Sample amenity 4"", ""Sample amenity 5"", ""Sample amenity 6"", ""Sample amenity 7"", ""Sample amenity 8"", ""Sample amenity 9"", ""Sample amenity 10"", ""Sample amenity 11"", ""Sample amenity 12"", ""Sample amenity 13"", ""Sample amenity 14"", ""Sample amenity 15"", ""Sample amenity 16""]",169.91
Paris,Synthetic District 3,Entire apartment,Private room,f,f,t,48.824375,2.368932,4,2,7,79,4,"[""Sample amenity 1"", ""Sample amenity 2"", ""Sample amenity 3"", ""Sample amenity 4"", ""Sample amenity 5"", ""Sample amenity 6"", ""Sample amenity 7"", ""Sample amenity 8"", ""Sample amenity 9"", ""Sample amenity 10"", ""Sample amenity 11"", ""Sample amenity 12"", ""Sample amenity 13"", ""Sample amenity 14"", ""Sample amenity 15"", ""Sample amenity 16"", ""Sample amenity 17""]",164.28
Paris,Synthetic District 4,House,Entire place,t,t,t,48.887413,2.33147,5,3,1,80,5,"[""Sample amenity 1"", ""Sample amenity 2"", ""Sample amenity 3"", ""Sample amenity 4""]",187.83
Paris,Synthetic District 5,Guest suite,Entire place,f,f,t,48.844718,2.341683,6,3,2,81,6,"[""Sample amenity 1"", ""Sample amenity 2"", ""Sample amenity 3"", ""Sample amenity 4"", ""Sample amenity 5""]",202.58
Paris,Synthetic District 1,Entire apartment,Private room,t,f,f,48.83727,2.349513,1,1,3,82,7,"[""Sample amenity 1"", ""Sample amenity 2"", ""Sample amenity 3"", ""Sample amenity 4"", ""Sample amenity 5"", ""Sample amenity 6""]",97.28
Paris,Synthetic District 2,House,Entire place,f,f,t,48.845761,2.374636,2,1,4,83,8,"[""Sample amenity 1"", ""Sample amenity 2"", ""Sample amenity 3"", ""Sample amenity 4"", ""Sample amenity 5"", ""Sample amenity 6"", ""Sample amenity 7""]",135.98
Paris,Synthetic District 3,Guest suite,Entire place,t,t,t,48.871979,2.336107,3,2,5,84,1,"[""Sample amenity 1"", ""Sample amenity 2"", ""Sample amenity 3"", ""Sample amenity 4"", ""Sample amenity 5"", ""Sample amenity 6"", ""Sample amenity 7"", ""Sample amenity 8""]",155.26
Paris,Synthetic District 4,Entire apartment,Private room,f,f,t,48.840463,2.352779,4,2,6,85,2,"[""Sample amenity 1"", ""Sample amenity 2"", ""Sample amenity 3"", ""Sample amenity 4"", ""Sample amenity 5"", ""Sample amenity 6"", ""Sample amenity 7"", ""Sample amenity 8"", ""Sample amenity 9""]",141.58
Paris,Synthetic District 5,House,Entire place,t,f,t,48.853279,2.333062,5,3,7,86,3,"[""Sample amenity 1"", ""Sample amenity 2"", ""Sample amenity 3"", ""Sample amenity 4"", ""Sample amenity 5"", ""Sample amenity 6"", ""Sample amenity 7"", ""Sample amenity 8"", ""Sample amenity 9"", ""Sample amenity 10""]",189.91
Paris,Synthetic District 1,Guest suite,Entire place,f,f,f,48.841765,2.329674,6,3,1,87,4,"[""Sample amenity 1"", ""Sample amenity 2"", ""Sample amenity 3"", ""Sample amenity 4"", ""Sample amenity 5"", ""Sample amenity 6"", ""Sample amenity 7"", ""Sample amenity 8"", ""Sample amenity 9"", ""Sample amenity 10"", ""Sample amenity 11""]",202.35
Paris,Synthetic District 2,Entire apartment,Private room,t,t,t,48.878596,2.376339,1,1,2,88,5,"[""Sample amenity 1"", ""Sample amenity 2"", ""Sample amenity 3"", ""Sample amenity 4"", ""Sample amenity 5"", ""Sample amenity 6"", ""Sample amenity 7"", ""Sample amenity 8"", ""Sample amenity 9"", ""Sample amenity 10"", ""Sample amenity 11"", ""Sample amenity 12""]",118.48
Paris,Synthetic District 3,House,Entire place,f,f,t,48.891758,2.348587,2,1,3,89,6,"[""Sample amenity 1"", ""Sample amenity 2"", ""Sample amenity 3"", ""Sample amenity 4"", ""Sample amenity 5"", ""Sample amenity 6"", ""Sample amenity 7"", ""Sample amenity 8"", ""Sample amenity 9"", ""Sample amenity 10"", ""Sample amenity 11"", ""Sample amenity 12"", ""Sample amenity 13""]",149.1
Paris,Synthetic District 4,Guest suite,Entire place,t,f,t,48.842266,2.363406,3,2,4,90,7,"[""Sample amenity 1"", ""Sample amenity 2"", ""Sample amenity 3"", ""Sample amenity 4"", ""Sample amenity 5"", ""Sample amenity 6"", ""Sample amenity 7"", ""Sample amenity 8"", ""Sample amenity 9"", ""Sample amenity 10"", ""Sample amenity 11"", ""Sample amenity 12"", ""Sample amenity 13"", ""Sample amenity 14""]",170.18
Paris,Synthetic District 5,Entire apartment,Private room,f,f,t,48.819647,2.352492,4,2,5,91,8,"[""Sample amenity 1"", ""Sample amenity 2"", ""Sample amenity 3"", ""Sample amenity 4"", ""Sample amenity 5"", ""Sample amenity 6"", ""Sample amenity 7"", ""Sample amenity 8"", ""Sample amenity 9"", ""Sample amenity 10"", ""Sample amenity 11"", ""Sample amenity 12"", ""Sample amenity 13"", ""Sample amenity 14"", ""Sample amenity 15""]",150.33
Paris,Synthetic District 1,House,Entire place,t,t,f,48.831654,2.352894,5,3,6,92,1,"[""Sample amenity 1"", ""Sample amenity 2"", ""Sample amenity 3"", ""Sample amenity 4"", ""Sample amenity 5"", ""Sample amenity 6"", ""Sample amenity 7"", ""Sample amenity 8"", ""Sample amenity 9"", ""Sample amenity 10"", ""Sample amenity 11"", ""Sample amenity 12"", ""Sample amenity 13"", ""Sample amenity 14"", ""Sample amenity 15"", ""Sample amenity 16""]",198.33
Paris,Synthetic District 2,Guest suite,Entire place,f,f,t,48.865848,2.38858,6,3,7,93,2,"[""Sample amenity 1"", ""Sample amenity 2"", ""Sample amenity 3"", ""Sample amenity 4"", ""Sample amenity 5"", ""Sample amenity 6"", ""Sample amenity 7"", ""Sample amenity 8"", ""Sample amenity 9"", ""Sample amenity 10"", ""Sample amenity 11"", ""Sample amenity 12"", ""Sample amenity 13"", ""Sample amenity 14"", ""Sample amenity 15"", ""Sample amenity 16"", ""Sample amenity 17""]",213.19
Paris,Synthetic District 3,Entire apartment,Private room,t,f,t,48.828731,2.347034,1,1,1,94,3,"[""Sample amenity 1"", ""Sample amenity 2"", ""Sample amenity 3"", ""Sample amenity 4""]",99.69
Paris,Synthetic District 4,House,Entire place,f,f,t,48.853826,2.33674,2,1,2,95,4,"[""Sample amenity 1"", ""Sample amenity 2"", ""Sample amenity 3"", ""Sample amenity 4"", ""Sample amenity 5""]",137.43
Paris,Synthetic District 5,Guest suite,Entire place,t,t,t,48.886496,2.316641,3,2,3,96,5,"[""Sample amenity 1"", ""Sample amenity 2"", ""Sample amenity 3"", ""Sample amenity 4"", ""Sample amenity 5"", ""Sample amenity 6""]",163.98
Paris,Synthetic District 1,Entire apartment,Private room,f,f,f,48.849919,2.354523,4,2,4,97,6,"[""Sample amenity 1"", ""Sample amenity 2"", ""Sample amenity 3"", ""Sample amenity 4"", ""Sample amenity 5"", ""Sample amenity 6"", ""Sample amenity 7""]",143.09
Paris,Synthetic District 2,House,Entire place,t,f,t,48.868038,2.372804,5,3,5,98,7,"[""Sample amenity 1"", ""Sample amenity 2"", ""Sample amenity 3"", ""Sample amenity 4"", ""Sample amenity 5"", ""Sample amenity 6"", ""Sample amenity 7"", ""Sample amenity 8""]",181.42
Paris,Synthetic District 3,Guest suite,Entire place,f,f,t,48.872958,2.375285,6,3,6,99,8,"[""Sample amenity 1"", ""Sample amenity 2"", ""Sample amenity 3"", ""Sample amenity 4"", ""Sample amenity 5"", ""Sample amenity 6"", ""Sample amenity 7"", ""Sample amenity 8"", ""Sample amenity 9""]",202.32
Paris,Synthetic District 4,Entire apartment,Private room,t,t,t,48.854123,2.360661,1,1,7,76,1,"[""Sample amenity 1"", ""Sample amenity 2"", ""Sample amenity 3"", ""Sample amenity 4"", ""Sample amenity 5"", ""Sample amenity 6"", ""Sample amenity 7"", ""Sample amenity 8"", ""Sample amenity 9"", ""Sample amenity 10""]",110.63
Paris,Synthetic District 5,House,Entire place,f,f,t,48.82492,2.335512,2,1,1,77,2,"[""Sample amenity 1"", ""Sample amenity 2"", ""Sample amenity 3"", ""Sample amenity 4"", ""Sample amenity 5"", ""Sample amenity 6"", ""Sample amenity 7"", ""Sample amenity 8"", ""Sample amenity 9"", ""Sample amenity 10"", ""Sample amenity 11""]",137.14
Rio de Janeiro,Synthetic District 1,Entire apartment,Private room,t,t,f,-22.907476,-43.178914,1,1,1,76,1,"[""Sample amenity 1"", ""Sample amenity 2"", ""Sample amenity 3"", ""Sample amenity 4""]",564.16
Rio de Janeiro,Synthetic District 2,House,Entire place,f,f,t,-22.925842,-43.197462,2,1,2,77,2,"[""Sample amenity 1"", ""Sample amenity 2"", ""Sample amenity 3"", ""Sample amenity 4"", ""Sample amenity 5""]",760.74
Rio de Janeiro,Synthetic District 3,Guest suite,Entire place,t,f,t,-22.903267,-43.148904,3,2,3,78,3,"[""Sample amenity 1"", ""Sample amenity 2"", ""Sample amenity 3"", ""Sample amenity 4"", ""Sample amenity 5"", ""Sample amenity 6""]",824.18
Rio de Janeiro,Synthetic District 4,Entire apartment,Private room,f,f,t,-22.908003,-43.147119,4,2,4,79,4,"[""Sample amenity 1"", ""Sample amenity 2"", ""Sample amenity 3"", ""Sample amenity 4"", ""Sample amenity 5"", ""Sample amenity 6"", ""Sample amenity 7""]",775.51
Rio de Janeiro,Synthetic District 5,House,Entire place,t,t,t,-22.912155,-43.163592,5,3,5,80,5,"[""Sample amenity 1"", ""Sample amenity 2"", ""Sample amenity 3"", ""Sample amenity 4"", ""Sample amenity 5"", ""Sample amenity 6"", ""Sample amenity 7"", ""Sample amenity 8""]",1015.37
Rio de Janeiro,Synthetic District 1,Guest suite,Entire place,f,f,f,-22.892647,-43.194843,6,3,6,81,6,"[""Sample amenity 1"", ""Sample amenity 2"", ""Sample amenity 3"", ""Sample amenity 4"", ""Sample amenity 5"", ""Sample amenity 6"", ""Sample amenity 7"", ""Sample amenity 8"", ""Sample amenity 9""]",1083.56
Rio de Janeiro,Synthetic District 2,Entire apartment,Private room,t,f,t,-22.896664,-43.194432,1,1,7,82,7,"[""Sample amenity 1"", ""Sample amenity 2"", ""Sample amenity 3"", ""Sample amenity 4"", ""Sample amenity 5"", ""Sample amenity 6"", ""Sample amenity 7"", ""Sample amenity 8"", ""Sample amenity 9"", ""Sample amenity 10""]",590.06
Rio de Janeiro,Synthetic District 3,House,Entire place,f,f,t,-22.875334,-43.184339,2,1,1,83,8,"[""Sample amenity 1"", ""Sample amenity 2"", ""Sample amenity 3"", ""Sample amenity 4"", ""Sample amenity 5"", ""Sample amenity 6"", ""Sample amenity 7"", ""Sample amenity 8"", ""Sample amenity 9"", ""Sample amenity 10"", ""Sample amenity 11""]",764.65
Rio de Janeiro,Synthetic District 4,Guest suite,Entire place,t,t,t,-22.870043,-43.190347,3,2,2,84,1,"[""Sample amenity 1"", ""Sample amenity 2"", ""Sample amenity 3"", ""Sample amenity 4"", ""Sample amenity 5"", ""Sample amenity 6"", ""Sample amenity 7"", ""Sample amenity 8"", ""Sample amenity 9"", ""Sample amenity 10"", ""Sample amenity 11"", ""Sample amenity 12""]",918.49
Rio de Janeiro,Synthetic District 5,Entire apartment,Private room,f,f,t,-22.894163,-43.198306,4,2,3,85,2,"[""Sample amenity 1"", ""Sample amenity 2"", ""Sample amenity 3"", ""Sample amenity 4"", ""Sample amenity 5"", ""Sample amenity 6"", ""Sample amenity 7"", ""Sample amenity 8"", ""Sample amenity 9"", ""Sample amenity 10"", ""Sample amenity 11"", ""Sample amenity 12"", ""Sample amenity 13""]",815.33
Rio de Janeiro,Synthetic District 1,House,Entire place,t,f,f,-22.875232,-43.179627,5,3,4,86,3,"[""Sample amenity 1"", ""Sample amenity 2"", ""Sample amenity 3"", ""Sample amenity 4"", ""Sample amenity 5"", ""Sample amenity 6"", ""Sample amenity 7"", ""Sample amenity 8"", ""Sample amenity 9"", ""Sample amenity 10"", ""Sample amenity 11"", ""Sample amenity 12"", ""Sample amenity 13"", ""Sample amenity 14""]",1068.56
Rio de Janeiro,Synthetic District 2,Guest suite,Entire place,f,f,t,-22.943986,-43.171074,6,3,5,87,4,"[""Sample amenity 1"", ""Sample amenity 2"", ""Sample amenity 3"", ""Sample amenity 4"", ""Sample amenity 5"", ""Sample amenity 6"", ""Sample amenity 7"", ""Sample amenity 8"", ""Sample amenity 9"", ""Sample amenity 10"", ""Sample amenity 11"", ""Sample amenity 12"", ""Sample amenity 13"", ""Sample amenity 14"", ""Sample amenity 15""]",1133.76
Rio de Janeiro,Synthetic District 3,Entire apartment,Private room,t,t,t,-22.914972,-43.170825,1,1,6,88,5,"[""Sample amenity 1"", ""Sample amenity 2"", ""Sample amenity 3"", ""Sample amenity 4"", ""Sample amenity 5"", ""Sample amenity 6"", ""Sample amenity 7"", ""Sample amenity 8"", ""Sample amenity 9"", ""Sample amenity 10"", ""Sample amenity 11"", ""Sample amenity 12"", ""Sample amenity 13"", ""Sample amenity 14"", ""Sample amenity 15"", ""Sample amenity 16""]",617.08
Rio de Janeiro,Synthetic District 4,House,Entire place,f,f,t,-22.930315,-43.159786,2,1,7,89,6,"[""Sample amenity 1"", ""Sample amenity 2"", ""Sample amenity 3"", ""Sample amenity 4"", ""Sample amenity 5"", ""Sample amenity 6"", ""Sample amenity 7"", ""Sample amenity 8"", ""Sample amenity 9"", ""Sample amenity 10"", ""Sample amenity 11"", ""Sample amenity 12"", ""Sample amenity 13"", ""Sample amenity 14"", ""Sample amenity 15"", ""Sample amenity 16"", ""Sample amenity 17""]",799.71
Rio de Janeiro,Synthetic District 5,Guest suite,Entire place,t,f,t,-22.922115,-43.184493,3,2,1,90,7,"[""Sample amenity 1"", ""Sample amenity 2"", ""Sample amenity 3"", ""Sample amenity 4""]",805.38
Rio de Janeiro,Synthetic District 1,Entire apartment,Private room,f,f,f,-22.913601,-43.204315,4,2,2,91,8,"[""Sample amenity 1"", ""Sample amenity 2"", ""Sample amenity 3"", ""Sample amenity 4"", ""Sample amenity 5""]",758.31
Rio de Janeiro,Synthetic District 2,House,Entire place,t,t,t,-22.869928,-43.16108,5,3,3,92,1,"[""Sample amenity 1"", ""Sample amenity 2"", ""Sample amenity 3"", ""Sample amenity 4"", ""Sample amenity 5"", ""Sample amenity 6""]",983.63
Rio de Janeiro,Synthetic District 3,Guest suite,Entire place,f,f,t,-22.91198,-43.141575,6,3,4,93,2,"[""Sample amenity 1"", ""Sample amenity 2"", ""Sample amenity 3"", ""Sample amenity 4"", ""Sample amenity 5"", ""Sample amenity 6"", ""Sample amenity 7""]",1093.79
Rio de Janeiro,Synthetic District 4,Entire apartment,Private room,t,f,t,-22.927015,-43.184131,1,1,5,94,3,"[""Sample amenity 1"", ""Sample amenity 2"", ""Sample amenity 3"", ""Sample amenity 4"", ""Sample amenity 5"", ""Sample amenity 6"", ""Sample amenity 7"", ""Sample amenity 8""]",577.51
Rio de Janeiro,Synthetic District 5,House,Entire place,f,f,t,-22.873015,-43.192172,2,1,6,95,4,"[""Sample amenity 1"", ""Sample amenity 2"", ""Sample amenity 3"", ""Sample amenity 4"", ""Sample amenity 5"", ""Sample amenity 6"", ""Sample amenity 7"", ""Sample amenity 8"", ""Sample amenity 9""]",769.69
Rio de Janeiro,Synthetic District 1,Guest suite,Entire place,t,t,f,-22.884534,-43.205335,3,2,7,96,5,"[""Sample amenity 1"", ""Sample amenity 2"", ""Sample amenity 3"", ""Sample amenity 4"", ""Sample amenity 5"", ""Sample amenity 6"", ""Sample amenity 7"", ""Sample amenity 8"", ""Sample amenity 9"", ""Sample amenity 10""]",858.48
Rio de Janeiro,Synthetic District 2,Entire apartment,Private room,f,f,t,-22.873411,-43.202685,4,2,1,97,6,"[""Sample amenity 1"", ""Sample amenity 2"", ""Sample amenity 3"", ""Sample amenity 4"", ""Sample amenity 5"", ""Sample amenity 6"", ""Sample amenity 7"", ""Sample amenity 8"", ""Sample amenity 9"", ""Sample amenity 10"", ""Sample amenity 11""]",845.0
Rio de Janeiro,Synthetic District 3,House,Entire place,t,f,t,-22.886972,-43.207346,5,3,2,98,7,"[""Sample amenity 1"", ""Sample amenity 2"", ""Sample amenity 3"", ""Sample amenity 4"", ""Sample amenity 5"", ""Sample amenity 6"", ""Sample amenity 7"", ""Sample amenity 8"", ""Sample amenity 9"", ""Sample amenity 10"", ""Sample amenity 11"", ""Sample amenity 12""]",1006.2
Rio de Janeiro,Synthetic District 4,Guest suite,Entire place,f,f,t,-22.874387,-43.146796,6,3,3,99,8,"[""Sample amenity 1"", ""Sample amenity 2"", ""Sample amenity 3"", ""Sample amenity 4"", ""Sample amenity 5"", ""Sample amenity 6"", ""Sample amenity 7"", ""Sample amenity 8"", ""Sample amenity 9"", ""Sample amenity 10"", ""Sample amenity 11"", ""Sample amenity 12"", ""Sample amenity 13""]",1102.33
Rio de Janeiro,Synthetic District 5,Entire apartment,Private room,t,t,t,-22.935847,-43.147526,1,1,4,76,1,"[""Sample amenity 1"", ""Sample amenity 2"", ""Sample amenity 3"", ""Sample amenity 4"", ""Sample amenity 5"", ""Sample amenity 6"", ""Sample amenity 7"", ""Sample amenity 8"", ""Sample amenity 9"", ""Sample amenity 10"", ""Sample amenity 11"", ""Sample amenity 12"", ""Sample amenity 13"", ""Sample amenity 14""]",659.71
Rio de Janeiro,Synthetic District 1,House,Entire place,f,f,f,-22.874794,-43.15852,2,1,5,77,2,"[""Sample amenity 1"", ""Sample amenity 2"", ""Sample amenity 3"", ""Sample amenity 4"", ""Sample amenity 5"", ""Sample amenity 6"", ""Sample amenity 7"", ""Sample amenity 8"", ""Sample amenity 9"", ""Sample amenity 10"", ""Sample amenity 11"", ""Sample amenity 12"", ""Sample amenity 13"", ""Sample amenity 14"", ""Sample amenity 15""]",835.75
Rio de Janeiro,Synthetic District 2,Guest suite,Entire place,t,f,t,-22.906302,-43.204324,3,2,6,78,3,"[""Sample amenity 1"", ""Sample amenity 2"", ""Sample amenity 3"", ""Sample amenity 4"", ""Sample amenity 5"", ""Sample amenity 6"", ""Sample amenity 7"", ""Sample amenity 8"", ""Sample amenity 9"", ""Sample amenity 10"", ""Sample amenity 11"", ""Sample amenity 12"", ""Sample amenity 13"", ""Sample amenity 14"", ""Sample amenity 15"", ""Sample amenity 16""]",891.73
Rio de Janeiro,Synthetic District 3,Entire apartment,Private room,f,f,t,-22.905112,-43.13958,4,2,7,79,4,"[""Sample amenity 1"", ""Sample amenity 2"", ""Sample amenity 3"", ""Sample amenity 4"", ""Sample amenity 5"", ""Sample amenity 6"", ""Sample amenity 7"", ""Sample amenity 8"", ""Sample amenity 9"", ""Sample amenity 10"", ""Sample amenity 11"", ""Sample amenity 12"", ""Sample amenity 13"", ""Sample amenity 14"", ""Sample amenity 15"", ""Sample amenity 16"", ""Sample amenity 17""]",856.3
Rio de Janeiro,Synthetic District 4,House,Entire place,t,t,t,-22.935401,-43.188883,5,3,1,80,5,"[""Sample amenity 1"", ""Sample amenity 2"", ""Sample amenity 3"", ""Sample amenity 4""]",977.05
Rio de Janeiro,Synthetic District 5,Guest suite,Entire place,f,f,t,-22.899131,-43.209823,6,3,2,81,6,"[""Sample amenity 1"", ""Sample amenity 2"", ""Sample amenity 3"", ""Sample amenity 4"", ""Sample amenity 5""]",1066.48
Rio de Janeiro,Synthetic District 1,Entire apartment,Private room,t,f,f,-22.888522,-43.20384,1,1,3,82,7,"[""Sample amenity 1"", ""Sample amenity 2"", ""Sample amenity 3"", ""Sample amenity 4"", ""Sample amenity 5"", ""Sample amenity 6""]",548.74
Rio de Janeiro,Synthetic District 2,House,Entire place,f,f,t,-22.944331,-43.207569,2,1,4,83,8,"[""Sample amenity 1"", ""Sample amenity 2"", ""Sample amenity 3"", ""Sample amenity 4"", ""Sample amenity 5"", ""Sample amenity 6"", ""Sample amenity 7""]",762.21
Rio de Janeiro,Synthetic District 3,Guest suite,Entire place,t,t,t,-22.937857,-43.201825,3,2,5,84,1,"[""Sample amenity 1"", ""Sample amenity 2"", ""Sample amenity 3"", ""Sample amenity 4"", ""Sample amenity 5"", ""Sample amenity 6"", ""Sample amenity 7"", ""Sample amenity 8""]",887.89
Rio de Janeiro,Synthetic District 4,Entire apartment,Private room,f,f,t,-22.930423,-43.153341,4,2,6,85,2,"[""Sample amenity 1"", ""Sample amenity 2"", ""Sample amenity 3"", ""Sample amenity 4"", ""Sample amenity 5"", ""Sample amenity 6"", ""Sample amenity 7"", ""Sample amenity 8"", ""Sample amenity 9""]",833.55
Rio de Janeiro,Synthetic District 5,House,Entire place,t,f,t,-22.892014,-43.140791,5,3,7,86,3,"[""Sample amenity 1"", ""Sample amenity 2"", ""Sample amenity 3"", ""Sample amenity 4"", ""Sample amenity 5"", ""Sample amenity 6"", ""Sample amenity 7"", ""Sample amenity 8"", ""Sample amenity 9"", ""Sample amenity 10""]",1021.44
Rio de Janeiro,Synthetic District 1,Guest suite,Entire place,f,f,f,-22.920781,-43.16037,6,3,1,87,4,"[""Sample amenity 1"", ""Sample amenity 2"", ""Sample amenity 3"", ""Sample amenity 4"", ""Sample amenity 5"", ""Sample amenity 6"", ""Sample amenity 7"", ""Sample amenity 8"", ""Sample amenity 9"", ""Sample amenity 10"", ""Sample amenity 11""]",1108.4
Rio de Janeiro,Synthetic District 2,Entire apartment,Private room,t,t,t,-22.943282,-43.197893,1,1,2,88,5,"[""Sample amenity 1"", ""Sample amenity 2"", ""Sample amenity 3"", ""Sample amenity 4"", ""Sample amenity 5"", ""Sample amenity 6"", ""Sample amenity 7"", ""Sample amenity 8"", ""Sample amenity 9"", ""Sample amenity 10"", ""Sample amenity 11"", ""Sample amenity 12""]",643.02
Rio de Janeiro,Synthetic District 3,House,Entire place,f,f,t,-22.944245,-43.156174,2,1,3,89,6,"[""Sample amenity 1"", ""Sample amenity 2"", ""Sample amenity 3"", ""Sample amenity 4"", ""Sample amenity 5"", ""Sample amenity 6"", ""Sample amenity 7"", ""Sample amenity 8"", ""Sample amenity 9"", ""Sample amenity 10"", ""Sample amenity 11"", ""Sample amenity 12"", ""Sample amenity 13""]",807.45
Rio de Janeiro,Synthetic District 4,Guest suite,Entire place,t,f,t,-22.869289,-43.138372,3,2,4,90,7,"[""Sample amenity 1"", ""Sample amenity 2"", ""Sample amenity 3"", ""Sample amenity 4"", ""Sample amenity 5"", ""Sample amenity 6"", ""Sample amenity 7"", ""Sample amenity 8"", ""Sample amenity 9"", ""Sample amenity 10"", ""Sample amenity 11"", ""Sample amenity 12"", ""Sample amenity 13"", ""Sample amenity 14""]",879.66
Rio de Janeiro,Synthetic District 5,Entire apartment,Private room,f,f,t,-22.942272,-43.199783,4,2,5,91,8,"[""Sample amenity 1"", ""Sample amenity 2"", ""Sample amenity 3"", ""Sample amenity 4"", ""Sample amenity 5"", ""Sample amenity 6"", ""Sample amenity 7"", ""Sample amenity 8"", ""Sample amenity 9"", ""Sample amenity 10"", ""Sample amenity 11"", ""Sample amenity 12"", ""Sample amenity 13"", ""Sample amenity 14"", ""Sample amenity 15""]",820.98
Rio de Janeiro,Synthetic District 1,House,Entire place,t,t,f,-22.912152,-43.181701,5,3,6,92,1,"[""Sample amenity 1"", ""Sample amenity 2"", ""Sample amenity 3"", ""Sample amenity 4"", ""Sample amenity 5"", ""Sample amenity 6"", ""Sample amenity 7"", ""Sample amenity 8"", ""Sample amenity 9"", ""Sample amenity 10"", ""Sample amenity 11"", ""Sample amenity 12"", ""Sample amenity 13"", ""Sample amenity 14"", ""Sample amenity 15"", ""Sample amenity 16""]",1067.84
Rio de Janeiro,Synthetic District 2,Guest suite,Entire place,f,f,t,-22.924445,-43.150438,6,3,7,93,2,"[""Sample amenity 1"", ""Sample amenity 2"", ""Sample amenity 3"", ""Sample amenity 4"", ""Sample amenity 5"", ""Sample amenity 6"", ""Sample amenity 7"", ""Sample amenity 8"", ""Sample amenity 9"", ""Sample amenity 10"", ""Sample amenity 11"", ""Sample amenity 12"", ""Sample amenity 13"", ""Sample amenity 14"", ""Sample amenity 15"", ""Sample amenity 16"", ""Sample amenity 17""]",1123.35
Rio de Janeiro,Synthetic District 3,Entire apartment,Private room,t,f,t,-22.931378,-43.160076,1,1,1,94,3,"[""Sample amenity 1"", ""Sample amenity 2"", ""Sample amenity 3"", ""Sample amenity 4""]",512.4
Rio de Janeiro,Synthetic District 4,House,Entire place,f,f,t,-22.888879,-43.208769,2,1,2,95,4,"[""Sample amenity 1"", ""Sample amenity 2"", ""Sample amenity 3"", ""Sample amenity 4"", ""Sample amenity 5""]",705.34
Rio de Janeiro,Synthetic District 5,Guest suite,Entire place,t,t,t,-22.907626,-43.179191,3,2,3,96,5,"[""Sample amenity 1"", ""Sample amenity 2"", ""Sample amenity 3"", ""Sample amenity 4"", ""Sample amenity 5"", ""Sample amenity 6""]",872.07
Rio de Janeiro,Synthetic District 1,Entire apartment,Private room,f,f,f,-22.88237,-43.149545,4,2,4,97,6,"[""Sample amenity 1"", ""Sample amenity 2"", ""Sample amenity 3"", ""Sample amenity 4"", ""Sample amenity 5"", ""Sample amenity 6"", ""Sample amenity 7""]",806.86
Rio de Janeiro,Synthetic District 2,House,Entire place,t,f,t,-22.913408,-43.16997,5,3,5,98,7,"[""Sample amenity 1"", ""Sample amenity 2"", ""Sample amenity 3"", ""Sample amenity 4"", ""Sample amenity 5"", ""Sample amenity 6"", ""Sample amenity 7"", ""Sample amenity 8""]",991.69
Rio de Janeiro,Synthetic District 3,Guest suite,Entire place,f,f,t,-22.894585,-43.208245,6,3,6,99,8,"[""Sample amenity 1"", ""Sample amenity 2"", ""Sample amenity 3"", ""Sample amenity 4"", ""Sample amenity 5"", ""Sample amenity 6"", ""Sample amenity 7"", ""Sample amenity 8"", ""Sample amenity 9""]",1118.44
Rio de Janeiro,Synthetic District 4,Entire apartment,Private room,t,t,t,-22.945915,-43.15447,1,1,7,76,1,"[""Sample amenity 1"", ""Sample amenity 2"", ""Sample amenity 3"", ""Sample amenity 4"", ""Sample amenity 5"", ""Sample amenity 6"", ""Sample amenity 7"", ""Sample amenity 8"", ""Sample amenity 9"", ""Sample amenity 10""]",554.02
Rio de Janeiro,Synthetic District 5,House,Entire place,f,f,t,-22.880628,-43.20274,2,1,1,77,2,"[""Sample amenity 1"", ""Sample amenity 2"", ""Sample amenity 3"", ""Sample amenity 4"", ""Sample amenity 5"", ""Sample amenity 6"", ""Sample amenity 7"", ""Sample amenity 8"", ""Sample amenity 9"", ""Sample amenity 10"", ""Sample amenity 11""]",761.48
Rome,Synthetic District 1,Entire apartment,Private room,t,t,f,41.926164,12.462399,1,1,1,76,1,"[""Sample amenity 1"", ""Sample amenity 2"", ""Sample amenity 3"", ""Sample amenity 4""]",87.24
Rome,Synthetic District 2,House,Entire place,f,f,t,41.918692,12.457947,2,1,2,77,2,"[""Sample amenity 1"", ""Sample amenity 2"", ""Sample amenity 3"", ""Sample amenity 4"", ""Sample amenity 5""]",127.59
Rome,Synthetic District 3,Guest suite,Entire place,t,f,t,41.906337,12.477223,3,2,3,78,3,"[""Sample amenity 1"", ""Sample amenity 2"", ""Sample amenity 3"", ""Sample amenity 4"", ""Sample amenity 5"", ""Sample amenity 6""]",136.13
Rome,Synthetic District 4,Entire apartment,Private room,f,f,t,41.917045,12.526199,4,2,4,79,4,"[""Sample amenity 1"", ""Sample amenity 2"", ""Sample amenity 3"", ""Sample amenity 4"", ""Sample amenity 5"", ""Sample amenity 6"", ""Sample amenity 7""]",129.13
Rome,Synthetic District 5,House,Entire place,t,t,t,41.890248,12.471163,5,3,5,80,5,"[""Sample amenity 1"", ""Sample amenity 2"", ""Sample amenity 3"", ""Sample amenity 4"", ""Sample amenity 5"", ""Sample amenity 6"", ""Sample amenity 7"", ""Sample amenity 8""]",174.72
Rome,Synthetic District 1,Guest suite,Entire place,f,f,f,41.876347,12.500831,6,3,6,81,6,"[""Sample amenity 1"", ""Sample amenity 2"", ""Sample amenity 3"", ""Sample amenity 4"", ""Sample amenity 5"", ""Sample amenity 6"", ""Sample amenity 7"", ""Sample amenity 8"", ""Sample amenity 9""]",180.11
Rome,Synthetic District 2,Entire apartment,Private room,t,f,t,41.865108,12.534749,1,1,7,82,7,"[""Sample amenity 1"", ""Sample amenity 2"", ""Sample amenity 3"", ""Sample amenity 4"", ""Sample amenity 5"", ""Sample amenity 6"", ""Sample amenity 7"", ""Sample amenity 8"", ""Sample amenity 9"", ""Sample amenity 10""]",92.13
Rome,Synthetic District 3,House,Entire place,f,f,t,41.897392,12.491326,2,1,1,83,8,"[""Sample amenity 1"", ""Sample amenity 2"", ""Sample amenity 3"", ""Sample amenity 4"", ""Sample amenity 5"", ""Sample amenity 6"", ""Sample amenity 7"", ""Sample amenity 8"", ""Sample amenity 9"", ""Sample amenity 10"", ""Sample amenity 11""]",135.78
Rome,Synthetic District 4,Guest suite,Entire place,t,t,t,41.903207,12.486343,3,2,2,84,1,"[""Sample amenity 1"", ""Sample amenity 2"", ""Sample amenity 3"", ""Sample amenity 4"", ""Sample amenity 5"", ""Sample amenity 6"", ""Sample amenity 7"", ""Sample amenity 8"", ""Sample amenity 9"", ""Sample amenity 10"", ""Sample amenity 11"", ""Sample amenity 12""]",160.68
Rome,Synthetic District 5,Entire apartment,Private room,f,f,t,41.88677,12.508972,4,2,3,85,2,"[""Sample amenity 1"", ""Sample amenity 2"", ""Sample amenity 3"", ""Sample amenity 4"", ""Sample amenity 5"", ""Sample amenity 6"", ""Sample amenity 7"", ""Sample amenity 8"", ""Sample amenity 9"", ""Sample amenity 10"", ""Sample amenity 11"", ""Sample amenity 12"", ""Sample amenity 13""]",141.9
Rome,Synthetic District 1,House,Entire place,t,f,f,41.911884,12.525247,5,3,4,86,3,"[""Sample amenity 1"", ""Sample amenity 2"", ""Sample amenity 3"", ""Sample amenity 4"", ""Sample amenity 5"", ""Sample amenity 6"", ""Sample amenity 7"", ""Sample amenity 8"", ""Sample amenity 9"", ""Sample amenity 10"", ""Sample amenity 11"", ""Sample amenity 12"", ""Sample amenity 13"", ""Sample amenity 14""]",173.58
Rome,Synthetic District 2,Guest suite,Entire place,f,f,t,41.917159,12.479829,6,3,5,87,4,"[""Sample amenity 1"", ""Sample amenity 2"", ""Sample amenity 3"", ""Sample amenity 4"", ""Sample amenity 5"", ""Sample amenity 6"", ""Sample amenity 7"", ""Sample amenity 8"", ""Sample amenity 9"", ""Sample amenity 10"", ""Sample amenity 11"", ""Sample amenity 12"", ""Sample amenity 13"", ""Sample amenity 14"", ""Sample amenity 15""]",191.47
Rome,Synthetic District 3,Entire apartment,Private room,t,t,t,41.902646,12.491555,1,1,6,88,5,"[""Sample amenity 1"", ""Sample amenity 2"", ""Sample amenity 3"", ""Sample amenity 4"", ""Sample amenity 5"", ""Sample amenity 6"", ""Sample amenity 7"", ""Sample amenity 8"", ""Sample amenity 9"", ""Sample amenity 10"", ""Sample amenity 11"", ""Sample amenity 12"", ""Sample amenity 13"", ""Sample amenity 14"", ""Sample amenity 15"", ""Sample amenity 16""]",115.3
Rome,Synthetic District 4,House,Entire place,f,f,t,41.888789,12.510183,2,1,7,89,6,"[""Sample amenity 1"", ""Sample amenity 2"", ""Sample amenity 3"", ""Sample amenity 4"", ""Sample amenity 5"", ""Sample amenity 6"", ""Sample amenity 7"", ""Sample amenity 8"", ""Sample amenity 9"", ""Sample amenity 10"", ""Sample amenity 11"", ""Sample amenity 12"", ""Sample amenity 13"", ""Sample amenity 14"", ""Sample amenity 15"", ""Sample amenity 16"", ""Sample amenity 17""]",142.58
Rome,Synthetic District 5,Guest suite,Entire place,t,f,t,41.933217,12.510394,3,2,1,90,7,"[""Sample amenity 1"", ""Sample amenity 2"", ""Sample amenity 3"", ""Sample amenity 4""]",130.71
Rome,Synthetic District 1,Entire apartment,Private room,f,f,f,41.900223,12.511842,4,2,2,91,8,"[""Sample amenity 1"", ""Sample amenity 2"", ""Sample amenity 3"", ""Sample amenity 4"", ""Sample amenity 5""]",134.78
Rome,Synthetic District 2,House,Entire place,t,t,t,41.889528,12.476181,5,3,3,92,1,"[""Sample amenity 1"", ""Sample amenity 2"", ""Sample amenity 3"", ""Sample amenity 4"", ""Sample amenity 5"", ""Sample amenity 6""]",175.0
Rome,Synthetic District 3,Guest suite,Entire place,f,f,t,41.885638,12.493622,6,3,4,93,2,"[""Sample amenity 1"", ""Sample amenity 2"", ""Sample amenity 3"", ""Sample amenity 4"", ""Sample amenity 5"", ""Sample amenity 6"", ""Sample amenity 7""]",177.59
Rome,Synthetic District 4,Entire apartment,Private room,t,f,t,41.927634,12.500911,1,1,5,94,3,"[""Sample amenity 1"", ""Sample amenity 2"", ""Sample amenity 3"", ""Sample amenity 4"", ""Sample amenity 5"", ""Sample amenity 6"", ""Sample amenity 7"", ""Sample amenity 8""]",87.3
Rome,Synthetic District 5,House,Entire place,f,f,t,41.891357,12.529649,2,1,6,95,4,"[""Sample amenity 1"", ""Sample amenity 2"", ""Sample amenity 3"", ""Sample amenity 4"", ""Sample amenity 5"", ""Sample amenity 6"", ""Sample amenity 7"", ""Sample amenity 8"", ""Sample amenity 9""]",129.13
Rome,Synthetic District 1,Guest suite,Entire place,t,t,f,41.925706,12.512138,3,2,7,96,5,"[""Sample amenity 1"", ""Sample amenity 2"", ""Sample amenity 3"", ""Sample amenity 4"", ""Sample amenity 5"", ""Sample amenity 6"", ""Sample amenity 7"", ""Sample amenity 8"", ""Sample amenity 9"", ""Sample amenity 10""]",154.02
Rome,Synthetic District 2,Entire apartment,Private room,f,f,t,41.876627,12.472957,4,2,1,97,6,"[""Sample amenity 1"", ""Sample amenity 2"", ""Sample amenity 3"", ""Sample amenity 4"", ""Sample amenity 5"", ""Sample amenity 6"", ""Sample amenity 7"", ""Sample amenity 8"", ""Sample amenity 9"", ""Sample amenity 10"", ""Sample amenity 11""]",132.91
Rome,Synthetic District 3,House,Entire place,t,f,t,41.878179,12.488061,5,3,2,98,7,"[""Sample amenity 1"", ""Sample amenity 2"", ""Sample amenity 3"", ""Sample amenity 4"", ""Sample amenity 5"", ""Sample amenity 6"", ""Sample amenity 7"", ""Sample amenity 8"", ""Sample amenity 9"", ""Sample amenity 10"", ""Sample amenity 11"", ""Sample amenity 12""]",181.56
Rome,Synthetic District 4,Guest suite,Entire place,f,f,t,41.887753,12.486295,6,3,3,99,8,"[""Sample amenity 1"", ""Sample amenity 2"", ""Sample amenity 3"", ""Sample amenity 4"", ""Sample amenity 5"", ""Sample amenity 6"", ""Sample amenity 7"", ""Sample amenity 8"", ""Sample amenity 9"", ""Sample amenity 10"", ""Sample amenity 11"", ""Sample amenity 12"", ""Sample amenity 13""]",190.16
Rome,Synthetic District 5,Entire apartment,Private room,t,t,t,41.875031,12.519233,1,1,4,76,1,"[""Sample amenity 1"", ""Sample amenity 2"", ""Sample amenity 3"", ""Sample amenity 4"", ""Sample amenity 5"", ""Sample amenity 6"", ""Sample amenity 7"", ""Sample amenity 8"", ""Sample amenity 9"", ""Sample amenity 10"", ""Sample amenity 11"", ""Sample amenity 12"", ""Sample amenity 13"", ""Sample amenity 14""]",110.33
Rome,Synthetic District 1,House,Entire place,f,f,f,41.873969,12.52056,2,1,5,77,2,"[""Sample amenity 1"", ""Sample amenity 2"", ""Sample amenity 3"", ""Sample amenity 4"", ""Sample amenity 5"", ""Sample amenity 6"", ""Sample amenity 7"", ""Sample amenity 8"", ""Sample amenity 9"", ""Sample amenity 10"", ""Sample amenity 11"", ""Sample amenity 12"", ""Sample amenity 13"", ""Sample amenity 14"", ""Sample amenity 15""]",143.47
Rome,Synthetic District 2,Guest suite,Entire place,t,f,t,41.92938,12.459863,3,2,6,78,3,"[""Sample amenity 1"", ""Sample amenity 2"", ""Sample amenity 3"", ""Sample amenity 4"", ""Sample amenity 5"", ""Sample amenity 6"", ""Sample amenity 7"", ""Sample amenity 8"", ""Sample amenity 9"", ""Sample amenity 10"", ""Sample amenity 11"", ""Sample amenity 12"", ""Sample amenity 13"", ""Sample amenity 14"", ""Sample amenity 15"", ""Sample amenity 16""]",154.54
Rome,Synthetic District 3,Entire apartment,Private room,f,f,t,41.905738,12.470665,4,2,7,79,4,"[""Sample amenity 1"", ""Sample amenity 2"", ""Sample amenity 3"", ""Sample amenity 4"", ""Sample amenity 5"", ""Sample amenity 6"", ""Sample amenity 7"", ""Sample amenity 8"", ""Sample amenity 9"", ""Sample amenity 10"", ""Sample amenity 11"", ""Sample amenity 12"", ""Sample amenity 13"", ""Sample amenity 14"", ""Sample amenity 15"", ""Sample amenity 16"", ""Sample amenity 17""]",145.17
Rome,Synthetic District 4,House,Entire place,t,t,t,41.891395,12.521885,5,3,1,80,5,"[""Sample amenity 1"", ""Sample amenity 2"", ""Sample amenity 3"", ""Sample amenity 4""]",167.49
Rome,Synthetic District 5,Guest suite,Entire place,f,f,t,41.904355,12.486596,6,3,2,81,6,"[""Sample amenity 1"", ""Sample amenity 2"", ""Sample amenity 3"", ""Sample amenity 4"", ""Sample amenity 5""]",176.0
Rome,Synthetic District 1,Entire apartment,Private room,t,f,f,41.904837,12.490292,1,1,3,82,7,"[""Sample amenity 1"", ""Sample amenity 2"", ""Sample amenity 3"", ""Sample amenity 4"", ""Sample amenity 5"", ""Sample amenity 6""]",82.33
Rome,Synthetic District 2,House,Entire place,f,f,t,41.864452,12.498489,2,1,4,83,8,"[""Sample amenity 1"", ""Sample amenity 2"", ""Sample amenity 3"", ""Sample amenity 4"", ""Sample amenity 5"", ""Sample amenity 6"", ""Sample amenity 7""]",130.11
Rome,Synthetic District 3,Guest suite,Entire place,t,t,t,41.931,12.470708,3,2,5,84,1,"[""Sample amenity 1"", ""Sample amenity 2"", ""Sample amenity 3"", ""Sample amenity 4"", ""Sample amenity 5"", ""Sample amenity 6"", ""Sample amenity 7"", ""Sample amenity 8""]",142.81
Rome,Synthetic District 4,Entire apartment,Private room,f,f,t,41.909838,12.482306,4,2,6,85,2,"[""Sample amenity 1"", ""Sample amenity 2"", ""Sample amenity 3"", ""Sample amenity 4"", ""Sample amenity 5"", ""Sample amenity 6"", ""Sample amenity 7"", ""Sample amenity 8"", ""Sample amenity 9""]",129.69
Rome,Synthetic District 5,House,Entire place,t,f,t,41.897812,12.459762,5,3,7,86,3,"[""Sample amenity 1"", ""Sample amenity 2"", ""Sample amenity 3"", ""Sample amenity 4"", ""Sample amenity 5"", ""Sample amenity 6"", ""Sample amenity 7"", ""Sample amenity 8"", ""Sample amenity 9"", ""Sample amenity 10""]",175.99
Rome,Synthetic District 1,Guest suite,Entire place,f,f,f,41.926221,12.518932,6,3,1,87,4,"[""Sample amenity 1"", ""Sample amenity 2"", ""Sample amenity 3"", ""Sample amenity 4"", ""Sample amenity 5"", ""Sample amenity 6"", ""Sample amenity 7"", ""Sample amenity 8"", ""Sample amenity 9"", ""Sample amenity 10"", ""Sample amenity 11""]",186.06
Rome,Synthetic District 2,Entire apartment,Private room,t,t,t,41.911923,12.478627,1,1,2,88,5,"[""Sample amenity 1"", ""Sample amenity 2"", ""Sample amenity 3"", ""Sample amenity 4"", ""Sample amenity 5"", ""Sample amenity 6"", ""Sample amenity 7"", ""Sample amenity 8"", ""Sample amenity 9"", ""Sample amenity 10"", ""Sample amenity 11"", ""Sample amenity 12""]",101.77
Rome,Synthetic District 3,House,Entire place,f,f,t,41.8629,12.457719,2,1,3,89,6,"[""Sample amenity 1"", ""Sample amenity 2"", ""Sample amenity 3"", ""Sample amenity 4"", ""Sample amenity 5"", ""Sample amenity 6"", ""Sample amenity 7"", ""Sample amenity 8"", ""Sample amenity 9"", ""Sample amenity 10"", ""Sample amenity 11"", ""Sample amenity 12"", ""Sample amenity 13""]",136.32
Rome,Synthetic District 4,Guest suite,Entire place,t,f,t,41.890341,12.465628,3,2,4,90,7,"[""Sample amenity 1"", ""Sample amenity 2"", ""Sample amenity 3"", ""Sample amenity 4"", ""Sample amenity 5"", ""Sample amenity 6"", ""Sample amenity 7"", ""Sample amenity 8"", ""Sample amenity 9"", ""Sample amenity 10"", ""Sample amenity 11"", ""Sample amenity 12"", ""Sample amenity 13"", ""Sample amenity 14""]",154.88
Rome,Synthetic District 5,Entire apartment,Private room,f,f,t,41.901345,12.514412,4,2,5,91,8,"[""Sample amenity 1"", ""Sample amenity 2"", ""Sample amenity 3"", ""Sample amenity 4"", ""Sample amenity 5"", ""Sample amenity 6"", ""Sample amenity 7"", ""Sample amenity 8"", ""Sample amenity 9"", ""Sample amenity 10"", ""Sample amenity 11"", ""Sample amenity 12"", ""Sample amenity 13"", ""Sample amenity 14"", ""Sample amenity 15""]",141.48
Rome,Synthetic District 1,House,Entire place,t,t,f,41.942306,12.478642,5,3,6,92,1,"[""Sample amenity 1"", ""Sample amenity 2"", ""Sample amenity 3"", ""Sample amenity 4"", ""Sample amenity 5"", ""Sample amenity 6"", ""Sample amenity 7"", ""Sample amenity 8"", ""Sample amenity 9"", ""Sample amenity 10"", ""Sample amenity 11"", ""Sample amenity 12"", ""Sample amenity 13"", ""Sample amenity 14"", ""Sample amenity 15"", ""Sample amenity 16""]",185.24
Rome,Synthetic District 2,Guest suite,Entire place,f,f,t,41.87292,12.503695,6,3,7,93,2,"[""Sample amenity 1"", ""Sample amenity 2"", ""Sample amenity 3"", ""Sample amenity 4"", ""Sample amenity 5"", ""Sample amenity 6"", ""Sample amenity 7"", ""Sample amenity 8"", ""Sample amenity 9"", ""Sample amenity 10"", ""Sample amenity 11"", ""Sample amenity 12"", ""Sample amenity 13"", ""Sample amenity 14"", ""Sample amenity 15"", ""Sample amenity 16"", ""Sample amenity 17""]",202.79
Rome,Synthetic District 3,Entire apartment,Private room,t,f,t,41.902572,12.493803,1,1,1,94,3,"[""Sample amenity 1"", ""Sample amenity 2"", ""Sample amenity 3"", ""Sample amenity 4""]",81.14
Rome,Synthetic District 4,House,Entire place,f,f,t,41.916732,12.506448,2,1,2,95,4,"[""Sample amenity 1"", ""Sample amenity 2"", ""Sample amenity 3"", ""Sample amenity 4"", ""Sample amenity 5""]",120.16
Rome,Synthetic District 5,Guest suite,Entire place,t,t,t,41.874414,12.529091,3,2,3,96,5,"[""Sample amenity 1"", ""Sample amenity 2"", ""Sample amenity 3"", ""Sample amenity 4"", ""Sample amenity 5"", ""Sample amenity 6""]",145.42
Rome,Synthetic District 1,Entire apartment,Private room,f,f,f,41.892728,12.47538,4,2,4,97,6,"[""Sample amenity 1"", ""Sample amenity 2"", ""Sample amenity 3"", ""Sample amenity 4"", ""Sample amenity 5"", ""Sample amenity 6"", ""Sample amenity 7""]",138.15
Rome,Synthetic District 2,House,Entire place,t,f,t,41.883093,12.473484,5,3,5,98,7,"[""Sample amenity 1"", ""Sample amenity 2"", ""Sample amenity 3"", ""Sample amenity 4"", ""Sample amenity 5"", ""Sample amenity 6"", ""Sample amenity 7"", ""Sample amenity 8""]",164.34
Rome,Synthetic District 3,Guest suite,Entire place,f,f,t,41.911089,12.460925,6,3,6,99,8,"[""Sample amenity 1"", ""Sample amenity 2"", ""Sample amenity 3"", ""Sample amenity 4"", ""Sample amenity 5"", ""Sample amenity 6"", ""Sample amenity 7"", ""Sample amenity 8"", ""Sample amenity 9""]",183.24
Rome,Synthetic District 4,Entire apartment,Private room,t,t,t,41.940345,12.521574,1,1,7,76,1,"[""Sample amenity 1"", ""Sample amenity 2"", ""Sample amenity 3"", ""Sample amenity 4"", ""Sample amenity 5"", ""Sample amenity 6"", ""Sample amenity 7"", ""Sample amenity 8"", ""Sample amenity 9"", ""Sample amenity 10""]",98.77
Rome,Synthetic District 5,House,Entire place,f,f,t,41.871969,12.519827,2,1,1,77,2,"[""Sample amenity 1"", ""Sample amenity 2"", ""Sample amenity 3"", ""Sample amenity 4"", ""Sample amenity 5"", ""Sample amenity 6"", ""Sample amenity 7"", ""Sample amenity 8"", ""Sample amenity 9"", ""Sample amenity 10"", ""Sample amenity 11""]",126.3
Sydney,Synthetic District 1,Entire apartment,Private room,t,t,f,-33.879361,151.241175,1,1,1,76,1,"[""Sample amenity 1"", ""Sample amenity 2"", ""Sample amenity 3"", ""Sample amenity 4""]",157.22
Sydney,Synthetic District 2,House,Entire place,f,f,t,-33.834972,151.232505,2,1,2,77,2,"[""Sample amenity 1"", ""Sample amenity 2"", ""Sample amenity 3"", ""Sample amenity 4"", ""Sample amenity 5""]",207.61
Sydney,Synthetic District 3,Guest suite,Entire place,t,f,t,-33.857541,151.212244,3,2,3,78,3,"[""Sample amenity 1"", ""Sample amenity 2"", ""Sample amenity 3"", ""Sample amenity 4"", ""Sample amenity 5"", ""Sample amenity 6""]",241.97
Sydney,Synthetic District 4,Entire apartment,Private room,f,f,t,-33.853244,151.23224,4,2,4,79,4,"[""Sample amenity 1"", ""Sample amenity 2"", ""Sample amenity 3"", ""Sample amenity 4"", ""Sample amenity 5"", ""Sample amenity 6"", ""Sample amenity 7""]",223.56
Sydney,Synthetic District 5,House,Entire place,t,t,t,-33.842525,151.195834,5,3,5,80,5,"[""Sample amenity 1"", ""Sample amenity 2"", ""Sample amenity 3"", ""Sample amenity 4"", ""Sample amenity 5"", ""Sample amenity 6"", ""Sample amenity 7"", ""Sample amenity 8""]",300.29
Sydney,Synthetic District 1,Guest suite,Entire place,f,f,f,-33.883474,151.232047,6,3,6,81,6,"[""Sample amenity 1"", ""Sample amenity 2"", ""Sample amenity 3"", ""Sample amenity 4"", ""Sample amenity 5"", ""Sample amenity 6"", ""Sample amenity 7"", ""Sample amenity 8"", ""Sample amenity 9""]",324.43
Sydney,Synthetic District 2,Entire apartment,Private room,t,f,t,-33.862024,151.246254,1,1,7,82,7,"[""Sample amenity 1"", ""Sample amenity 2"", ""Sample amenity 3"", ""Sample amenity 4"", ""Sample amenity 5"", ""Sample amenity 6"", ""Sample amenity 7"", ""Sample amenity 8"", ""Sample amenity 9"", ""Sample amenity 10""]",176.57
Sydney,Synthetic District 3,House,Entire place,f,f,t,-33.881028,151.209606,2,1,1,83,8,"[""Sample amenity 1"", ""Sample amenity 2"", ""Sample amenity 3"", ""Sample amenity 4"", ""Sample amenity 5"", ""Sample amenity 6"", ""Sample amenity 7"", ""Sample amenity 8"", ""Sample amenity 9"", ""Sample amenity 10"", ""Sample amenity 11""]",236.9
Sydney,Synthetic District 4,Guest suite,Entire place,t,t,t,-33.898611,151.192488,3,2,2,84,1,"[""Sample amenity 1"", ""Sample amenity 2"", ""Sample amenity 3"", ""Sample amenity 4"", ""Sample amenity 5"", ""Sample amenity 6"", ""Sample amenity 7"", ""Sample amenity 8"", ""Sample amenity 9"", ""Sample amenity 10"", ""Sample amenity 11"", ""Sample amenity 12""]",273.01
Sydney,Synthetic District 5,Entire apartment,Private room,f,f,t,-33.829681,151.188468,4,2,3,85,2,"[""Sample amenity 1"", ""Sample amenity 2"", ""Sample amenity 3"", ""Sample amenity 4"", ""Sample amenity 5"", ""Sample amenity 6"", ""Sample amenity 7"", ""Sample amenity 8"", ""Sample amenity 9"", ""Sample amenity 10"", ""Sample amenity 11"", ""Sample amenity 12"", ""Sample amenity 13""]",248.25
Sydney,Synthetic District 1,House,Entire place,t,f,f,-33.907334,151.183343,5,3,4,86,3,"[""Sample amenity 1"", ""Sample amenity 2"", ""Sample amenity 3"", ""Sample amenity 4"", ""Sample amenity 5"", ""Sample amenity 6"", ""Sample amenity 7"", ""Sample amenity 8"", ""Sample amenity 9"", ""Sample amenity 10"", ""Sample amenity 11"", ""Sample amenity 12"", ""Sample amenity 13"", ""Sample amenity 14""]",312.01
Sydney,Synthetic District 2,Guest suite,Entire place,f,f,t,-33.83084,151.229558,6,3,5,87,4,"[""Sample amenity 1"", ""Sample amenity 2"", ""Sample amenity 3"", ""Sample amenity 4"", ""Sample amenity 5"", ""Sample amenity 6"", ""Sample amenity 7"", ""Sample amenity 8"", ""Sample amenity 9"", ""Sample amenity 10"", ""Sample amenity 11"", ""Sample amenity 12"", ""Sample amenity 13"", ""Sample amenity 14"", ""Sample amenity 15""]",351.82
Sydney,Synthetic District 3,Entire apartment,Private room,t,t,t,-33.856383,151.195328,1,1,6,88,5,"[""Sample amenity 1"", ""Sample amenity 2"", ""Sample amenity 3"", ""Sample amenity 4"", ""Sample amenity 5"", ""Sample amenity 6"", ""Sample amenity 7"", ""Sample amenity 8"", ""Sample amenity 9"", ""Sample amenity 10"", ""Sample amenity 11"", ""Sample amenity 12"", ""Sample amenity 13"", ""Sample amenity 14"", ""Sample amenity 15"", ""Sample amenity 16""]",185.64
Sydney,Synthetic District 4,House,Entire place,f,f,t,-33.866429,151.210846,2,1,7,89,6,"[""Sample amenity 1"", ""Sample amenity 2"", ""Sample amenity 3"", ""Sample amenity 4"", ""Sample amenity 5"", ""Sample amenity 6"", ""Sample amenity 7"", ""Sample amenity 8"", ""Sample amenity 9"", ""Sample amenity 10"", ""Sample amenity 11"", ""Sample amenity 12"", ""Sample amenity 13"", ""Sample amenity 14"", ""Sample amenity 15"", ""Sample amenity 16"", ""Sample amenity 17""]",249.24
Sydney,Synthetic District 5,Guest suite,Entire place,t,f,t,-33.905745,151.214482,3,2,1,90,7,"[""Sample amenity 1"", ""Sample amenity 2"", ""Sample amenity 3"", ""Sample amenity 4""]",251.41
Sydney,Synthetic District 1,Entire apartment,Private room,f,f,f,-33.837446,151.184686,4,2,2,91,8,"[""Sample amenity 1"", ""Sample amenity 2"", ""Sample amenity 3"", ""Sample amenity 4"", ""Sample amenity 5""]",229.82
Sydney,Synthetic District 2,House,Entire place,t,t,t,-33.835518,151.22872,5,3,3,92,1,"[""Sample amenity 1"", ""Sample amenity 2"", ""Sample amenity 3"", ""Sample amenity 4"", ""Sample amenity 5"", ""Sample amenity 6""]",313.0
Sydney,Synthetic District 3,Guest suite,Entire place,f,f,t,-33.839958,151.230996,6,3,4,93,2,"[""Sample amenity 1"", ""Sample amenity 2"", ""Sample amenity 3"", ""Sample amenity 4"", ""Sample amenity 5"", ""Sample amenity 6"", ""Sample amenity 7""]",333.69
Sydney,Synthetic District 4,Entire apartment,Private room,t,f,t,-33.872992,151.177282,1,1,5,94,3,"[""Sample amenity 1"", ""Sample amenity 2"", ""Sample amenity 3"", ""Sample amenity 4"", ""Sample amenity 5"", ""Sample amenity 6"", ""Sample amenity 7"", ""Sample amenity 8""]",155.45
Sydney,Synthetic District 5,House,Entire place,f,f,t,-33.865322,151.223429,2,1,6,95,4,"[""Sample amenity 1"", ""Sample amenity 2"", ""Sample amenity 3"", ""Sample amenity 4"", ""Sample amenity 5"", ""Sample amenity 6"", ""Sample amenity 7"", ""Sample amenity 8"", ""Sample amenity 9""]",225.54
Sydney,Synthetic District 1,Guest suite,Entire place,t,t,f,-33.836991,151.193608,3,2,7,96,5,"[""Sample amenity 1"", ""Sample amenity 2"", ""Sample amenity 3"", ""Sample amenity 4"", ""Sample amenity 5"", ""Sample amenity 6"", ""Sample amenity 7"", ""Sample amenity 8"", ""Sample amenity 9"", ""Sample amenity 10""]",256.71
Sydney,Synthetic District 2,Entire apartment,Private room,f,f,t,-33.887139,151.247674,4,2,1,97,6,"[""Sample amenity 1"", ""Sample amenity 2"", ""Sample amenity 3"", ""Sample amenity 4"", ""Sample amenity 5"", ""Sample amenity 6"", ""Sample amenity 7"", ""Sample amenity 8"", ""Sample amenity 9"", ""Sample amenity 10"", ""Sample amenity 11""]",236.79
Sydney,Synthetic District 3,House,Entire place,t,f,t,-33.83961,151.248645,5,3,2,98,7,"[""Sample amenity 1"", ""Sample amenity 2"", ""Sample amenity 3"", ""Sample amenity 4"", ""Sample amenity 5"", ""Sample amenity 6"", ""Sample amenity 7"", ""Sample amenity 8"", ""Sample amenity 9"", ""Sample amenity 10"", ""Sample amenity 11"", ""Sample amenity 12""]",311.53
Sydney,Synthetic District 4,Guest suite,Entire place,f,f,t,-33.897062,151.189534,6,3,3,99,8,"[""Sample amenity 1"", ""Sample amenity 2"", ""Sample amenity 3"", ""Sample amenity 4"", ""Sample amenity 5"", ""Sample amenity 6"", ""Sample amenity 7"", ""Sample amenity 8"", ""Sample amenity 9"", ""Sample amenity 10"", ""Sample amenity 11"", ""Sample amenity 12"", ""Sample amenity 13""]",335.81
Sydney,Synthetic District 5,Entire apartment,Private room,t,t,t,-33.833511,151.177999,1,1,4,76,1,"[""Sample amenity 1"", ""Sample amenity 2"", ""Sample amenity 3"", ""Sample amenity 4"", ""Sample amenity 5"", ""Sample amenity 6"", ""Sample amenity 7"", ""Sample amenity 8"", ""Sample amenity 9"", ""Sample amenity 10"", ""Sample amenity 11"", ""Sample amenity 12"", ""Sample amenity 13"", ""Sample amenity 14""]",190.07
Sydney,Synthetic District 1,House,Entire place,f,f,f,-33.858543,151.220176,2,1,5,77,2,"[""Sample amenity 1"", ""Sample amenity 2"", ""Sample amenity 3"", ""Sample amenity 4"", ""Sample amenity 5"", ""Sample amenity 6"", ""Sample amenity 7"", ""Sample amenity 8"", ""Sample amenity 9"", ""Sample amenity 10"", ""Sample amenity 11"", ""Sample amenity 12"", ""Sample amenity 13"", ""Sample amenity 14"", ""Sample amenity 15""]",245.83
Sydney,Synthetic District 2,Guest suite,Entire place,t,f,t,-33.863172,151.1724,3,2,6,78,3,"[""Sample amenity 1"", ""Sample amenity 2"", ""Sample amenity 3"", ""Sample amenity 4"", ""Sample amenity 5"", ""Sample amenity 6"", ""Sample amenity 7"", ""Sample amenity 8"", ""Sample amenity 9"", ""Sample amenity 10"", ""Sample amenity 11"", ""Sample amenity 12"", ""Sample amenity 13"", ""Sample amenity 14"", ""Sample amenity 15"", ""Sample amenity 16""]",277.94
Sydney,Synthetic District 3,Entire apartment,Private room,f,f,t,-33.885404,151.241664,4,2,7,79,4,"[""Sample amenity 1"", ""Sample amenity 2"", ""Sample amenity 3"", ""Sample amenity 4"", ""Sample amenity 5"", ""Sample amenity 6"", ""Sample amenity 7"", ""Sample amenity 8"", ""Sample amenity 9"", ""Sample amenity 10"", ""Sample amenity 11"", ""Sample amenity 12"", ""Sample amenity 13"", ""Sample amenity 14"", ""Sample amenity 15"", ""Sample amenity 16"", ""Sample amenity 17""]",264.96
Sydney,Synthetic District 4,House,Entire place,t,t,t,-33.892365,151.239098,5,3,1,80,5,"[""Sample amenity 1"", ""Sample amenity 2"", ""Sample amenity 3"", ""Sample amenity 4""]",289.41
Sydney,Synthetic District 5,Guest suite,Entire place,f,f,t,-33.883257,151.200494,6,3,2,81,6,"[""Sample amenity 1"", ""Sample amenity 2"", ""Sample amenity 3"", ""Sample amenity 4"", ""Sample amenity 5""]",312.37
Sydney,Synthetic District 1,Entire apartment,Private room,t,f,f,-33.846395,151.208368,1,1,3,82,7,"[""Sample amenity 1"", ""Sample amenity 2"", ""Sample amenity 3"", ""Sample amenity 4"", ""Sample amenity 5"", ""Sample amenity 6""]",161.95
Sydney,Synthetic District 2,House,Entire place,f,f,t,-33.856281,151.232451,2,1,4,83,8,"[""Sample amenity 1"", ""Sample amenity 2"", ""Sample amenity 3"", ""Sample amenity 4"", ""Sample amenity 5"", ""Sample amenity 6"", ""Sample amenity 7""]",233.63
Sydney,Synthetic District 3,Guest suite,Entire place,t,t,t,-33.878351,151.212583,3,2,5,84,1,"[""Sample amenity 1"", ""Sample amenity 2"", ""Sample amenity 3"", ""Sample amenity 4"", ""Sample amenity 5"", ""Sample amenity 6"", ""Sample amenity 7"", ""Sample amenity 8""]",268.71
Sydney,Synthetic District 4,Entire apartment,Private room,f,f,t,-33.854968,151.237432,4,2,6,85,2,"[""Sample amenity 1"", ""Sample amenity 2"", ""Sample amenity 3"", ""Sample amenity 4"", ""Sample amenity 5"", ""Sample amenity 6"", ""Sample amenity 7"", ""Sample amenity 8"", ""Sample amenity 9""]",227.31
Sydney,Synthetic District 5,House,Entire place,t,f,t,-33.839286,151.242152,5,3,7,86,3,"[""Sample amenity 1"", ""Sample amenity 2"", ""Sample amenity 3"", ""Sample amenity 4"", ""Sample amenity 5"", ""Sample amenity 6"", ""Sample amenity 7"", ""Sample amenity 8"", ""Sample amenity 9"", ""Sample amenity 10""]",300.29
Sydney,Synthetic District 1,Guest suite,Entire place,f,f,f,-33.894054,151.243676,6,3,1,87,4,"[""Sample amenity 1"", ""Sample amenity 2"", ""Sample amenity 3"", ""Sample amenity 4"", ""Sample amenity 5"", ""Sample amenity 6"", ""Sample amenity 7"", ""Sample amenity 8"", ""Sample amenity 9"", ""Sample amenity 10"", ""Sample amenity 11""]",335.39
Sydney,Synthetic District 2,Entire apartment,Private room,t,t,t,-33.841217,151.196143,1,1,2,88,5,"[""Sample amenity 1"", ""Sample amenity 2"", ""Sample amenity 3"", ""Sample amenity 4"", ""Sample amenity 5"", ""Sample amenity 6"", ""Sample amenity 7"", ""Sample amenity 8"", ""Sample amenity 9"", ""Sample amenity 10"", ""Sample amenity 11"", ""Sample amenity 12""]",184.83
Sydney,Synthetic District 3,House,Entire place,f,f,t,-33.904212,151.175525,2,1,3,89,6,"[""Sample amenity 1"", ""Sample amenity 2"", ""Sample amenity 3"", ""Sample amenity 4"", ""Sample amenity 5"", ""Sample amenity 6"", ""Sample amenity 7"", ""Sample amenity 8"", ""Sample amenity 9"", ""Sample amenity 10"", ""Sample amenity 11"", ""Sample amenity 12"", ""Sample amenity 13""]",229.19
Sydney,Synthetic District 4,Guest suite,Entire place,t,f,t,-33.857407,151.232768,3,2,4,90,7,"[""Sample amenity 1"", ""Sample amenity 2"", ""Sample amenity 3"", ""Sample amenity 4"", ""Sample amenity 5"", ""Sample amenity 6"", ""Sample amenity 7"", ""Sample amenity 8"", ""Sample amenity 9"", ""Sample amenity 10"", ""Sample amenity 11"", ""Sample amenity 12"", ""Sample amenity 13"", ""Sample amenity 14""]",265.89
Sydney,Synthetic District 5,Entire apartment,Private room,f,f,t,-33.889201,151.23171,4,2,5,91,8,"[""Sample amenity 1"", ""Sample amenity 2"", ""Sample amenity 3"", ""Sample amenity 4"", ""Sample amenity 5"", ""Sample amenity 6"", ""Sample amenity 7"", ""Sample amenity 8"", ""Sample amenity 9"", ""Sample amenity 10"", ""Sample amenity 11"", ""Sample amenity 12"", ""Sample amenity 13"", ""Sample amenity 14"", ""Sample amenity 15""]",247.4
Sydney,Synthetic District 1,House,Entire place,t,t,f,-33.870371,151.171737,5,3,6,92,1,"[""Sample amenity 1"", ""Sample amenity 2"", ""Sample amenity 3"", ""Sample amenity 4"", ""Sample amenity 5"", ""Sample amenity 6"", ""Sample amenity 7"", ""Sample amenity 8"", ""Sample amenity 9"", ""Sample amenity 10"", ""Sample amenity 11"", ""Sample amenity 12"", ""Sample amenity 13"", ""Sample amenity 14"", ""Sample amenity 15"", ""Sample amenity 16""]",334.74
Sydney,Synthetic District 2,Guest suite,Entire place,f,f,t,-33.859068,151.22454,6,3,7,93,2,"[""Sample amenity 1"", ""Sample amenity 2"", ""Sample amenity 3"", ""Sample amenity 4"", ""Sample amenity 5"", ""Sample amenity 6"", ""Sample amenity 7"", ""Sample amenity 8"", ""Sample amenity 9"", ""Sample amenity 10"", ""Sample amenity 11"", ""Sample amenity 12"", ""Sample amenity 13"", ""Sample amenity 14"", ""Sample amenity 15"", ""Sample amenity 16"", ""Sample amenity 17""]",359.75
Sydney,Synthetic District 3,Entire apartment,Private room,t,f,t,-33.852176,151.191626,1,1,1,94,3,"[""Sample amenity 1"", ""Sample amenity 2"", ""Sample amenity 3"", ""Sample amenity 4""]",145.73
Sydney,Synthetic District 4,House,Entire place,f,f,t,-33.905545,151.241997,2,1,2,95,4,"[""Sample amenity 1"", ""Sample amenity 2"", ""Sample amenity 3"", ""Sample amenity 4"", ""Sample amenity 5""]",219.15
Sydney,Synthetic District 5,Guest suite,Entire place,t,t,t,-33.849341,151.173954,3,2,3,96,5,"[""Sample amenity 1"", ""Sample amenity 2"", ""Sample amenity 3"", ""Sample amenity 4"", ""Sample amenity 5"", ""Sample amenity 6""]",251.86
Sydney,Synthetic District 1,Entire apartment,Private room,f,f,f,-33.84305,151.237339,4,2,4,97,6,"[""Sample amenity 1"", ""Sample amenity 2"", ""Sample amenity 3"", ""Sample amenity 4"", ""Sample amenity 5"", ""Sample amenity 6"", ""Sample amenity 7""]",226.42
Sydney,Synthetic District 2,House,Entire place,t,f,t,-33.870654,151.210153,5,3,5,98,7,"[""Sample amenity 1"", ""Sample amenity 2"", ""Sample amenity 3"", ""Sample amenity 4"", ""Sample amenity 5"", ""Sample amenity 6"", ""Sample amenity 7"", ""Sample amenity 8""]",288.76
Sydney,Synthetic District 3,Guest suite,Entire place,f,f,t,-33.85057,151.20269,6,3,6,99,8,"[""Sample amenity 1"", ""Sample amenity 2"", ""Sample amenity 3"", ""Sample amenity 4"", ""Sample amenity 5"", ""Sample amenity 6"", ""Sample amenity 7"", ""Sample amenity 8"", ""Sample amenity 9""]",316.9
Sydney,Synthetic District 4,Entire apartment,Private room,t,t,t,-33.891843,151.216961,1,1,7,76,1,"[""Sample amenity 1"", ""Sample amenity 2"", ""Sample amenity 3"", ""Sample amenity 4"", ""Sample amenity 5"", ""Sample amenity 6"", ""Sample amenity 7"", ""Sample amenity 8"", ""Sample amenity 9"", ""Sample amenity 10""]",189.81
Sydney,Synthetic District 5,House,Entire place,f,f,t,-33.879391,151.170252,2,1,1,77,2,"[""Sample amenity 1"", ""Sample amenity 2"", ""Sample amenity 3"", ""Sample amenity 4"", ""Sample amenity 5"", ""Sample amenity 6"", ""Sample amenity 7"", ""Sample amenity 8"", ""Sample amenity 9"", ""Sample amenity 10"", ""Sample amenity 11""]",226.59
